co_municipio,no_municipio,cluster,nome_cluster
1100098,Espigão D'Oeste,1,alto desempenho urbano médio
1100338,Nova Mamoré,2,baixo desempenho rural pequeno
1100288,Rolim de Moura,1,alto desempenho urbano médio
1100403,Alto Paraíso,2,baixo desempenho rural pequeno
1100262,Rio Crespo,0,alto desempenho urbano pequeno
1100296,Santa Luzia D'Oeste,0,alto desempenho urbano pequeno
1100148,Nova Brasilândia D'Oeste,0,alto desempenho urbano pequeno
1100601,Cacaulândia,0,alto desempenho urbano pequeno
1100908,Castanheiras,0,alto desempenho urbano pequeno
1100502,Novo Horizonte do Oeste,0,alto desempenho urbano pequeno
1100346,Alvorada D'Oeste,2,baixo desempenho rural pequeno
1101757,Vale do Anari,2,baixo desempenho rural pequeno
1100106,Guajará-Mirim,1,alto desempenho urbano médio
1100809,Candeias do Jamari,2,baixo desempenho rural pequeno
1100452,Buritis,2,baixo desempenho rural pequeno
1100130,Machadinho D'Oeste,2,baixo desempenho rural pequeno
1101609,Theobroma,2,baixo desempenho rural pequeno
1101484,São Felipe D'Oeste,0,alto desempenho urbano pequeno
1101468,Pimenteiras do Oeste,0,alto desempenho urbano pequeno
1101807,Vale do Paraíso,0,alto desempenho urbano pequeno
1100072,Corumbiara,0,alto desempenho urbano pequeno
1100056,Cerejeiras,0,alto desempenho urbano pequeno
1100700,Campo Novo de Rondônia,2,baixo desempenho rural pequeno
1101302,Mirante da Serra,0,alto desempenho urbano pequeno
1101450,Parecis,0,alto desempenho urbano pequeno
1101435,Nova União,2,baixo desempenho rural pequeno
1100254,Presidente Médici,0,alto desempenho urbano pequeno
1100023,Ariquemes,1,alto desempenho urbano médio
1100064,Colorado do Oeste,0,alto desempenho urbano pequeno
1100049,Cacoal,1,alto desempenho urbano médio
1101500,Seringueiras,2,baixo desempenho rural pequeno
1100114,Jaru,1,alto desempenho urbano médio
1100205,Porto Velho,1,alto desempenho urbano médio
1100015,Alta Floresta D'Oeste,2,baixo desempenho rural pequeno
1101005,Governador Jorge Teixeira,2,baixo desempenho rural pequeno
1100304,Vilhena,1,alto desempenho urbano médio
1101492,São Francisco do Guaporé,2,baixo desempenho rural pequeno
1100320,São Miguel do Guaporé,2,baixo desempenho rural pequeno
1100031,Cabixi,0,alto desempenho urbano pequeno
1100379,Alto Alegre dos Parecis,2,baixo desempenho rural pequeno
1100189,Pimenta Bueno,1,alto desempenho urbano médio
1101708,Urupá,2,baixo desempenho rural pequeno
1101559,Teixeirópolis,0,alto desempenho urbano pequeno
1100155,Ouro Preto do Oeste,1,alto desempenho urbano médio
1101401,Monte Negro,2,baixo desempenho rural pequeno
1101203,Ministro Andreazza,0,alto desempenho urbano pequeno
1100940,Cujubim,2,baixo desempenho rural pequeno
1100080,Costa Marques,2,baixo desempenho rural pequeno
1100924,Chupinguaia,0,alto desempenho urbano pequeno
1100122,Ji-Paraná,1,alto desempenho urbano médio
1101476,Primavera de Rondônia,0,alto desempenho urbano pequeno
1101104,Itapuã do Oeste,0,alto desempenho urbano pequeno
1200393,Porto Walter,2,baixo desempenho rural pequeno
1200708,Xapuri,2,baixo desempenho rural pequeno
1200104,Brasiléia,2,baixo desempenho rural pequeno
1200252,Epitaciolândia,2,baixo desempenho rural pequeno
1200351,Marechal Thaumaturgo,2,baixo desempenho rural pequeno
1200500,Sena Madureira,2,baixo desempenho rural pequeno
1200336,Mâncio Lima,2,baixo desempenho rural pequeno
1200013,Acrelândia,2,baixo desempenho rural pequeno
1200328,Jordão,2,baixo desempenho rural pequeno
1200344,Manoel Urbano,2,baixo desempenho rural pequeno
1200435,Santa Rosa do Purus,2,baixo desempenho rural pequeno
1200054,Assis Brasil,2,baixo desempenho rural pequeno
1200203,Cruzeiro do Sul,1,alto desempenho urbano médio
1200302,Feijó,2,baixo desempenho rural pequeno
1200609,Tarauacá,2,baixo desempenho rural pequeno
1200807,Porto Acre,2,baixo desempenho rural pequeno
1200385,Plácido de Castro,2,baixo desempenho rural pequeno
1200179,Capixaba,2,baixo desempenho rural pequeno
1200450,Senador Guiomard,2,baixo desempenho rural pequeno
1200401,Rio Branco,1,alto desempenho urbano médio
1200138,Bujari,2,baixo desempenho rural pequeno
1200427,Rodrigues Alves,2,baixo desempenho rural pequeno
1304005,Silves,2,baixo desempenho rural pequeno
1304401,Urucurituba,2,baixo desempenho rural pequeno
1300607,Benjamin Constant,2,baixo desempenho rural pequeno
1300631,Beruri,2,baixo desempenho rural pequeno
1301100,Careiro,2,baixo desempenho rural pequeno
1301506,Envira,2,baixo desempenho rural pequeno
1301803,Ipixuna,2,baixo desempenho rural pequeno
1304203,Tefé,1,alto desempenho urbano médio
1300839,Caapiranga,2,baixo desempenho rural pequeno
1304260,Uarini,2,baixo desempenho rural pequeno
1301407,Eirunepé,2,baixo desempenho rural pequeno
1302801,Maraã,2,baixo desempenho rural pequeno
1300680,Boa Vista do Ramos,2,baixo desempenho rural pequeno
1301605,Fonte Boa,2,baixo desempenho rural pequeno
1303601,Santa Isabel do Rio Negro,2,baixo desempenho rural pequeno
1302009,Itapiranga,2,baixo desempenho rural pequeno
1300805,Borba,2,baixo desempenho rural pequeno
1300508,Barreirinha,2,baixo desempenho rural pequeno
1300086,Anamã,2,baixo desempenho rural pequeno
1303908,São Paulo de Olivença,2,baixo desempenho rural pequeno
1303536,Presidente Figueiredo,2,baixo desempenho rural pequeno
1303569,Rio Preto da Eva,2,baixo desempenho rural pequeno
1302306,Jutaí,2,baixo desempenho rural pequeno
1303809,São Gabriel da Cachoeira,2,baixo desempenho rural pequeno
1301159,Careiro da Várzea,2,baixo desempenho rural pequeno
1301209,Coari,1,alto desempenho urbano médio
1303502,Pauini,2,baixo desempenho rural pequeno
1300029,Alvarães,2,baixo desempenho rural pequeno
1302207,Juruá,2,baixo desempenho rural pequeno
1304062,Tabatinga,2,baixo desempenho rural pequeno
1301308,Codajás,2,baixo desempenho rural pequeno
1302504,Manacapuru,1,alto desempenho urbano médio
1301852,Iranduba,1,alto desempenho urbano médio
1300300,Autazes,2,baixo desempenho rural pequeno
1304237,Tonantins,2,baixo desempenho rural pequeno
1301902,Itacoatiara,1,alto desempenho urbano médio
1302553,Manaquiri,2,baixo desempenho rural pequeno
1301001,Carauari,2,baixo desempenho rural pequeno
1300409,Barcelos,2,baixo desempenho rural pequeno
1304104,Tapauá,2,baixo desempenho rural pequeno
1300904,Canutama,2,baixo desempenho rural pequeno
1301704,Humaitá,2,baixo desempenho rural pequeno
1303106,Nova Olinda do Norte,2,baixo desempenho rural pequeno
1302603,Manaus,1,alto desempenho urbano médio
1302702,Manicoré,2,baixo desempenho rural pequeno
1303403,Parintins,1,alto desempenho urbano médio
1303957,São Sebastião do Uatumã,2,baixo desempenho rural pequeno
1302900,Maués,2,baixo desempenho rural pequeno
1300201,Atalaia do Norte,2,baixo desempenho rural pequeno
1300144,Apuí,2,baixo desempenho rural pequeno
1304302,Urucará,2,baixo desempenho rural pequeno
1300706,Boca do Acre,2,baixo desempenho rural pequeno
1303700,Santo Antônio do Içá,2,baixo desempenho rural pequeno
1301654,Guajará,2,baixo desempenho rural pequeno
1300060,Amaturá,2,baixo desempenho rural pequeno
1302405,Lábrea,2,baixo desempenho rural pequeno
1303007,Nhamundá,2,baixo desempenho rural pequeno
1301951,Itamarati,2,baixo desempenho rural pequeno
1300102,Anori,2,baixo desempenho rural pequeno
1303205,Novo Airão,2,baixo desempenho rural pequeno
1302108,Japurá,2,baixo desempenho rural pequeno
1303304,Novo Aripuanã,2,baixo desempenho rural pequeno
1400282,Iracema,2,baixo desempenho rural pequeno
1400209,Caracaraí,2,baixo desempenho rural pequeno
1400027,Amajari,2,baixo desempenho rural pequeno
1400456,Pacaraima,2,baixo desempenho rural pequeno
1400050,Alto Alegre,2,baixo desempenho rural pequeno
1400100,Boa Vista,1,alto desempenho urbano médio
1400233,Caroebe,2,baixo desempenho rural pequeno
1400175,Cantá,2,baixo desempenho rural pequeno
1400308,Mucajaí,2,baixo desempenho rural pequeno
1400704,Uiramutã,2,baixo desempenho rural pequeno
1400472,Rorainópolis,2,baixo desempenho rural pequeno
1400605,São Luiz,2,baixo desempenho rural pequeno
1400506,São João da Baliza,2,baixo desempenho rural pequeno
1400159,Bonfim,2,baixo desempenho rural pequeno
1400407,Normandia,2,baixo desempenho rural pequeno
1502905,Curuçá,2,baixo desempenho rural pequeno
1506609,Santa Maria do Pará,2,baixo desempenho rural pequeno
1503101,Gurupá,2,baixo desempenho rural pequeno
1502400,Castanhal,1,alto desempenho urbano médio
1501253,Bannach,2,baixo desempenho rural pequeno
1502608,Colares,2,baixo desempenho rural pequeno
1507300,São Félix do Xingu,2,baixo desempenho rural pequeno
1505551,Pau D'Arco,2,baixo desempenho rural pequeno
1503754,Jacareacanga,2,baixo desempenho rural pequeno
1505650,Placas,2,baixo desempenho rural pequeno
1505205,Oeiras do Pará,2,baixo desempenho rural pequeno
1503408,Inhangapi,2,baixo desempenho rural pequeno
1502806,Curralinho,2,baixo desempenho rural pequeno
1507003,Santo Antônio do Tauá,2,baixo desempenho rural pequeno
1500701,Anajás,2,baixo desempenho rural pequeno
1501204,Baião,2,baixo desempenho rural pequeno
1500347,Água Azul do Norte,2,baixo desempenho rural pequeno
1504406,Marapanim,2,baixo desempenho rural pequeno
1508209,Vigia,2,baixo desempenho rural pequeno
1507474,São João de Pirabas,2,baixo desempenho rural pequeno
1500305,Afuá,2,baixo desempenho rural pequeno
1501782,Breu Branco,2,baixo desempenho rural pequeno
1507201,São Domingos do Capim,2,baixo desempenho rural pequeno
1500503,Almeirim,2,baixo desempenho rural pequeno
1504703,Moju,2,baixo desempenho rural pequeno
1504604,Mocajuba,2,baixo desempenho rural pequeno
1507102,São Caetano de Odivelas,2,baixo desempenho rural pequeno
1507805,Senador José Porfírio,2,baixo desempenho rural pequeno
1503200,Igarapé-Açu,2,baixo desempenho rural pequeno
1500958,Aurora do Pará,2,baixo desempenho rural pequeno
1505494,Palestina do Pará,2,baixo desempenho rural pequeno
1508308,Viseu,2,baixo desempenho rural pequeno
1507508,São João do Araguaia,2,baixo desempenho rural pequeno
1505304,Oriximiná,1,alto desempenho urbano médio
1504901,Muaná,2,baixo desempenho rural pequeno
1500404,Alenquer,2,baixo desempenho rural pequeno
1504950,Nova Esperança do Piriá,2,baixo desempenho rural pequeno
1503309,Igarapé-Miri,2,baixo desempenho rural pequeno
1505486,Pacajá,2,baixo desempenho rural pequeno
1507409,São Francisco do Pará,2,baixo desempenho rural pequeno
1507466,São João da Ponta,2,baixo desempenho rural pequeno
1508100,Tucuruí,1,alto desempenho urbano médio
1501600,Bonito,2,baixo desempenho rural pequeno
1507953,Tailândia,2,baixo desempenho rural pequeno
1504505,Melgaço,2,baixo desempenho rural pequeno
1503077,Garrafão do Norte,2,baixo desempenho rural pequeno
1506351,Santa Bárbara do Pará,2,baixo desempenho rural pequeno
1502855,Curuá,2,baixo desempenho rural pequeno
1500206,Acará,2,baixo desempenho rural pequeno
1500909,Augusto Corrêa,2,baixo desempenho rural pequeno
1505700,Ponta de Pedras,2,baixo desempenho rural pequeno
1502707,Conceição do Araguaia,1,alto desempenho urbano médio
1507607,São Miguel do Guamá,2,baixo desempenho rural pequeno
1500107,Abaetetuba,1,alto desempenho urbano médio
1502103,Cametá,2,baixo desempenho rural pequeno
1503457,Ipixuna do Pará,2,baixo desempenho rural pequeno
1503804,Jacundá,2,baixo desempenho rural pequeno
1502756,Concórdia do Pará,2,baixo desempenho rural pequeno
1506500,Santa Izabel do Pará,1,alto desempenho urbano médio
1507961,Terra Alta,2,baixo desempenho rural pequeno
1506161,Rio Maria,2,baixo desempenho rural pequeno
1503705,Itupiranga,2,baixo desempenho rural pequeno
1501709,Bragança,1,alto desempenho urbano médio
1506203,Salinópolis,1,alto desempenho urbano médio
1501808,Breves,2,baixo desempenho rural pequeno
1504976,Nova Ipixuna,2,baixo desempenho rural pequeno
1505809,Portel,2,baixo desempenho rural pequeno
1503507,Irituia,2,baixo desempenho rural pequeno
1502509,Chaves,2,baixo desempenho rural pequeno
1503093,Goianésia do Pará,2,baixo desempenho rural pequeno
1507151,São Domingos do Araguaia,2,baixo desempenho rural pequeno
1504059,Mãe do Rio,2,baixo desempenho rural pequeno
1507458,São Geraldo do Araguaia,2,baixo desempenho rural pequeno
1500602,Altamira,1,alto desempenho urbano médio
1501303,Barcarena,1,alto desempenho urbano médio
1501105,Bagre,2,baixo desempenho rural pequeno
1508001,Tomé-Açu,2,baixo desempenho rural pequeno
1507706,São Sebastião da Boa Vista,2,baixo desempenho rural pequeno
1501402,Belém,1,alto desempenho urbano médio
1503044,Floresta do Araguaia,2,baixo desempenho rural pequeno
1504000,Limoeiro do Ajuru,2,baixo desempenho rural pequeno
1501956,Cachoeira do Piriá,2,baixo desempenho rural pequeno
1505403,Ourém,2,baixo desempenho rural pequeno
1505106,Óbidos,2,baixo desempenho rural pequeno
1503903,Juruti,2,baixo desempenho rural pequeno
1506112,Quatipuru,2,baixo desempenho rural pequeno
1504455,Medicilândia,2,baixo desempenho rural pequeno
1508035,Tracuateua,2,baixo desempenho rural pequeno
1505437,Ourilândia do Norte,2,baixo desempenho rural pequeno
1506104,Primavera,2,baixo desempenho rural pequeno
1500859,Anapu,2,baixo desempenho rural pequeno
1502764,Cumaru do Norte,2,baixo desempenho rural pequeno
1508407,Xinguara,1,alto desempenho urbano médio
1505007,Nova Timboteua,2,baixo desempenho rural pequeno
1506401,Santa Cruz do Arari,2,baixo desempenho rural pequeno
1502301,Capitão Poço,2,baixo desempenho rural pequeno
1502772,Curionópolis,2,baixo desempenho rural pequeno
1501907,Bujaru,2,baixo desempenho rural pequeno
1503002,Faro,2,baixo desempenho rural pequeno
1502004,Cachoeira do Arari,2,baixo desempenho rural pequeno
1506906,Santarém Novo,2,baixo desempenho rural pequeno
1506302,Salvaterra,2,baixo desempenho rural pequeno
1504208,Marabá,1,alto desempenho urbano médio
1502954,Eldorado do Carajás,2,baixo desempenho rural pequeno
1504802,Monte Alegre,2,baixo desempenho rural pequeno
1505536,Parauapebas,1,alto desempenho urbano médio
1506583,Santa Maria das Barreiras,2,baixo desempenho rural pequeno
1504109,Magalhães Barata,2,baixo desempenho rural pequeno
1505601,Peixe-Boi,2,baixo desempenho rural pequeno
1506138,Redenção,1,alto desempenho urbano médio
1506807,Santarém,1,alto desempenho urbano médio
1504752,Mojuí dos Campos,2,baixo desempenho rural pequeno
1506708,Santana do Araguaia,2,baixo desempenho rural pequeno
1505064,Novo Repartimento,2,baixo desempenho rural pequeno
1506559,Santa Luzia do Pará,2,baixo desempenho rural pequeno
1504422,Marituba,1,alto desempenho urbano médio
1506005,Prainha,2,baixo desempenho rural pequeno
1501006,Aveiro,2,baixo desempenho rural pequeno
1505635,Piçarra,2,baixo desempenho rural pequeno
1501576,Bom Jesus do Tocantins,2,baixo desempenho rural pequeno
1506195,Rurópolis,2,baixo desempenho rural pequeno
1502939,Dom Eliseu,2,baixo desempenho rural pequeno
1508084,Tucumã,1,alto desempenho urbano médio
1500800,Ananindeua,1,alto desempenho urbano médio
1500131,Abel Figueiredo,2,baixo desempenho rural pequeno
1506187,Rondon do Pará,2,baixo desempenho rural pequeno
1501501,Benevides,1,alto desempenho urbano médio
1503606,Itaituba,1,alto desempenho urbano médio
1505031,Novo Progresso,1,alto desempenho urbano médio
1501451,Belterra,2,baixo desempenho rural pequeno
1508357,Vitória do Xingu,2,baixo desempenho rural pequeno
1508126,Ulianópolis,2,baixo desempenho rural pequeno
1502202,Capanema,1,alto desempenho urbano médio
1502152,Canaã dos Carajás,1,alto desempenho urbano médio
1501758,Brejo Grande do Araguaia,2,baixo desempenho rural pequeno
1505502,Paragominas,1,alto desempenho urbano médio
1507904,Soure,2,baixo desempenho rural pequeno
1508159,Uruará,2,baixo desempenho rural pequeno
1504307,Maracanã,2,baixo desempenho rural pequeno
1507979,Terra Santa,2,baixo desempenho rural pequeno
1508050,Trairão,2,baixo desempenho rural pequeno
1501725,Brasil Novo,2,baixo desempenho rural pequeno
1505908,Porto de Moz,2,baixo desempenho rural pequeno
1507755,Sapucaia,2,baixo desempenho rural pequeno
1600501,Oiapoque,2,baixo desempenho rural pequeno
1600808,Vitória do Jari,2,baixo desempenho rural pequeno
1600402,Mazagão,2,baixo desempenho rural pequeno
1600105,Amapá,2,baixo desempenho rural pequeno
1600709,Tartarugalzinho,2,baixo desempenho rural pequeno
1600055,Serra do Navio,0,alto desempenho urbano pequeno
1600204,Calçoene,2,baixo desempenho rural pequeno
1600550,Pracuúba,2,baixo desempenho rural pequeno
1600279,Laranjal do Jari,2,baixo desempenho rural pequeno
1600600,Santana,1,alto desempenho urbano médio
1600303,Macapá,1,alto desempenho urbano médio
1600212,Cutias,2,baixo desempenho rural pequeno
1600253,Itaubal,2,baixo desempenho rural pequeno
1600535,Porto Grande,2,baixo desempenho rural pequeno
1600154,Pedra Branca do Amapari,2,baixo desempenho rural pequeno
1600238,Ferreira Gomes,2,baixo desempenho rural pequeno
1703800,Buriti do Tocantins,2,baixo desempenho rural pequeno
1718501,Recursolândia,2,baixo desempenho rural pequeno
1716307,Pau D'Arco,0,alto desempenho urbano pequeno
1718006,Porto Alegre do Tocantins,0,alto desempenho urbano pequeno
1715705,Palmeirante,2,baixo desempenho rural pequeno
1717800,Ponte Alta do Bom Jesus,2,baixo desempenho rural pequeno
1707702,Filadélfia,2,baixo desempenho rural pequeno
1703073,Barra do Ouro,2,baixo desempenho rural pequeno
1709005,Goiatins,2,baixo desempenho rural pequeno
1703842,Campos Lindos,2,baixo desempenho rural pequeno
1700400,Almas,2,baixo desempenho rural pequeno
1703867,Cariri do Tocantins,0,alto desempenho urbano pequeno
1703909,Caseara,0,alto desempenho urbano pequeno
1718865,Santa Fé do Araguaia,2,baixo desempenho rural pequeno
1718303,Praia Norte,2,baixo desempenho rural pequeno
1713809,Palmeiras do Tocantins,2,baixo desempenho rural pequeno
1713957,Muricilândia,2,baixo desempenho rural pequeno
1718659,Rio da Conceição,2,baixo desempenho rural pequeno
1718709,Rio dos Bois,0,alto desempenho urbano pequeno
1712801,Maurilândia do Tocantins,2,baixo desempenho rural pequeno
1703008,Babaçulândia,2,baixo desempenho rural pequeno
1718550,Riachinho,2,baixo desempenho rural pequeno
1718907,Santa Rosa do Tocantins,2,baixo desempenho rural pequeno
1718451,Pugmil,0,alto desempenho urbano pequeno
1711951,Lagoa do Tocantins,2,baixo desempenho rural pequeno
1722107,Xambioá,0,alto desempenho urbano pequeno
1715259,Novo Jardim,2,baixo desempenho rural pequeno
1717503,Pium,2,baixo desempenho rural pequeno
1704105,Centenário,2,baixo desempenho rural pequeno
1712504,Marianópolis do Tocantins,0,alto desempenho urbano pequeno
1718881,Santa Maria do Tocantins,0,alto desempenho urbano pequeno
1701309,Aragominas,2,baixo desempenho rural pequeno
1721307,Tupiratins,0,alto desempenho urbano pequeno
1703883,Carmolândia,0,alto desempenho urbano pequeno
1712454,Luzinópolis,0,alto desempenho urbano pequeno
1700301,Aguiarnópolis,0,alto desempenho urbano pequeno
1714880,Nova Olinda,2,baixo desempenho rural pequeno
1717206,Piraquê,0,alto desempenho urbano pequeno
1703305,Bom Jesus do Tocantins,0,alto desempenho urbano pequeno
1711902,Lagoa da Confusão,2,baixo desempenho rural pequeno
1709807,Ipueiras,0,alto desempenho urbano pequeno
1720309,São Sebastião do Tocantins,2,baixo desempenho rural pequeno
1720200,São Miguel do Tocantins,2,baixo desempenho rural pequeno
1714203,Natividade,0,alto desempenho urbano pequeno
1705607,Conceição do Tocantins,2,baixo desempenho rural pequeno
1712702,Mateiros,2,baixo desempenho rural pequeno
1718758,Rio Sono,2,baixo desempenho rural pequeno
1703826,Cachoeirinha,0,alto desempenho urbano pequeno
1713700,Monte Santo do Tocantins,0,alto desempenho urbano pequeno
1706258,Crixás do Tocantins,0,alto desempenho urbano pequeno
1703602,Brasilândia do Tocantins,0,alto desempenho urbano pequeno
1702901,Axixá do Tocantins,2,baixo desempenho rural pequeno
1701101,Aparecida do Rio Negro,0,alto desempenho urbano pequeno
1706506,Darcinópolis,2,baixo desempenho rural pequeno
1715002,Nova Rosalândia,0,alto desempenho urbano pequeno
1710706,Itaguatins,2,baixo desempenho rural pequeno
1702406,Arraias,2,baixo desempenho rural pequeno
1703891,Carrasco Bonito,2,baixo desempenho rural pequeno
1721208,Tocantinópolis,2,baixo desempenho rural pequeno
1722081,Wanderlândia,2,baixo desempenho rural pequeno
1716653,Pequizeiro,0,alto desempenho urbano pequeno
1702109,Araguaína,1,alto desempenho urbano médio
1710904,Itapiratins,0,alto desempenho urbano pequeno
1720655,Silvanópolis,0,alto desempenho urbano pequeno
1711803,Juarina,0,alto desempenho urbano pequeno
1707306,Dueré,0,alto desempenho urbano pequeno
1702208,Araguatins,2,baixo desempenho rural pequeno
1721257,Tupirama,0,alto desempenho urbano pequeno
1709302,Guaraí,1,alto desempenho urbano médio
1703057,Bandeirantes do Tocantins,0,alto desempenho urbano pequeno
1702307,Arapoema,0,alto desempenho urbano pequeno
1720903,Taguatinga,2,baixo desempenho rural pequeno
1703701,Brejinho de Nazaré,0,alto desempenho urbano pequeno
1702158,Araguanã,2,baixo desempenho rural pequeno
1715101,Novo Acordo,2,baixo desempenho rural pequeno
1707108,Divinópolis do Tocantins,0,alto desempenho urbano pequeno
1701903,Araguacema,0,alto desempenho urbano pequeno
1720804,Sítio Novo do Tocantins,2,baixo desempenho rural pequeno
1701051,Angico,0,alto desempenho urbano pequeno
1701002,Ananás,0,alto desempenho urbano pequeno
1707405,Esperantina,2,baixo desempenho rural pequeno
1712009,Lajeado,0,alto desempenho urbano pequeno
1713205,Miracema do Tocantins,1,alto desempenho urbano médio
1716208,Paranã,2,baixo desempenho rural pequeno
1712405,Lizarda,2,baixo desempenho rural pequeno
1721109,Tocantínia,2,baixo desempenho rural pequeno
1720101,São Bento do Tocantins,2,baixo desempenho rural pequeno
1718808,Sampaio,2,baixo desempenho rural pequeno
1709500,Gurupi,1,alto desempenho urbano médio
1720978,Talismã,0,alto desempenho urbano pequeno
1702000,Araguaçu,0,alto desempenho urbano pequeno
1718840,Sandolândia,0,alto desempenho urbano pequeno
1714302,Nazaré,0,alto desempenho urbano pequeno
1716604,Peixe,0,alto desempenho urbano pequeno
1706100,Cristalândia,0,alto desempenho urbano pequeno
1717008,Pindorama do Tocantins,0,alto desempenho urbano pequeno
1717909,Ponte Alta do Tocantins,2,baixo desempenho rural pequeno
1700707,Alvorada,0,alto desempenho urbano pequeno
1715754,Palmeirópolis,0,alto desempenho urbano pequeno
1720259,São Salvador do Tocantins,2,baixo desempenho rural pequeno
1706001,Couto Magalhães,2,baixo desempenho rural pequeno
1719004,Santa Tereza do Tocantins,0,alto desempenho urbano pequeno
1707207,Dois Irmãos do Tocantins,2,baixo desempenho rural pequeno
1708254,Tabocão,0,alto desempenho urbano pequeno
1705102,Chapada da Natividade,0,alto desempenho urbano pequeno
1716703,Colméia,0,alto desempenho urbano pequeno
1715507,Oliveira de Fátima,0,alto desempenho urbano pequeno
1702554,Augustinópolis,2,baixo desempenho rural pequeno
1704600,Chapada de Areia,0,alto desempenho urbano pequeno
1705508,Colinas do Tocantins,1,alto desempenho urbano médio
1707009,Dianópolis,2,baixo desempenho rural pequeno
1716505,Pedro Afonso,0,alto desempenho urbano pequeno
1702703,Aurora do Tocantins,0,alto desempenho urbano pequeno
1703206,Bernardo Sayão,0,alto desempenho urbano pequeno
1713304,Miranorte,0,alto desempenho urbano pequeno
1707553,Fátima,0,alto desempenho urbano pequeno
1708304,Goianorte,0,alto desempenho urbano pequeno
1720937,Taipas do Tocantins,0,alto desempenho urbano pequeno
1720002,Santa Terezinha do Tocantins,0,alto desempenho urbano pequeno
1718204,Porto Nacional,1,alto desempenho urbano médio
1721000,Palmas,1,alto desempenho urbano médio
1703107,Barrolândia,0,alto desempenho urbano pequeno
1711506,Jaú do Tocantins,0,alto desempenho urbano pequeno
1716109,Paraíso do Tocantins,1,alto desempenho urbano médio
1710508,Itacajá,2,baixo desempenho rural pequeno
1700251,Abreulândia,0,alto desempenho urbano pequeno
1705557,Combinado,0,alto desempenho urbano pequeno
1707652,Figueirópolis,0,alto desempenho urbano pequeno
1718899,Santa Rita do Tocantins,0,alto desempenho urbano pequeno
1708205,Formoso do Araguaia,2,baixo desempenho rural pequeno
1711100,Itaporã do Tocantins,0,alto desempenho urbano pequeno
1720499,São Valério,0,alto desempenho urbano pequeno
1712157,Lavandeira,0,alto desempenho urbano pequeno
1713601,Monte do Carmo,2,baixo desempenho rural pequeno
1718402,Presidente Kennedy,0,alto desempenho urbano pequeno
1715150,Novo Alegre,0,alto desempenho urbano pequeno
1720853,Sucupira,0,alto desempenho urbano pequeno
1720150,São Félix do Tocantins,2,baixo desempenho rural pequeno
1700350,Aliança do Tocantins,0,alto desempenho urbano pequeno
2109502,Riachão,2,baixo desempenho rural pequeno
2111250,São José dos Basílios,2,baixo desempenho rural pequeno
2101939,Bernardo do Mearim,2,baixo desempenho rural pequeno
2110658,São Domingos do Azeitão,2,baixo desempenho rural pequeno
2100550,Amapá do Maranhão,2,baixo desempenho rural pequeno
2111078,São João do Soter,2,baixo desempenho rural pequeno
2108702,Pio XII,2,baixo desempenho rural pequeno
2104081,Fernando Falcão,2,baixo desempenho rural pequeno
2111003,São João Batista,2,baixo desempenho rural pequeno
2102309,Buriti Bravo,2,baixo desempenho rural pequeno
2111763,Senador La Rocque,2,baixo desempenho rural pequeno
2100832,Apicum-Açu,2,baixo desempenho rural pequeno
2102150,Brejo de Areia,2,baixo desempenho rural pequeno
2110278,Santo Amaro do Maranhão,2,baixo desempenho rural pequeno
2111532,São Pedro da Água Branca,2,baixo desempenho rural pequeno
2101905,Bequimão,2,baixo desempenho rural pequeno
2111052,São João do Paraíso,2,baixo desempenho rural pequeno
2108405,Peri Mirim,2,baixo desempenho rural pequeno
2105500,João Lisboa,2,baixo desempenho rural pequeno
2112274,Tufilândia,2,baixo desempenho rural pequeno
2106706,Mirador,2,baixo desempenho rural pequeno
2102754,Capinzal do Norte,2,baixo desempenho rural pequeno
2100477,Alto Alegre do Pindaré,2,baixo desempenho rural pequeno
2109759,Santa Filomena do Maranhão,2,baixo desempenho rural pequeno
2109205,Presidente Juscelino,2,baixo desempenho rural pequeno
2112506,Tutóia,2,baixo desempenho rural pequeno
2112308,Tuntum,2,baixo desempenho rural pequeno
2102325,Buriticupu,2,baixo desempenho rural pequeno
2106102,Loreto,2,baixo desempenho rural pequeno
2101400,Balsas,1,alto desempenho urbano médio
2100055,Açailândia,1,alto desempenho urbano médio
2103174,Centro Novo do Maranhão,2,baixo desempenho rural pequeno
2103802,Dom Pedro,2,baixo desempenho rural pequeno
2111573,São Pedro dos Crentes,2,baixo desempenho rural pequeno
2104206,Fortuna,2,baixo desempenho rural pequeno
2108504,Pindaré-Mirim,2,baixo desempenho rural pequeno
2102374,Cachoeira Grande,2,baixo desempenho rural pequeno
2112407,Turiaçu,2,baixo desempenho rural pequeno
2107605,Palmeirândia,2,baixo desempenho rural pequeno
2104800,Grajaú,1,alto desempenho urbano médio
2101509,Barão de Grajaú,2,baixo desempenho rural pequeno
2111805,Sítio Novo,2,baixo desempenho rural pequeno
2112100,Timbiras,2,baixo desempenho rural pequeno
2103604,Coroatá,2,baixo desempenho rural pequeno
2110708,São Domingos do Maranhão,2,baixo desempenho rural pequeno
2110807,São Félix de Balsas,2,baixo desempenho rural pequeno
2109304,Presidente Vargas,2,baixo desempenho rural pequeno
2103554,Conceição do Lago-Açu,2,baixo desempenho rural pequeno
2103000,Caxias,1,alto desempenho urbano médio
2102804,Carolina,2,baixo desempenho rural pequeno
2104404,Gonçalves Dias,2,baixo desempenho rural pequeno
2112001,Tasso Fragoso,2,baixo desempenho rural pequeno
2105302,Imperatriz,1,alto desempenho urbano médio
2104107,Fortaleza dos Nogueiras,2,baixo desempenho rural pequeno
2102200,Buriti,2,baixo desempenho rural pequeno
2101202,Bacabal,1,alto desempenho urbano médio
2100600,Amarante do Maranhão,2,baixo desempenho rural pequeno
2100501,Alto Parnaíba,2,baixo desempenho rural pequeno
2109908,Santa Inês,1,alto desempenho urbano médio
2110401,São Benedito do Rio Preto,2,baixo desempenho rural pequeno
2103307,Codó,1,alto desempenho urbano médio
2105476,Jenipapo dos Vieiras,2,baixo desempenho rural pequeno
2103208,Chapadinha,2,baixo desempenho rural pequeno
2111300,São Luís,1,alto desempenho urbano médio
2111672,São Roberto,2,baixo desempenho rural pequeno
2112902,Vitória do Mearim,2,baixo desempenho rural pequeno
2111904,Sucupira do Norte,2,baixo desempenho rural pequeno
2101707,Barreirinhas,2,baixo desempenho rural pequeno
2102101,Brejo,2,baixo desempenho rural pequeno
2110906,São Francisco do Maranhão,2,baixo desempenho rural pequeno
2107506,Paço do Lumiar,1,alto desempenho urbano médio
2113009,Vitorino Freire,2,baixo desempenho rural pequeno
2106904,Monção,2,baixo desempenho rural pequeno
2101251,Bacabeira,2,baixo desempenho rural pequeno
2101772,Bela Vista do Maranhão,2,baixo desempenho rural pequeno
2106300,Magalhães de Almeida,2,baixo desempenho rural pequeno
2110302,Santo Antônio dos Lopes,2,baixo desempenho rural pequeno
2105401,Itapecuru Mirim,2,baixo desempenho rural pequeno
2108603,Pinheiro,1,alto desempenho urbano médio
2102705,Cantanhede,2,baixo desempenho rural pequeno
2107209,Nina Rodrigues,2,baixo desempenho rural pequeno
2102507,Cajari,2,baixo desempenho rural pequeno
2104602,Governador Eugênio Barros,2,baixo desempenho rural pequeno
2111102,São João dos Patos,2,baixo desempenho rural pequeno
2107407,Olho d'Água das Cunhãs,2,baixo desempenho rural pequeno
2110005,Santa Luzia,2,baixo desempenho rural pequeno
2109551,Ribamar Fiquene,2,baixo desempenho rural pequeno
2109106,Presidente Dutra,1,alto desempenho urbano médio
2106755,Miranda do Norte,2,baixo desempenho rural pequeno
2105609,Joselândia,2,baixo desempenho rural pequeno
2104057,Estreito,1,alto desempenho urbano médio
2101806,Benedito Leite,2,baixo desempenho rural pequeno
2112456,Turilândia,2,baixo desempenho rural pequeno
2102903,Carutapera,2,baixo desempenho rural pequeno
2100907,Araioses,2,baixo desempenho rural pequeno
2108306,Penalva,2,baixo desempenho rural pequeno
2111631,São Raimundo do Doca Bezerra,2,baixo desempenho rural pequeno
2107357,Nova Olinda do Maranhão,2,baixo desempenho rural pequeno
2108454,Peritoró,2,baixo desempenho rural pequeno
2109601,Rosário,2,baixo desempenho rural pequeno
2109809,Santa Helena,2,baixo desempenho rural pequeno
2112803,Viana,2,baixo desempenho rural pequeno
2106326,Maracaçumé,2,baixo desempenho rural pequeno
2109007,Porto Franco,1,alto desempenho urbano médio
2105153,Igarapé do Meio,2,baixo desempenho rural pequeno
2112233,Trizidela do Vale,2,baixo desempenho rural pequeno
2104008,Esperantinópolis,2,baixo desempenho rural pequeno
2103505,Colinas,2,baixo desempenho rural pequeno
2110203,Santa Rita,2,baixo desempenho rural pequeno
2101970,Boa Vista do Gurupi,2,baixo desempenho rural pequeno
2101731,Belágua,2,baixo desempenho rural pequeno
2103406,Coelho Neto,2,baixo desempenho rural pequeno
2111706,São Vicente Ferrer,2,baixo desempenho rural pequeno
2102358,Buritirana,2,baixo desempenho rural pequeno
2105989,Lajeado Novo,2,baixo desempenho rural pequeno
2105906,Lago Verde,2,baixo desempenho rural pequeno
2105005,Humberto de Campos,2,baixo desempenho rural pequeno
2111201,São José de Ribamar,1,alto desempenho urbano médio
2102606,Cândido Mendes,2,baixo desempenho rural pequeno
2109270,Presidente Sarney,2,baixo desempenho rural pequeno
2110856,São Francisco do Brejão,2,baixo desempenho rural pequeno
2106631,Matões do Norte,2,baixo desempenho rural pequeno
2102036,Bom Jesus das Selvas,2,baixo desempenho rural pequeno
2106508,Matinha,2,baixo desempenho rural pequeno
2102556,Campestre do Maranhão,2,baixo desempenho rural pequeno
2111508,São Mateus do Maranhão,2,baixo desempenho rural pequeno
2108058,Paulino Neves,2,baixo desempenho rural pequeno
2111029,São João do Carú,2,baixo desempenho rural pequeno
2103257,Cidelândia,2,baixo desempenho rural pequeno
2102408,Cajapió,2,baixo desempenho rural pequeno
2108256,Pedro do Rosário,2,baixo desempenho rural pequeno
2103703,Cururupu,2,baixo desempenho rural pequeno
2101608,Barra do Corda,1,alto desempenho urbano médio
2100154,Água Doce do Maranhão,2,baixo desempenho rural pequeno
2103752,Davinópolis,2,baixo desempenho rural pequeno
2105104,Icatu,2,baixo desempenho rural pequeno
2108207,Pedreiras,1,alto desempenho urbano médio
2100303,Aldeias Altas,2,baixo desempenho rural pequeno
2112209,Timon,1,alto desempenho urbano médio
2101301,Bacuri,2,baixo desempenho rural pequeno
2111789,Serrano do Maranhão,2,baixo desempenho rural pequeno
2109452,Raposa,2,baixo desempenho rural pequeno
2101004,Arari,2,baixo desempenho rural pequeno
2103901,Duque Bacelar,2,baixo desempenho rural pequeno
2104651,Governador Newton Bello,2,baixo desempenho rural pequeno
2106409,Mata Roma,2,baixo desempenho rural pequeno
2100436,Alto Alegre do Maranhão,2,baixo desempenho rural pequeno
2103109,Cedral,2,baixo desempenho rural pequeno
2111607,São Raimundo das Mangabeiras,2,baixo desempenho rural pequeno
2107001,Montes Altos,2,baixo desempenho rural pequeno
2100105,Afonso Cunha,2,baixo desempenho rural pequeno
2106607,Matões,2,baixo desempenho rural pequeno
2104701,Graça Aranha,2,baixo desempenho rural pequeno
2105450,Jatobá,2,baixo desempenho rural pequeno
2100709,Anajatuba,2,baixo desempenho rural pequeno
2108009,Pastos Bons,2,baixo desempenho rural pequeno
2100204,Alcântara,2,baixo desempenho rural pequeno
2109056,Porto Rico do Maranhão,2,baixo desempenho rural pequeno
2110609,São Bernardo,2,baixo desempenho rural pequeno
2111953,Sucupira do Riachão,2,baixo desempenho rural pequeno
2111409,São Luís Gonzaga do Maranhão,2,baixo desempenho rural pequeno
2108108,Paulo Ramos,2,baixo desempenho rural pequeno
2104677,Governador Nunes Freire,2,baixo desempenho rural pequeno
2106375,Maranhãozinho,2,baixo desempenho rural pequeno
2100956,Arame,2,baixo desempenho rural pequeno
2109403,Primeira Cruz,2,baixo desempenho rural pequeno
2109239,Presidente Médici,2,baixo desempenho rural pequeno
2112605,Urbano Santos,2,baixo desempenho rural pequeno
2107308,Nova Iorque,2,baixo desempenho rural pequeno
2107902,Passagem Franca,2,baixo desempenho rural pequeno
2106201,Luís Domingues,2,baixo desempenho rural pequeno
2107704,Paraibano,2,baixo desempenho rural pequeno
2104552,Governador Edison Lobão,2,baixo desempenho rural pequeno
2105427,Itinga do Maranhão,2,baixo desempenho rural pequeno
2107456,Olinda Nova do Maranhão,2,baixo desempenho rural pequeno
2101103,Axixá,2,baixo desempenho rural pequeno
2114007,Zé Doca,2,baixo desempenho rural pequeno
2105963,Lagoa Grande do Maranhão,2,baixo desempenho rural pequeno
2104305,Godofredo Viana,2,baixo desempenho rural pequeno
2108801,Pirapemas,2,baixo desempenho rural pequeno
2106359,Marajá do Sena,2,baixo desempenho rural pequeno
2104073,Feira Nova do Maranhão,2,baixo desempenho rural pequeno
2107258,Nova Colinas,2,baixo desempenho rural pequeno
2105922,Lagoa do Mato,2,baixo desempenho rural pequeno
2110237,Santana do Maranhão,2,baixo desempenho rural pequeno
2104099,Formosa da Serra Negra,2,baixo desempenho rural pequeno
2105351,Itaipava do Grajaú,2,baixo desempenho rural pequeno
2112852,Vila Nova dos Martírios,2,baixo desempenho rural pequeno
2109700,Sambaíba,2,baixo desempenho rural pequeno
2106003,Lima Campos,2,baixo desempenho rural pequeno
2105948,Lago dos Rodrigues,2,baixo desempenho rural pequeno
2104503,Governador Archer,2,baixo desempenho rural pequeno
2108900,Poção de Pedras,2,baixo desempenho rural pequeno
2110104,Santa Quitéria do Maranhão,2,baixo desempenho rural pequeno
2101350,Bacurituba,2,baixo desempenho rural pequeno
2104909,Guimarães,2,baixo desempenho rural pequeno
2100808,Anapurus,2,baixo desempenho rural pequeno
2107803,Parnarama,2,baixo desempenho rural pequeno
2100402,Altamira do Maranhão,2,baixo desempenho rural pequeno
2106805,Mirinzal,2,baixo desempenho rural pequeno
2105708,Lago da Pedra,2,baixo desempenho rural pequeno
2103158,Centro do Guilherme,2,baixo desempenho rural pequeno
2110039,Santa Luzia do Paruá,2,baixo desempenho rural pequeno
2110500,São Bento,2,baixo desempenho rural pequeno
2102002,Bom Jardim,2,baixo desempenho rural pequeno
2107100,Morros,2,baixo desempenho rural pequeno
2105658,Junco do Maranhão,2,baixo desempenho rural pequeno
2111748,Senador Alexandre Costa,2,baixo desempenho rural pequeno
2105203,Igarapé Grande,2,baixo desempenho rural pequeno
2100873,Araguanã,2,baixo desempenho rural pequeno
2104628,Governador Luiz Rocha,2,baixo desempenho rural pequeno
2112704,Vargem Grande,2,baixo desempenho rural pequeno
2102077,Bom Lugar,2,baixo desempenho rural pequeno
2103125,Central do Maranhão,2,baixo desempenho rural pequeno
2106672,Milagres do Maranhão,2,baixo desempenho rural pequeno
2105807,Lago do Junco,2,baixo desempenho rural pequeno
2111722,Satubinha,2,baixo desempenho rural pequeno
2205581,Lagoa do Piauí,2,baixo desempenho rural pequeno
2205599,Lagoa do Sítio,2,baixo desempenho rural pequeno
2202307,Canto do Buriti,2,baixo desempenho rural pequeno
2208601,Prata do Piauí,2,baixo desempenho rural pequeno
2203271,Curral Novo do Piauí,2,baixo desempenho rural pequeno
2202174,Campo Largo do Piauí,2,baixo desempenho rural pequeno
2202059,Cabeceiras do Piauí,2,baixo desempenho rural pequeno
2204352,Geminiano,2,baixo desempenho rural pequeno
2202653,Caxingó,2,baixo desempenho rural pequeno
2206001,Marcos Parente,2,baixo desempenho rural pequeno
2200509,Amarante,2,baixo desempenho rural pequeno
2205557,Lagoa Alegre,2,baixo desempenho rural pequeno
2206753,Nossa Senhora de Nazaré,2,baixo desempenho rural pequeno
2210383,São Miguel da Baixa Grande,2,baixo desempenho rural pequeno
2206654,Morro Cabeça no Tempo,2,baixo desempenho rural pequeno
2206100,Matias Olímpio,2,baixo desempenho rural pequeno
2205102,Itaueira,2,baixo desempenho rural pequeno
2207900,Pedro II,2,baixo desempenho rural pequeno
2210623,Sebastião Barros,2,baixo desempenho rural pequeno
2205300,Jerumenha,2,baixo desempenho rural pequeno
2211357,Várzea Branca,2,baixo desempenho rural pequeno
2211100,União,2,baixo desempenho rural pequeno
2209872,São João da Fronteira,2,baixo desempenho rural pequeno
2210938,Sussuapara,2,baixo desempenho rural pequeno
2204907,Isaías Coelho,2,baixo desempenho rural pequeno
2209203,Santa Filomena,2,baixo desempenho rural pequeno
2211209,Uruçuí,1,alto desempenho urbano médio
2206670,Morro do Chapéu do Piauí,2,baixo desempenho rural pequeno
2210409,São Miguel do Tapuio,2,baixo desempenho rural pequeno
2204402,Gilbués,2,baixo desempenho rural pequeno
2207702,Parnaíba,1,alto desempenho urbano médio
2200103,Agricolândia,2,baixo desempenho rural pequeno
2203255,Curralinhos,2,baixo desempenho rural pequeno
2209351,Santana do Piauí,2,baixo desempenho rural pequeno
2201960,Brasileira,2,baixo desempenho rural pequeno
2203354,Dirceu Arcoverde,2,baixo desempenho rural pequeno
2208403,Piripiri,1,alto desempenho urbano médio
2209658,São Francisco de Assis do Piauí,2,baixo desempenho rural pequeno
2209971,São João do Arraial,2,baixo desempenho rural pequeno
2208205,Pio IX,2,baixo desempenho rural pequeno
2209609,São Félix do Piauí,0,alto desempenho urbano pequeno
2203750,Fartura do Piauí,2,baixo desempenho rural pequeno
2201408,Barro Duro,2,baixo desempenho rural pequeno
2205458,Joca Marques,2,baixo desempenho rural pequeno
2207934,Pedro Laurentino,2,baixo desempenho rural pequeno
2211704,Wall Ferraz,2,baixo desempenho rural pequeno
2206357,Milton Brandão,2,baixo desempenho rural pequeno
2201309,Barreiras do Piauí,2,baixo desempenho rural pequeno
2202539,Caraúbas do Piauí,2,baixo desempenho rural pequeno
2202117,Campo Alegre do Fidalgo,2,baixo desempenho rural pequeno
2206209,Miguel Alves,2,baixo desempenho rural pequeno
2204659,Ilha Grande,2,baixo desempenho rural pequeno
2208502,Porto,2,baixo desempenho rural pequeno
2205573,Lagoa de São Francisco,2,baixo desempenho rural pequeno
2208809,Regeneração,2,baixo desempenho rural pequeno
2201101,Avelino Lopes,2,baixo desempenho rural pequeno
2202000,Buriti dos Lopes,2,baixo desempenho rural pequeno
2201739,Betânia do Piauí,2,baixo desempenho rural pequeno
2205524,Júlio Borges,2,baixo desempenho rural pequeno
2201507,Batalha,2,baixo desempenho rural pequeno
2210003,São João do Piauí,2,baixo desempenho rural pequeno
2204204,Francisco Santos,2,baixo desempenho rural pequeno
2200251,Alagoinha do Piauí,2,baixo desempenho rural pequeno
2210656,Sigefredo Pacheco,2,baixo desempenho rural pequeno
2207801,Paulistana,2,baixo desempenho rural pequeno
2206050,Massapê do Piauí,2,baixo desempenho rural pequeno
2202083,Cajueiro da Praia,2,baixo desempenho rural pequeno
2206704,Nazaré do Piauí,2,baixo desempenho rural pequeno
2202802,Conceição do Canindé,2,baixo desempenho rural pequeno
2203800,Flores do Piauí,2,baixo desempenho rural pequeno
2206308,Miguel Leão,0,alto desempenho urbano pequeno
2200707,Anísio de Abreu,2,baixo desempenho rural pequeno
2204105,Francisco Ayres,2,baixo desempenho rural pequeno
2202901,Corrente,2,baixo desempenho rural pequeno
2207959,Nova Santa Rita,2,baixo desempenho rural pequeno
2211001,Teresina,1,alto desempenho urbano médio
2201150,Baixa Grande do Ribeiro,2,baixo desempenho rural pequeno
2203909,Floriano,1,alto desempenho urbano médio
2209906,São João da Serra,2,baixo desempenho rural pequeno
2210508,São Pedro do Piauí,2,baixo desempenho rural pequeno
2206951,Novo Santo Antônio,2,baixo desempenho rural pequeno
2209005,Rio Grande do Piauí,2,baixo desempenho rural pequeno
2204501,Guadalupe,0,alto desempenho urbano pequeno
2203503,Elesbão Veloso,2,baixo desempenho rural pequeno
2201988,Brejo do Piauí,2,baixo desempenho rural pequeno
2205508,José de Freitas,2,baixo desempenho rural pequeno
2205359,João Costa,2,baixo desempenho rural pequeno
2201929,Bonfim do Piauí,2,baixo desempenho rural pequeno
2207504,Palmeirais,2,baixo desempenho rural pequeno
2202251,Canavieira,2,baixo desempenho rural pequeno
2203107,Cristino Castro,2,baixo desempenho rural pequeno
2207306,Paes Landim,2,baixo desempenho rural pequeno
2202208,Campo Maior,1,alto desempenho urbano médio
2209153,Santa Cruz dos Milagres,2,baixo desempenho rural pequeno
2211308,Valença do Piauí,2,baixo desempenho rural pequeno
2205805,Luzilândia,2,baixo desempenho rural pequeno
2200954,Aroeiras do Itaim,2,baixo desempenho rural pequeno
2208007,Picos,1,alto desempenho urbano médio
2202406,Capitão de Campos,2,baixo desempenho rural pequeno
2202752,Colônia do Gurguéia,2,baixo desempenho rural pequeno
2209955,São João da Varjota,2,baixo desempenho rural pequeno
2200277,Alegrete do Piauí,2,baixo desempenho rural pequeno
2204709,Inhuma,2,baixo desempenho rural pequeno
2201200,Barras,2,baixo desempenho rural pequeno
2205565,Lagoa do Barro do Piauí,2,baixo desempenho rural pequeno
2205409,Joaquim Pires,2,baixo desempenho rural pequeno
2210391,São Miguel do Fidalgo,2,baixo desempenho rural pequeno
2203701,Esperantina,2,baixo desempenho rural pequeno
2210979,Tanque do Piauí,2,baixo desempenho rural pequeno
2208874,Ribeira do Piauí,2,baixo desempenho rural pequeno
2205250,Jardim do Mulato,2,baixo desempenho rural pequeno
2209708,São Francisco do Piauí,2,baixo desempenho rural pequeno
2200905,Aroazes,2,baixo desempenho rural pequeno
2204550,Guaribas,2,baixo desempenho rural pequeno
2204154,Francisco Macedo,2,baixo desempenho rural pequeno
2201770,Boa Hora,2,baixo desempenho rural pequeno
2210375,São Luis do Piauí,2,baixo desempenho rural pequeno
2202778,Colônia do Piauí,2,baixo desempenho rural pequeno
2208650,Queimada Nova,2,baixo desempenho rural pequeno
2206407,Monsenhor Gil,2,baixo desempenho rural pequeno
2201705,Bertolínia,2,baixo desempenho rural pequeno
2209377,Santa Rosa do Piauí,2,baixo desempenho rural pequeno
2202851,Coronel José Dias,2,baixo desempenho rural pequeno
2201556,Bela Vista do Piauí,2,baixo desempenho rural pequeno
2209401,Santo Antônio de Lisboa,2,baixo desempenho rural pequeno
2202554,Caridade do Piauí,2,baixo desempenho rural pequeno
2201176,Barra D'Alcântara,2,baixo desempenho rural pequeno
2208106,Pimenteiras,2,baixo desempenho rural pequeno
2202505,Caracol,2,baixo desempenho rural pequeno
2200608,Angical do Piauí,2,baixo desempenho rural pequeno
2200400,Altos,2,baixo desempenho rural pequeno
2205706,Luís Correia,2,baixo desempenho rural pequeno
2205854,Madeiro,2,baixo desempenho rural pequeno
2207108,Olho D'Água do Piauí,2,baixo desempenho rural pequeno
2206803,Nossa Senhora dos Remédios,2,baixo desempenho rural pequeno
2202455,Capitão Gervásio Oliveira,2,baixo desempenho rural pequeno
2207850,Pavussu,2,baixo desempenho rural pequeno
2207355,Pajeú do Piauí,2,baixo desempenho rural pequeno
2207009,Oeiras,2,baixo desempenho rural pequeno
2206696,Murici dos Portelas,2,baixo desempenho rural pequeno
2206605,Monte Alegre do Piauí,2,baixo desempenho rural pequeno
2207603,Parnaguá,2,baixo desempenho rural pequeno
2200459,Alvorada do Gurguéia,2,baixo desempenho rural pequeno
2210904,Socorro do Piauí,2,baixo desempenho rural pequeno
2210607,São Raimundo Nonato,1,alto desempenho urbano médio
2203206,Curimatá,2,baixo desempenho rural pequeno
2202711,Cocal de Telha,2,baixo desempenho rural pequeno
2206902,Novo Oriente do Piauí,2,baixo desempenho rural pequeno
2210953,Tamboril do Piauí,2,baixo desempenho rural pequeno
2210706,Simões,2,baixo desempenho rural pequeno
2205516,Juazeiro do Piauí,2,baixo desempenho rural pequeno
2203305,Demerval Lobão,2,baixo desempenho rural pequeno
2207405,Palmeira do Piauí,2,baixo desempenho rural pequeno
2209500,Santo Inácio do Piauí,0,alto desempenho urbano pequeno
2202703,Cocal,2,baixo desempenho rural pequeno
2208551,Porto Alegre do Piauí,0,alto desempenho urbano pequeno
2205003,Itainópolis,2,baixo desempenho rural pequeno
2205276,Jatobá do Piauí,2,baixo desempenho rural pequeno
2202604,Castelo do Piauí,2,baixo desempenho rural pequeno
2208304,Piracuruca,2,baixo desempenho rural pequeno
2210102,São José do Peixe,2,baixo desempenho rural pequeno
2209757,São Gonçalo do Gurguéia,2,baixo desempenho rural pequeno
2203404,Dom Expedito Lopes,2,baixo desempenho rural pequeno
2202737,Coivaras,2,baixo desempenho rural pequeno
2201606,Beneditinos,2,baixo desempenho rural pequeno
2206720,Nazária,2,baixo desempenho rural pequeno
2204006,Francinópolis,2,baixo desempenho rural pequeno
2205201,Jaicós,2,baixo desempenho rural pequeno
2203008,Cristalândia do Piauí,2,baixo desempenho rural pequeno
2202729,Cocal dos Alves,2,baixo desempenho rural pequeno
2207777,Patos do Piauí,2,baixo desempenho rural pequeno
2200053,Acauã,2,baixo desempenho rural pequeno
2209856,São João da Canabrava,2,baixo desempenho rural pequeno
2204600,Hugo Napoleão,0,alto desempenho urbano pequeno
2205540,Lagoinha do Piauí,2,baixo desempenho rural pequeno
2203602,Eliseu Martins,2,baixo desempenho rural pequeno
2201002,Arraial,2,baixo desempenho rural pequeno
2201051,Assunção do Piauí,2,baixo desempenho rural pequeno
2204808,Ipiranga do Piauí,2,baixo desempenho rural pequeno
2202026,Buriti dos Montes,2,baixo desempenho rural pequeno
2202133,Campo Grande do Piauí,2,baixo desempenho rural pequeno
2207207,Padre Marcos,2,baixo desempenho rural pequeno
2209559,São Braz do Piauí,2,baixo desempenho rural pequeno
2201919,Bom Princípio do Piauí,2,baixo desempenho rural pequeno
2208908,Ribeiro Gonçalves,2,baixo desempenho rural pequeno
2210805,Simplício Mendes,2,baixo desempenho rural pequeno
2205151,Jacobina do Piauí,2,baixo desempenho rural pequeno
2202109,Campinas do Piauí,2,baixo desempenho rural pequeno
2200202,Água Branca,2,baixo desempenho rural pequeno
2201804,Bocaina,2,baixo desempenho rural pequeno
2203420,Domingos Mourão,2,baixo desempenho rural pequeno
2200301,Alto Longá,2,baixo desempenho rural pequeno
2203230,Currais,2,baixo desempenho rural pequeno
2211407,Várzea Grande,2,baixo desempenho rural pequeno
2211506,Vera Mendes,2,baixo desempenho rural pequeno
2209807,São Gonçalo do Piauí,0,alto desempenho urbano pequeno
2210201,São José do Piauí,2,baixo desempenho rural pequeno
2210631,Sebastião Leal,2,baixo desempenho rural pequeno
2210300,São Julião,2,baixo desempenho rural pequeno
2200806,Antônio Almeida,0,alto desempenho urbano pequeno
2209104,Santa Cruz do Piauí,0,alto desempenho urbano pequeno
2209450,Santo Antônio dos Milagres,2,baixo desempenho rural pequeno
2205532,Jurema,2,baixo desempenho rural pequeno
2201945,Boqueirão do Piauí,2,baixo desempenho rural pequeno
2203453,Dom Inocêncio,2,baixo desempenho rural pequeno
2204303,Fronteiras,2,baixo desempenho rural pequeno
2205607,Landri Sales,2,baixo desempenho rural pequeno
2208858,Riacho Frio,2,baixo desempenho rural pequeno
2201903,Bom Jesus,1,alto desempenho urbano médio
2205953,Marcolândia,2,baixo desempenho rural pequeno
2208700,Redenção do Gurguéia,2,baixo desempenho rural pequeno
2211605,Vila Nova do Piauí,2,baixo desempenho rural pequeno
2210359,São Lourenço do Piauí,2,baixo desempenho rural pequeno
2207793,Pau D'Arco do Piauí,2,baixo desempenho rural pequeno
2207751,Passagem Franca do Piauí,2,baixo desempenho rural pequeno
2207553,Paquetá,2,baixo desempenho rural pequeno
2205904,Manoel Emídio,2,baixo desempenho rural pequeno
2203859,Floresta do Piauí,2,baixo desempenho rural pequeno
2209302,Santa Luz,2,baixo desempenho rural pequeno
2202091,Caldeirão Grande do Piauí,2,baixo desempenho rural pequeno
2201572,Belém do Piauí,2,baixo desempenho rural pequeno
2210052,São José do Divino,2,baixo desempenho rural pequeno
2206506,Monsenhor Hipólito,2,baixo desempenho rural pequeno
2202075,Cajazeiras do Piauí,2,baixo desempenho rural pequeno
2309904,Pacujá,2,baixo desempenho rural pequeno
2305100,Guaramiranga,0,alto desempenho urbano pequeno
2305506,Iguatu,1,alto desempenho urbano médio
2307304,Juazeiro do Norte,1,alto desempenho urbano médio
2300309,Acopiara,2,baixo desempenho rural pequeno
2303709,Caucaia,1,alto desempenho urbano médio
2302008,Barro,2,baixo desempenho rural pequeno
2313757,Umirim,2,baixo desempenho rural pequeno
2305266,Ibaretama,2,baixo desempenho rural pequeno
2310001,Palhano,0,alto desempenho urbano pequeno
2308708,Morada Nova,1,alto desempenho urbano médio
2301703,Aurora,2,baixo desempenho rural pequeno
2304954,Guaiúba,2,baixo desempenho rural pequeno
2301505,Arneiroz,2,baixo desempenho rural pequeno
2304400,Fortaleza,1,alto desempenho urbano médio
2307205,Jati,2,baixo desempenho rural pequeno
2308302,Milagres,2,baixo desempenho rural pequeno
2303907,Chaval,2,baixo desempenho rural pequeno
2308401,Missão Velha,2,baixo desempenho rural pequeno
2300408,Aiuaba,2,baixo desempenho rural pequeno
2311900,Saboeiro,2,baixo desempenho rural pequeno
2307502,Lavras da Mangabeira,2,baixo desempenho rural pequeno
2309706,Pacatuba,1,alto desempenho urbano médio
2301307,Araripe,2,baixo desempenho rural pequeno
2300150,Acarape,2,baixo desempenho rural pequeno
2302206,Beberibe,1,alto desempenho urbano médio
2302107,Baturité,2,baixo desempenho rural pequeno
2310605,Penaforte,0,alto desempenho urbano pequeno
2307106,Jardim,2,baixo desempenho rural pequeno
2302909,Capistrano,2,baixo desempenho rural pequeno
2311355,Quixelô,2,baixo desempenho rural pequeno
2303600,Catarina,2,baixo desempenho rural pequeno
2307700,Maranguape,1,alto desempenho urbano médio
2301851,Banabuiú,2,baixo desempenho rural pequeno
2302404,Boa Viagem,2,baixo desempenho rural pequeno
2312502,São João do Jaguaribe,0,alto desempenho urbano pequeno
2305407,Icó,2,baixo desempenho rural pequeno
2313807,Uruburetama,2,baixo desempenho rural pequeno
2300903,Apuiarés,2,baixo desempenho rural pequeno
2312403,São Gonçalo do Amarante,1,alto desempenho urbano médio
2307650,Maracanaú,1,alto desempenho urbano médio
2305357,Icapuí,2,baixo desempenho rural pequeno
2312601,São Luís do Curu,2,baixo desempenho rural pequeno
2304905,Groaíras,2,baixo desempenho rural pequeno
2300754,Amontada,2,baixo desempenho rural pequeno
2310308,Parambu,2,baixo desempenho rural pequeno
2307007,Jaguaruana,2,baixo desempenho rural pequeno
2302701,Campos Sales,2,baixo desempenho rural pequeno
2313401,Tianguá,1,alto desempenho urbano médio
2311603,Redenção,2,baixo desempenho rural pequeno
2308104,Mauriti,2,baixo desempenho rural pequeno
2301901,Barbalha,1,alto desempenho urbano médio
2306405,Itapipoca,1,alto desempenho urbano médio
2313351,Tejuçuoca,2,baixo desempenho rural pequeno
2306900,Jaguaribe,2,baixo desempenho rural pequeno
2309102,Mulungu,2,baixo desempenho rural pequeno
2309607,Pacajus,1,alto desempenho urbano médio
2311504,Quixeré,2,baixo desempenho rural pequeno
2306256,Itaitinga,1,alto desempenho urbano médio
2301406,Aratuba,2,baixo desempenho rural pequeno
2307403,Jucás,2,baixo desempenho rural pequeno
2308377,Miraíma,2,baixo desempenho rural pequeno
2301208,Aracoiaba,2,baixo desempenho rural pequeno
2303402,Carnaubal,2,baixo desempenho rural pequeno
2313302,Tauá,1,alto desempenho urbano médio
2303501,Cascavel,1,alto desempenho urbano médio
2301000,Aquiraz,1,alto desempenho urbano médio
2305704,Ipaumirim,2,baixo desempenho rural pequeno
2313708,Umari,2,baixo desempenho rural pequeno
2307601,Limoeiro do Norte,1,alto desempenho urbano médio
2300101,Abaiara,2,baixo desempenho rural pequeno
2311306,Quixadá,1,alto desempenho urbano médio
2301950,Barreira,2,baixo desempenho rural pequeno
2313104,Tabuleiro do Norte,2,baixo desempenho rural pequeno
2314102,Viçosa do Ceará,2,baixo desempenho rural pequeno
2301109,Aracati,1,alto desempenho urbano médio
2313559,Tururu,2,baixo desempenho rural pequeno
2306801,Jaguaribara,2,baixo desempenho rural pequeno
2309805,Pacoti,2,baixo desempenho rural pequeno
2313500,Trairi,2,baixo desempenho rural pequeno
2310852,Pindoretama,2,baixo desempenho rural pequeno
2303204,Caririaçu,2,baixo desempenho rural pequeno
2309458,Ocara,2,baixo desempenho rural pequeno
2312106,Santana do Cariri,2,baixo desempenho rural pequeno
2306207,Itaiçaba,0,alto desempenho urbano pequeno
2309508,Orós,2,baixo desempenho rural pequeno
2301604,Assaré,2,baixo desempenho rural pequeno
2306306,Itapajé,2,baixo desempenho rural pequeno
2311207,Potengi,2,baixo desempenho rural pequeno
2302503,Brejo Santo,1,alto desempenho urbano médio
2304285,Eusébio,1,alto desempenho urbano médio
2306553,Itarema,2,baixo desempenho rural pequeno
2311801,Russas,1,alto desempenho urbano médio
2305233,Horizonte,1,alto desempenho urbano médio
2304707,Granja,2,baixo desempenho rural pequeno
2310704,Pentecoste,2,baixo desempenho rural pequeno
2304202,Crato,1,alto desempenho urbano médio
2305803,Ipu,2,baixo desempenho rural pequeno
2307809,Marco,2,baixo desempenho rural pequeno
2311108,Porteiras,2,baixo desempenho rural pequeno
2304608,General Sampaio,2,baixo desempenho rural pequeno
2308500,Mombaça,2,baixo desempenho rural pequeno
2306702,Jaguaretama,2,baixo desempenho rural pequeno
2313252,Tarrafas,2,baixo desempenho rural pequeno
2305308,Ibiapina,2,baixo desempenho rural pequeno
2304806,Granjeiro,2,baixo desempenho rural pequeno
2310209,Paracuru,2,baixo desempenho rural pequeno
2302602,Camocim,1,alto desempenho urbano médio
2314003,Várzea Alegre,2,baixo desempenho rural pequeno
2302057,Barroquinha,2,baixo desempenho rural pequeno
2300200,Acaraú,1,alto desempenho urbano médio
2310803,Pereiro,2,baixo desempenho rural pequeno
2302305,Bela Cruz,2,baixo desempenho rural pequeno
2306504,Itapiúna,2,baixo desempenho rural pequeno
2305332,Ibicuitinga,2,baixo desempenho rural pequeno
2313906,Uruoca,2,baixo desempenho rural pequeno
2311009,Poranga,2,baixo desempenho rural pequeno
2313609,Ubajara,1,alto desempenho urbano médio
2303006,Caridade,2,baixo desempenho rural pequeno
2311959,Salitre,2,baixo desempenho rural pequeno
2300804,Antonina do Norte,2,baixo desempenho rural pequeno
2302800,Canindé,1,alto desempenho urbano médio
2303303,Cariús,2,baixo desempenho rural pequeno
2306108,Irauçuba,2,baixo desempenho rural pequeno
2312304,São Benedito,2,baixo desempenho rural pequeno
2313203,Tamboril,2,baixo desempenho rural pequeno
2308609,Monsenhor Tabosa,2,baixo desempenho rural pequeno
2304103,Crateús,1,alto desempenho urbano médio
2303808,Cedro,2,baixo desempenho rural pequeno
2309300,Nova Russas,2,baixo desempenho rural pequeno
2309003,Mucambo,2,baixo desempenho rural pequeno
2313005,Solonópole,2,baixo desempenho rural pequeno
2304301,Farias Brito,2,baixo desempenho rural pequeno
2307635,Madalena,2,baixo desempenho rural pequeno
2305654,Ipaporanga,2,baixo desempenho rural pequeno
2301802,Baixio,0,alto desempenho urbano pequeno
2303931,Choró,2,baixo desempenho rural pequeno
2304657,Graça,2,baixo desempenho rural pequeno
2310258,Paraipaba,2,baixo desempenho rural pequeno
2300507,Alcântaras,2,baixo desempenho rural pequeno
2305902,Ipueiras,2,baixo desempenho rural pequeno
2303956,Chorozinho,2,baixo desempenho rural pequeno
2304459,Fortim,2,baixo desempenho rural pequeno
2312205,Santa Quitéria,2,baixo desempenho rural pequeno
2304277,Ereré,2,baixo desempenho rural pequeno
2308807,Moraújo,2,baixo desempenho rural pequeno
2312007,Santana do Acaraú,2,baixo desempenho rural pequeno
2310100,Palmácia,2,baixo desempenho rural pequeno
2305001,Guaraciaba do Norte,2,baixo desempenho rural pequeno
2309409,Novo Oriente,2,baixo desempenho rural pequeno
2310407,Paramoti,2,baixo desempenho rural pequeno
2312908,Sobral,1,alto desempenho urbano médio
2305605,Independência,2,baixo desempenho rural pequeno
2310506,Pedra Branca,2,baixo desempenho rural pequeno
2304269,Deputado Irapuan Pinheiro,0,alto desempenho urbano pequeno
2310951,Pires Ferreira,2,baixo desempenho rural pequeno
2308906,Morrinhos,2,baixo desempenho rural pequeno
2304236,Croatá,2,baixo desempenho rural pequeno
2305209,Hidrolândia,2,baixo desempenho rural pequeno
2307908,Martinópole,2,baixo desempenho rural pequeno
2301257,Ararendá,2,baixo desempenho rural pequeno
2311405,Quixeramobim,1,alto desempenho urbano médio
2311264,Quiterianópolis,2,baixo desempenho rural pequeno
2308005,Massapê,2,baixo desempenho rural pequeno
2306009,Iracema,2,baixo desempenho rural pequeno
2308203,Meruoca,2,baixo desempenho rural pequeno
2312809,Senador Sá,2,baixo desempenho rural pequeno
2304004,Coreaú,2,baixo desempenho rural pequeno
2300705,Alto Santo,2,baixo desempenho rural pequeno
2304251,Cruz,2,baixo desempenho rural pequeno
2308351,Milhã,0,alto desempenho urbano pequeno
2310902,Piquet Carneiro,2,baixo desempenho rural pequeno
2303659,Catunda,2,baixo desempenho rural pequeno
2313955,Varjota,2,baixo desempenho rural pequeno
2311231,Potiretama,2,baixo desempenho rural pequeno
2307254,Jijoca de Jericoacoara,2,baixo desempenho rural pequeno
2306603,Itatira,2,baixo desempenho rural pequeno
2309201,Nova Olinda,2,baixo desempenho rural pequeno
2304509,Frecheirinha,2,baixo desempenho rural pequeno
2303105,Cariré,2,baixo desempenho rural pequeno
2300606,Altaneira,2,baixo desempenho rural pequeno
2312700,Senador Pompeu,2,baixo desempenho rural pequeno
2311702,Reriutaba,2,baixo desempenho rural pequeno
2304350,Forquilha,2,baixo desempenho rural pequeno
2412302,São José do Campestre,2,baixo desempenho rural pequeno
2404507,Guamaré,2,baixo desempenho rural pequeno
2401800,Brejinho,2,baixo desempenho rural pequeno
2406809,Lajes Pintadas,2,baixo desempenho rural pequeno
2403509,Espírito Santo,2,baixo desempenho rural pequeno
2412559,São Miguel do Gostoso,2,baixo desempenho rural pequeno
2406155,Jundiá,2,baixo desempenho rural pequeno
2414506,Umarizal,2,baixo desempenho rural pequeno
2407500,Maxaranguape,2,baixo desempenho rural pequeno
2414456,Triunfo Potiguar,2,baixo desempenho rural pequeno
2402600,Ceará-Mirim,1,alto desempenho urbano médio
2406007,José da Penha,2,baixo desempenho rural pequeno
2408706,Paraú,0,alto desempenho urbano pequeno
2412708,São Pedro,2,baixo desempenho rural pequeno
2411056,Tibau,2,baixo desempenho rural pequeno
2406205,Lagoa d'Anta,2,baixo desempenho rural pequeno
2408607,Paraná,2,baixo desempenho rural pequeno
2406908,Lucrécia,2,baixo desempenho rural pequeno
2410108,Poço Branco,2,baixo desempenho rural pequeno
2400604,Almino Afonso,2,baixo desempenho rural pequeno
2404705,Ipanguaçu,2,baixo desempenho rural pequeno
2401602,Bento Fernandes,2,baixo desempenho rural pequeno
2405405,Japi,2,baixo desempenho rural pequeno
2408953,Rio do Fogo,2,baixo desempenho rural pequeno
2409803,Pedro Velho,2,baixo desempenho rural pequeno
2407609,Messias Targino,2,baixo desempenho rural pequeno
2414704,Várzea,0,alto desempenho urbano pequeno
2405504,Jardim de Angicos,2,baixo desempenho rural pequeno
2400505,Alexandria,2,baixo desempenho rural pequeno
2414209,Tibau do Sul,2,baixo desempenho rural pequeno
2400802,Angicos,2,baixo desempenho rural pequeno
2415008,Vila Flor,2,baixo desempenho rural pequeno
2412807,São Rafael,2,baixo desempenho rural pequeno
2412906,São Tomé,2,baixo desempenho rural pequeno
2404002,Frutuoso Gomes,2,baixo desempenho rural pequeno
2409704,Pedro Avelino,2,baixo desempenho rural pequeno
2411205,Santa Cruz,2,baixo desempenho rural pequeno
2414308,Timbaúba dos Batistas,0,alto desempenho urbano pequeno
2403400,Equador,2,baixo desempenho rural pequeno
2411403,Santana do Matos,2,baixo desempenho rural pequeno
2404200,Goianinha,2,baixo desempenho rural pequeno
2405801,João Câmara,2,baixo desempenho rural pequeno
2406601,Lagoa Salgada,2,baixo desempenho rural pequeno
2402907,Coronel João Pessoa,2,baixo desempenho rural pequeno
2413201,Senador Georgino Avelino,0,alto desempenho urbano pequeno
2405207,Janduís,2,baixo desempenho rural pequeno
2402105,Campo Redondo,2,baixo desempenho rural pequeno
2408409,Olho d'Água do Borges,2,baixo desempenho rural pequeno
2402303,Caraúbas,2,baixo desempenho rural pequeno
2414407,Touros,2,baixo desempenho rural pequeno
2401206,Arês,2,baixo desempenho rural pequeno
2414605,Upanema,2,baixo desempenho rural pequeno
2400901,Antônio Martins,2,baixo desempenho rural pequeno
2409100,Passa e Fica,2,baixo desempenho rural pequeno
2410702,Riacho da Cruz,0,alto desempenho urbano pequeno
2407005,Luís Gomes,2,baixo desempenho rural pequeno
2401404,Baía Formosa,2,baixo desempenho rural pequeno
2413409,Serra Negra do Norte,2,baixo desempenho rural pequeno
2402501,Carnaubais,2,baixo desempenho rural pequeno
2413300,Serra de São Bento,2,baixo desempenho rural pequeno
2407203,Macau,1,alto desempenho urbano médio
2407302,Marcelino Vieira,2,baixo desempenho rural pequeno
2405702,Jardim do Seridó,0,alto desempenho urbano pequeno
2406106,Jucurutu,2,baixo desempenho rural pequeno
2406700,Lajes,2,baixo desempenho rural pequeno
2413706,Sítio Novo,2,baixo desempenho rural pequeno
2407104,Macaíba,1,alto desempenho urbano médio
2405603,Jardim de Piranhas,2,baixo desempenho rural pequeno
2410306,Serra Caiada,2,baixo desempenho rural pequeno
2410603,Rafael Godeiro,0,alto desempenho urbano pequeno
2405108,Jandaíra,2,baixo desempenho rural pequeno
2411007,Rodolfo Fernandes,2,baixo desempenho rural pequeno
2401859,Caiçara do Norte,2,baixo desempenho rural pequeno
2407252,Major Sales,0,alto desempenho urbano pequeno
2408300,Nova Cruz,2,baixo desempenho rural pequeno
2401453,Baraúna,2,baixo desempenho rural pequeno
2408201,Nísia Floresta,2,baixo desempenho rural pequeno
2409308,Patu,2,baixo desempenho rural pequeno
2407906,Monte das Gameleiras,2,baixo desempenho rural pequeno
2413359,Serra do Mel,2,baixo desempenho rural pequeno
2403756,Fernando Pedroza,2,baixo desempenho rural pequeno
2411700,São Bento do Trairí,2,baixo desempenho rural pequeno
2400406,Água Nova,0,alto desempenho urbano pequeno
2412203,São José de Mipibu,2,baixo desempenho rural pequeno
2408102,Natal,1,alto desempenho urbano médio
2406502,Lagoa Nova,2,baixo desempenho rural pequeno
2410405,Pureza,2,baixo desempenho rural pequeno
2401305,Campo Grande,2,baixo desempenho rural pequeno
2402006,Caicó,1,alto desempenho urbano médio
2412401,São José do Seridó,0,alto desempenho urbano pequeno
2403806,Florânia,2,baixo desempenho rural pequeno
2413904,Taipu,2,baixo desempenho rural pequeno
2401008,Apodi,2,baixo desempenho rural pequeno
2401701,Bom Jesus,2,baixo desempenho rural pequeno
2402204,Canguaretama,2,baixo desempenho rural pequeno
2408003,Mossoró,1,alto desempenho urbano médio
2401909,Caiçara do Rio do Vento,2,baixo desempenho rural pequeno
2404101,Galinhos,2,baixo desempenho rural pequeno
2400307,Afonso Bezerra,2,baixo desempenho rural pequeno
2409407,Pau dos Ferros,1,alto desempenho urbano médio
2412500,São Miguel,2,baixo desempenho rural pequeno
2404408,Grossos,2,baixo desempenho rural pequeno
2410900,Riachuelo,2,baixo desempenho rural pequeno
2403103,Currais Novos,1,alto desempenho urbano médio
2402808,Coronel Ezequiel,2,baixo desempenho rural pequeno
2409902,Pendências,2,baixo desempenho rural pequeno
2404606,Ielmo Marinho,2,baixo desempenho rural pequeno
2414753,Venha-Ver,2,baixo desempenho rural pequeno
2408508,Ouro Branco,0,alto desempenho urbano pequeno
2407401,Martins,2,baixo desempenho rural pequeno
2406403,Lagoa de Velhos,2,baixo desempenho rural pequeno
2400208,Açu,1,alto desempenho urbano médio
2409605,Pedra Preta,2,baixo desempenho rural pequeno
2414001,Tangará,2,baixo desempenho rural pequeno
2414100,Tenente Ananias,2,baixo desempenho rural pequeno
2408904,Parelhas,1,alto desempenho urbano médio
2400109,Acari,0,alto desempenho urbano pequeno
2403251,Parnamirim,1,alto desempenho urbano médio
2403905,Francisco Dantas,2,baixo desempenho rural pequeno
2414159,Tenente Laurentino Cruz,0,alto desempenho urbano pequeno
2413805,Taboleiro Grande,0,alto desempenho urbano pequeno
2409506,Pedra Grande,2,baixo desempenho rural pequeno
2405306,Januário Cicco,2,baixo desempenho rural pequeno
2405900,João Dias,2,baixo desempenho rural pequeno
2409209,Passagem,2,baixo desempenho rural pequeno
2408805,Parazinho,2,baixo desempenho rural pequeno
2405009,Jaçanã,2,baixo desempenho rural pequeno
2411809,São Fernando,2,baixo desempenho rural pequeno
2403301,Encanto,2,baixo desempenho rural pequeno
2403608,Extremoz,1,alto desempenho urbano médio
2400703,Alto do Rodrigues,2,baixo desempenho rural pequeno
2406304,Lagoa de Pedras,2,baixo desempenho rural pequeno
2409332,Santa Maria,2,baixo desempenho rural pequeno
2410801,Riacho de Santana,2,baixo desempenho rural pequeno
2412104,São João do Sabugi,0,alto desempenho urbano pequeno
2404804,Ipueira,0,alto desempenho urbano pequeno
2410207,Portalegre,2,baixo desempenho rural pequeno
2403004,Cruzeta,0,alto desempenho urbano pequeno
2401107,Areia Branca,1,alto desempenho urbano médio
2412005,São Gonçalo do Amarante,1,alto desempenho urbano médio
2411429,Santana do Seridó,0,alto desempenho urbano pequeno
2404903,Itaú,0,alto desempenho urbano pequeno
2412609,São Paulo do Potengi,2,baixo desempenho rural pequeno
2403707,Felipe Guerra,2,baixo desempenho rural pequeno
2403202,Doutor Severiano,2,baixo desempenho rural pequeno
2401503,Barcelona,2,baixo desempenho rural pequeno
2413508,Serrinha,2,baixo desempenho rural pequeno
2410504,Rafael Fernandes,0,alto desempenho urbano pequeno
2411908,São Francisco do Oeste,2,baixo desempenho rural pequeno
2404853,Itajá,2,baixo desempenho rural pequeno
2413557,Serrinha dos Pintos,2,baixo desempenho rural pequeno
2411601,São Bento do Norte,2,baixo desempenho rural pequeno
2404309,Governador Dix-Sept Rosado,2,baixo desempenho rural pequeno
2410256,Porto do Mangue,2,baixo desempenho rural pequeno
2411106,Ruy Barbosa,2,baixo desempenho rural pequeno
2414803,Vera Cruz,2,baixo desempenho rural pequeno
2407807,Monte Alegre,2,baixo desempenho rural pequeno
2407708,Montanhas,2,baixo desempenho rural pequeno
2414902,Viçosa,0,alto desempenho urbano pequeno
2413102,Senador Elói de Souza,2,baixo desempenho rural pequeno
2402709,Cerro Corá,2,baixo desempenho rural pequeno
2413003,São Vicente,2,baixo desempenho rural pequeno
2401651,Bodó,2,baixo desempenho rural pequeno
2410009,Pilões,0,alto desempenho urbano pequeno
2402402,Carnaúba dos Dantas,0,alto desempenho urbano pequeno
2411502,Santo Antônio,2,baixo desempenho rural pequeno
2413607,Severiano Melo,2,baixo desempenho rural pequeno
2512077,Poço de José de Moura,2,baixo desempenho rural pequeno
2505238,Cuité de Mamanguape,2,baixo desempenho rural pequeno
2515005,São Miguel de Taipu,2,baixo desempenho rural pequeno
2505808,Duas Estradas,2,baixo desempenho rural pequeno
2514602,São José do Bonfim,2,baixo desempenho rural pequeno
2513158,Santa Cecília,2,baixo desempenho rural pequeno
2506608,Ibiara,2,baixo desempenho rural pequeno
2515807,Serra Redonda,2,baixo desempenho rural pequeno
2515609,Serra da Raiz,2,baixo desempenho rural pequeno
2507002,Itaporanga,2,baixo desempenho rural pequeno
2516151,Sossêgo,2,baixo desempenho rural pequeno
2508406,Lastro,2,baixo desempenho rural pequeno
2501401,Baía da Traição,2,baixo desempenho rural pequeno
2512036,Poço Dantas,2,baixo desempenho rural pequeno
2507200,Itatuba,2,baixo desempenho rural pequeno
2506905,Itabaiana,2,baixo desempenho rural pequeno
2501153,Areia de Baraúnas,2,baixo desempenho rural pequeno
2505600,Diamante,2,baixo desempenho rural pequeno
2508109,Lagoa,2,baixo desempenho rural pequeno
2502201,Bom Jesus,2,baixo desempenho rural pequeno
2501575,Barra de Santana,2,baixo desempenho rural pequeno
2517209,Vieirópolis,2,baixo desempenho rural pequeno
2502102,Boa Ventura,2,baixo desempenho rural pequeno
2502607,Igaracy,2,baixo desempenho rural pequeno
2507606,Juarez Távora,2,baixo desempenho rural pequeno
2505204,Cuitegi,2,baixo desempenho rural pequeno
2514008,São João do Cariri,2,baixo desempenho rural pequeno
2500304,Alagoa Grande,2,baixo desempenho rural pequeno
2513604,Santana dos Garrotes,2,baixo desempenho rural pequeno
2504207,Catingueira,2,baixo desempenho rural pequeno
2516300,Sumé,2,baixo desempenho rural pequeno
2503555,Cacimbas,2,baixo desempenho rural pequeno
2501807,Bayeux,1,alto desempenho urbano médio
2515302,Sapé,2,baixo desempenho rural pequeno
2514503,São José de Piranhas,2,baixo desempenho rural pequeno
2516102,Soledade,2,baixo desempenho rural pequeno
2507309,Jacaraú,2,baixo desempenho rural pequeno
2500908,Arara,2,baixo desempenho rural pequeno
2506400,Gurinhém,2,baixo desempenho rural pequeno
2511806,Pirpirituba,2,baixo desempenho rural pequeno
2501005,Araruna,2,baixo desempenho rural pequeno
2506301,Guarabira,1,alto desempenho urbano médio
2503902,Camalaú,2,baixo desempenho rural pequeno
2511202,Pedras de Fogo,2,baixo desempenho rural pequeno
2514107,São João do Tigre,2,baixo desempenho rural pequeno
2510006,Nazarezinho,2,baixo desempenho rural pequeno
2509107,Mari,2,baixo desempenho rural pequeno
2514909,São Mamede,2,baixo desempenho rural pequeno
2505352,Damião,2,baixo desempenho rural pequeno
2502508,Boqueirão,2,baixo desempenho rural pequeno
2505303,Curral Velho,2,baixo desempenho rural pequeno
2503001,Caaporã,2,baixo desempenho rural pequeno
2517001,Umbuzeiro,2,baixo desempenho rural pequeno
2500403,Alagoa Nova,2,baixo desempenho rural pequeno
2506202,Frei Martinho,0,alto desempenho urbano pequeno
2513653,Joca Claudino,0,alto desempenho urbano pequeno
2509370,Mato Grosso,2,baixo desempenho rural pequeno
2515708,Serra Grande,2,baixo desempenho rural pequeno
2513802,Santa Teresinha,2,baixo desempenho rural pequeno
2502409,Bonito de Santa Fé,2,baixo desempenho rural pequeno
2513703,Santa Rita,1,alto desempenho urbano médio
2511608,Pilões,2,baixo desempenho rural pequeno
2504009,Campina Grande,1,alto desempenho urbano médio
2512002,Pocinhos,2,baixo desempenho rural pequeno
2503308,Cachoeira dos Índios,2,baixo desempenho rural pequeno
2500700,São João do Rio do Peixe,2,baixo desempenho rural pequeno
2500775,Aparecida,2,baixo desempenho rural pequeno
2500536,Alcantil,2,baixo desempenho rural pequeno
2513901,São Bento,2,baixo desempenho rural pequeno
2509206,Massaranduba,2,baixo desempenho rural pequeno
2510808,Patos,1,alto desempenho urbano médio
2508505,Livramento,2,baixo desempenho rural pequeno
2516201,Sousa,1,alto desempenho urbano médio
2500577,Algodão de Jandaíra,2,baixo desempenho rural pequeno
2513851,Santo André,0,alto desempenho urbano pequeno
2512754,Riachão do Bacamarte,2,baixo desempenho rural pequeno
2508901,Mamanguape,2,baixo desempenho rural pequeno
2510204,Nova Olinda,2,baixo desempenho rural pequeno
2502904,Brejo dos Santos,2,baixo desempenho rural pequeno
2508604,Lucena,2,baixo desempenho rural pequeno
2512721,Pedro Régis,2,baixo desempenho rural pequeno
2507507,João Pessoa,1,alto desempenho urbano médio
2512200,Prata,0,alto desempenho urbano pequeno
2501351,Assunção,2,baixo desempenho rural pequeno
2504074,Caraúbas,2,baixo desempenho rural pequeno
2504157,Casserengue,2,baixo desempenho rural pequeno
2500106,Água Branca,2,baixo desempenho rural pequeno
2514305,São José de Caiana,2,baixo desempenho rural pequeno
2511301,Piancó,2,baixo desempenho rural pequeno
2505709,Dona Inês,2,baixo desempenho rural pequeno
2503209,Cabedelo,1,alto desempenho urbano médio
2504702,Congo,2,baixo desempenho rural pequeno
2507903,Juripiranga,2,baixo desempenho rural pequeno
2516805,Triunfo,2,baixo desempenho rural pequeno
2509396,Maturéia,2,baixo desempenho rural pequeno
2505105,Cuité,2,baixo desempenho rural pequeno
2507705,Juazeirinho,2,baixo desempenho rural pequeno
2501500,Bananeiras,2,baixo desempenho rural pequeno
2514701,São José do Sabugi,2,baixo desempenho rural pequeno
2503704,Cajazeiras,1,alto desempenho urbano médio
2517100,Várzea,0,alto desempenho urbano pequeno
2512747,Riachão,2,baixo desempenho rural pequeno
2515930,Sertãozinho,2,baixo desempenho rural pequeno
2504355,Caturité,2,baixo desempenho rural pequeno
2513208,Santa Cruz,2,baixo desempenho rural pequeno
2513307,Santa Helena,2,baixo desempenho rural pequeno
2513356,Santa Inês,2,baixo desempenho rural pequeno
2511400,Picuí,2,baixo desempenho rural pequeno
2502805,Brejo do Cruz,2,baixo desempenho rural pequeno
2507408,Jericó,2,baixo desempenho rural pequeno
2510501,Olivedos,0,alto desempenho urbano pequeno
2503605,Caiçara,2,baixo desempenho rural pequeno
2503803,Caldas Brandão,2,baixo desempenho rural pequeno
2504306,Catolé do Rocha,2,baixo desempenho rural pequeno
2513406,Santa Luzia,0,alto desempenho urbano pequeno
2509701,Monteiro,2,baixo desempenho rural pequeno
2501609,Barra de Santa Rosa,2,baixo desempenho rural pequeno
2504504,Condado,2,baixo desempenho rural pequeno
2504033,Capim,2,baixo desempenho rural pequeno
2509800,Mulungu,2,baixo desempenho rural pequeno
2505402,Desterro,2,baixo desempenho rural pequeno
2504900,Cruz do Espírito Santo,2,baixo desempenho rural pequeno
2515401,São Vicente do Seridó,2,baixo desempenho rural pequeno
2516409,Tacima,2,baixo desempenho rural pequeno
2514404,São José de Espinharas,2,baixo desempenho rural pequeno
2507804,Junco do Seridó,2,baixo desempenho rural pequeno
2500601,Alhandra,2,baixo desempenho rural pequeno
2506806,Ingá,2,baixo desempenho rural pequeno
2500502,Alagoinha,2,baixo desempenho rural pequeno
2513984,São Francisco,0,alto desempenho urbano pequeno
2501906,Belém,2,baixo desempenho rural pequeno
2505279,Curral de Cima,2,baixo desempenho rural pequeno
2502003,Belém do Brejo do Cruz,2,baixo desempenho rural pequeno
2515500,Serra Branca,2,baixo desempenho rural pequeno
2510303,Nova Palmeira,0,alto desempenho urbano pequeno
2512101,Pombal,2,baixo desempenho rural pequeno
2514453,São José dos Ramos,2,baixo desempenho rural pequeno
2501534,Baraúna,2,baixo desempenho rural pequeno
2512705,Remígio,2,baixo desempenho rural pequeno
2509909,Natuba,2,baixo desempenho rural pequeno
2515971,Sobrado,2,baixo desempenho rural pequeno
2506103,Fagundes,2,baixo desempenho rural pequeno
2503100,Cabaceiras,0,alto desempenho urbano pequeno
2501708,Barra de São Miguel,2,baixo desempenho rural pequeno
2502052,Bernardino Batista,2,baixo desempenho rural pequeno
2504603,Conde,1,alto desempenho urbano médio
2516755,Tenório,0,alto desempenho urbano pequeno
2510907,Paulista,2,baixo desempenho rural pequeno
2506004,Esperança,2,baixo desempenho rural pequeno
2500809,Araçagi,2,baixo desempenho rural pequeno
2510659,Parari,2,baixo desempenho rural pequeno
2515104,São Sebastião de Lagoa de Roça,2,baixo desempenho rural pequeno
2503407,Cacimba de Areia,2,baixo desempenho rural pequeno
2510402,Olho d'Água,2,baixo desempenho rural pequeno
2502300,Bom Sucesso,0,alto desempenho urbano pequeno
2505907,Emas,0,alto desempenho urbano pequeno
2508000,Juru,2,baixo desempenho rural pequeno
2510105,Nova Floresta,2,baixo desempenho rural pequeno
2509503,Montadas,2,baixo desempenho rural pequeno
2513927,São Bentinho,2,baixo desempenho rural pequeno
2504801,Coremas,2,baixo desempenho rural pequeno
2506707,Imaculada,2,baixo desempenho rural pequeno
2508307,Lagoa Seca,2,baixo desempenho rural pequeno
2508802,Malta,2,baixo desempenho rural pequeno
2512762,Riachão do Poço,2,baixo desempenho rural pequeno
2508208,Lagoa de Dentro,2,baixo desempenho rural pequeno
2501302,Aroeiras,2,baixo desempenho rural pequeno
2500205,Aguiar,2,baixo desempenho rural pequeno
2502151,Boa Vista,2,baixo desempenho rural pequeno
2512804,Riacho dos Cavalos,2,baixo desempenho rural pequeno
2512606,Quixaba,0,alto desempenho urbano pequeno
2509057,Marcação,2,baixo desempenho rural pequeno
2504108,Carrapateira,0,alto desempenho urbano pequeno
2508703,Mãe d'Água,2,baixo desempenho rural pequeno
2507101,Itapororoca,2,baixo desempenho rural pequeno
2505006,Cubati,2,baixo desempenho rural pequeno
2516706,Teixeira,2,baixo desempenho rural pequeno
2506509,Gurjão,0,alto desempenho urbano pequeno
2511509,Pilar,2,baixo desempenho rural pequeno
2513000,Salgadinho,2,baixo desempenho rural pequeno
2509404,Mogeiro,2,baixo desempenho rural pequeno
2516607,Tavares,2,baixo desempenho rural pequeno
2504850,Coxixola,0,alto desempenho urbano pequeno
2511905,Pitimbu,2,baixo desempenho rural pequeno
2511103,Pedra Lavrada,2,baixo desempenho rural pequeno
2512408,Puxinanã,2,baixo desempenho rural pequeno
2516508,Taperoá,2,baixo desempenho rural pequeno
2506251,Gado Bravo,2,baixo desempenho rural pequeno
2504405,Conceição,2,baixo desempenho rural pequeno
2512903,Rio Tinto,2,baixo desempenho rural pequeno
2509339,Matinhas,2,baixo desempenho rural pequeno
2516003,Solânea,2,baixo desempenho rural pequeno
2512788,Riacho de Santo Antônio,2,baixo desempenho rural pequeno
2503506,Cacimba de Dentro,2,baixo desempenho rural pequeno
2514800,São José dos Cordeiros,2,baixo desempenho rural pequeno
2510709,Passagem,0,alto desempenho urbano pequeno
2508554,Logradouro,2,baixo desempenho rural pequeno
2514552,São José de Princesa,2,baixo desempenho rural pequeno
2513505,Santana de Mangueira,2,baixo desempenho rural pequeno
2502706,Borborema,2,baixo desempenho rural pequeno
2513968,São Domingos,2,baixo desempenho rural pequeno
2515906,Serraria,2,baixo desempenho rural pequeno
2509602,Monte Horebe,2,baixo desempenho rural pequeno
2503753,Cajazeirinhas,2,baixo desempenho rural pequeno
2501104,Areia,2,baixo desempenho rural pequeno
2500734,Amparo,0,alto desempenho urbano pequeno
2512507,Queimadas,1,alto desempenho urbano médio
2514206,São José da Lagoa Tapada,2,baixo desempenho rural pequeno
2509305,Mataraca,2,baixo desempenho rural pequeno
2513109,Salgado de São Félix,2,baixo desempenho rural pequeno
2510600,Ouro Velho,0,alto desempenho urbano pequeno
2509008,Manaíra,2,baixo desempenho rural pequeno
2517407,Zabelê,0,alto desempenho urbano pequeno
2501203,Areial,2,baixo desempenho rural pequeno
2515203,São Sebastião do Umbuzeiro,0,alto desempenho urbano pequeno
2511004,Pedra Branca,2,baixo desempenho rural pequeno
2512309,Princesa Isabel,2,baixo desempenho rural pequeno
2516904,Uiraúna,2,baixo desempenho rural pequeno
2511707,Pilõezinhos,2,baixo desempenho rural pequeno
2509156,Marizópolis,2,baixo desempenho rural pequeno
2605707,Floresta,2,baixo desempenho rural pequeno
2612901,São Benedito do Sul,2,baixo desempenho rural pequeno
2609303,Mirandiba,2,baixo desempenho rural pequeno
2609907,Ouricuri,2,baixo desempenho rural pequeno
2606705,Ibirajuba,2,baixo desempenho rural pequeno
2606408,Gravatá,1,alto desempenho urbano médio
2612406,Sanharó,2,baixo desempenho rural pequeno
2613404,São José da Coroa Grande,2,baixo desempenho rural pequeno
2600609,Alagoinha,2,baixo desempenho rural pequeno
2610004,Palmares,2,baixo desempenho rural pequeno
2614303,Moreilândia,2,baixo desempenho rural pequeno
2608255,Jucati,2,baixo desempenho rural pequeno
2613701,São Lourenço da Mata,1,alto desempenho urbano médio
2602001,Bodocó,2,baixo desempenho rural pequeno
2613107,São Caitano,2,baixo desempenho rural pequeno
2604205,Catende,2,baixo desempenho rural pequeno
2614857,Tamandaré,2,baixo desempenho rural pequeno
2601052,Araçoiaba,2,baixo desempenho rural pequeno
2612604,Santa Maria da Boa Vista,2,baixo desempenho rural pequeno
2616407,Vitória de Santo Antão,1,alto desempenho urbano médio
2609808,Orocó,2,baixo desempenho rural pequeno
2614709,Tacaimbó,2,baixo desempenho rural pequeno
2603207,Caetés,2,baixo desempenho rural pequeno
2604601,Condado,2,baixo desempenho rural pequeno
2600054,Abreu e Lima,1,alto desempenho urbano médio
2611309,Pombos,2,baixo desempenho rural pequeno
2613503,São José do Belmonte,2,baixo desempenho rural pequeno
2604304,Cedro,2,baixo desempenho rural pequeno
2610806,Pedra,2,baixo desempenho rural pequeno
2603702,Canhotinho,2,baixo desempenho rural pequeno
2608800,Lajedo,2,baixo desempenho rural pequeno
2611507,Quipapá,2,baixo desempenho rural pequeno
2608453,Lagoa do Carro,2,baixo desempenho rural pequeno
2607802,Itaquitinga,2,baixo desempenho rural pequeno
2613800,São Vicente Férrer,2,baixo desempenho rural pequeno
2610400,Parnamirim,2,baixo desempenho rural pequeno
2607653,Itambé,2,baixo desempenho rural pequeno
2601706,Belo Jardim,1,alto desempenho urbano médio
2608206,Joaquim Nabuco,2,baixo desempenho rural pequeno
2615409,Toritama,1,alto desempenho urbano médio
2606606,Ibimirim,2,baixo desempenho rural pequeno
2610707,Paulista,1,alto desempenho urbano médio
2603801,Capoeiras,2,baixo desempenho rural pequeno
2601607,Belém do São Francisco,2,baixo desempenho rural pequeno
2604700,Correntes,2,baixo desempenho rural pequeno
2608008,Jataúba,2,baixo desempenho rural pequeno
2611002,Petrolândia,2,baixo desempenho rural pequeno
2606002,Garanhuns,1,alto desempenho urbano médio
2601904,Bezerros,1,alto desempenho urbano médio
2602605,Brejo da Madre de Deus,2,baixo desempenho rural pequeno
2616100,Verdejante,2,baixo desempenho rural pequeno
2612505,Santa Cruz do Capibaribe,1,alto desempenho urbano médio
2606200,Goiana,1,alto desempenho urbano médio
2607604,Ilha de Itamaracá,2,baixo desempenho rural pequeno
2616001,Venturosa,2,baixo desempenho rural pequeno
2606309,Granito,2,baixo desempenho rural pequeno
2602803,Buíque,2,baixo desempenho rural pequeno
2609402,Moreno,1,alto desempenho urbano médio
2608404,Jurema,2,baixo desempenho rural pequeno
2607000,Inajá,2,baixo desempenho rural pequeno
2614006,Serrita,2,baixo desempenho rural pequeno
2605202,Escada,1,alto desempenho urbano médio
2609501,Nazaré da Mata,1,alto desempenho urbano médio
2600708,Aliança,2,baixo desempenho rural pequeno
2602902,Cabo de Santo Agostinho,1,alto desempenho urbano médio
2616209,Vertentes,2,baixo desempenho rural pequeno
2604502,Chã Grande,2,baixo desempenho rural pequeno
2600203,Afrânio,2,baixo desempenho rural pequeno
2608750,Lagoa Grande,2,baixo desempenho rural pequeno
2614501,Surubim,1,alto desempenho urbano médio
2604106,Caruaru,1,alto desempenho urbano médio
2614808,Tacaratu,2,baixo desempenho rural pequeno
2603504,Camocim de São Félix,2,baixo desempenho rural pequeno
2613008,São Bento do Una,2,baixo desempenho rural pequeno
2603603,Camutanga,2,baixo desempenho rural pequeno
2608107,João Alfredo,2,baixo desempenho rural pequeno
2603108,Cachoeirinha,2,baixo desempenho rural pequeno
2609154,Manari,2,baixo desempenho rural pequeno
2605301,Exu,2,baixo desempenho rural pequeno
2601102,Araripina,1,alto desempenho urbano médio
2603306,Calçado,2,baixo desempenho rural pequeno
2607901,Jaboatão dos Guararapes,1,alto desempenho urbano médio
2602308,Bonito,2,baixo desempenho rural pequeno
2607950,Jaqueira,2,baixo desempenho rural pequeno
2612307,Saloá,2,baixo desempenho rural pequeno
2600807,Altinho,2,baixo desempenho rural pequeno
2600500,Águas Belas,2,baixo desempenho rural pequeno
2616308,Vicência,2,baixo desempenho rural pequeno
2605509,Ferreiros,2,baixo desempenho rural pequeno
2615508,Tracunhaém,2,baixo desempenho rural pequeno
2603454,Camaragibe,1,alto desempenho urbano médio
2605905,Gameleira,2,baixo desempenho rural pequeno
2614105,Sertânia,2,baixo desempenho rural pequeno
2612554,Santa Filomena,2,baixo desempenho rural pequeno
2601201,Arcoverde,1,alto desempenho urbano médio
2610905,Pesqueira,1,alto desempenho urbano médio
2607505,Itaíba,2,baixo desempenho rural pequeno
2615607,Trindade,2,baixo desempenho rural pequeno
2602100,Bom Conselho,2,baixo desempenho rural pequeno
2614204,Sirinhaém,2,baixo desempenho rural pequeno
2609600,Olinda,1,alto desempenho urbano médio
2615003,Taquaritinga do Norte,2,baixo desempenho rural pequeno
2600401,Água Preta,2,baixo desempenho rural pequeno
2602209,Bom Jardim,2,baixo desempenho rural pequeno
2610103,Palmeirina,2,baixo desempenho rural pequeno
2608305,Jupi,2,baixo desempenho rural pequeno
2609709,Orobó,2,baixo desempenho rural pequeno
2613206,São João,2,baixo desempenho rural pequeno
2611606,Recife,1,alto desempenho urbano médio
2615201,Terra Nova,2,baixo desempenho rural pequeno
2601003,Angelim,2,baixo desempenho rural pequeno
2601409,Barreiros,2,baixo desempenho rural pequeno
2611804,Ribeirão,2,baixo desempenho rural pequeno
2604809,Cortês,2,baixo desempenho rural pequeno
2611200,Poção,2,baixo desempenho rural pequeno
2606804,Igarassu,1,alto desempenho urbano médio
2616506,Xexéu,2,baixo desempenho rural pequeno
2610608,Paudalho,1,alto desempenho urbano médio
2602704,Buenos Aires,2,baixo desempenho rural pequeno
2604403,Chã de Alegria,2,baixo desempenho rural pequeno
2611705,Riacho das Almas,2,baixo desempenho rural pequeno
2607406,Itacuruba,2,baixo desempenho rural pequeno
2604007,Carpina,1,alto desempenho urbano médio
2605152,Dormentes,2,baixo desempenho rural pequeno
2607703,Itapetim,2,baixo desempenho rural pequeno
2611101,Petrolina,1,alto desempenho urbano médio
2606507,Iati,2,baixo desempenho rural pequeno
2600104,Afogados da Ingazeira,2,baixo desempenho rural pequeno
2602407,Brejão,2,baixo desempenho rural pequeno
2613602,São José do Egito,2,baixo desempenho rural pequeno
2603009,Cabrobó,2,baixo desempenho rural pequeno
2612802,Santa Terezinha,2,baixo desempenho rural pequeno
2615102,Terezinha,2,baixo desempenho rural pequeno
2607208,Ipojuca,1,alto desempenho urbano médio
2605806,Frei Miguelinho,2,baixo desempenho rural pequeno
2612000,Sairé,2,baixo desempenho rural pequeno
2600906,Amaraji,2,baixo desempenho rural pequeno
2615805,Tupanatinga,2,baixo desempenho rural pequeno
2613305,São Joaquim do Monte,2,baixo desempenho rural pequeno
2609204,Maraial,2,baixo desempenho rural pequeno
2612455,Santa Cruz,2,baixo desempenho rural pequeno
2608503,Lagoa de Itaenga,2,baixo desempenho rural pequeno
2601805,Betânia,2,baixo desempenho rural pequeno
2606101,Glória do Goitá,2,baixo desempenho rural pequeno
2608701,Lagoa dos Gatos,2,baixo desempenho rural pequeno
2601508,Belém de Maria,2,baixo desempenho rural pequeno
2602506,Brejinho,2,baixo desempenho rural pequeno
2607307,Ipubi,2,baixo desempenho rural pequeno
2600302,Agrestina,2,baixo desempenho rural pequeno
2608909,Limoeiro,1,alto desempenho urbano médio
2606903,Iguaracy,2,baixo desempenho rural pequeno
2614600,Tabira,2,baixo desempenho rural pequeno
2608602,Lagoa do Ouro,2,baixo desempenho rural pequeno
2609006,Macaparana,2,baixo desempenho rural pequeno
2605608,Flores,2,baixo desempenho rural pequeno
2603405,Calumbi,2,baixo desempenho rural pequeno
2615300,Timbaúba,1,alto desempenho urbano médio
2610301,Paranatama,2,baixo desempenho rural pequeno
2614402,Solidão,2,baixo desempenho rural pequeno
2612471,Santa Cruz da Baixa Verde,2,baixo desempenho rural pequeno
2610509,Passira,2,baixo desempenho rural pequeno
2604908,Cumaru,2,baixo desempenho rural pequeno
2612208,Salgueiro,1,alto desempenho urbano médio
2613909,Serra Talhada,1,alto desempenho urbano médio
2608057,Jatobá,2,baixo desempenho rural pequeno
2610202,Panelas,2,baixo desempenho rural pequeno
2615904,Tuparetama,0,alto desempenho urbano pequeno
2605004,Cupira,2,baixo desempenho rural pequeno
2611408,Primavera,2,baixo desempenho rural pequeno
2607752,Itapissuma,1,alto desempenho urbano médio
2607109,Ingazeira,2,baixo desempenho rural pequeno
2604155,Casinhas,2,baixo desempenho rural pequeno
2611533,Quixaba,2,baixo desempenho rural pequeno
2601300,Barra de Guabiraba,2,baixo desempenho rural pequeno
2605103,Custódia,2,baixo desempenho rural pequeno
2612703,Santa Maria do Cambucá,2,baixo desempenho rural pequeno
2615706,Triunfo,2,baixo desempenho rural pequeno
2616183,Vertente do Lério,2,baixo desempenho rural pequeno
2603926,Carnaubeira da Penha,2,baixo desempenho rural pequeno
2605400,Feira Nova,2,baixo desempenho rural pequeno
2609105,Machados,2,baixo desempenho rural pequeno
2603900,Carnaíba,2,baixo desempenho rural pequeno
2611903,Rio Formoso,2,baixo desempenho rural pequeno
2612109,Salgadinho,2,baixo desempenho rural pequeno
2706109,Ouro Branco,2,baixo desempenho rural pequeno
2703601,Japaratinga,2,baixo desempenho rural pequeno
2707107,Piranhas,2,baixo desempenho rural pequeno
2705606,Novo Lino,2,baixo desempenho rural pequeno
2701308,Cajueiro,2,baixo desempenho rural pequeno
2707008,Pindoba,2,baixo desempenho rural pequeno
2705309,Minador do Negrão,2,baixo desempenho rural pequeno
2703106,Igaci,2,baixo desempenho rural pequeno
2707404,Porto de Pedras,2,baixo desempenho rural pequeno
2705200,Messias,2,baixo desempenho rural pequeno
2702405,Delmiro Gouveia,2,baixo desempenho rural pequeno
2701209,Cacimbinhas,2,baixo desempenho rural pequeno
2700508,Barra de Santo Antônio,2,baixo desempenho rural pequeno
2700607,Barra de São Miguel,2,baixo desempenho rural pequeno
2704500,Maragogi,2,baixo desempenho rural pequeno
2700409,Atalaia,2,baixo desempenho rural pequeno
2706802,Piaçabuçu,2,baixo desempenho rural pequeno
2707909,Santa Luzia do Norte,2,baixo desempenho rural pequeno
2709202,Traipu,2,baixo desempenho rural pequeno
2706307,Palmeira dos Índios,1,alto desempenho urbano médio
2700706,Batalha,2,baixo desempenho rural pequeno
2707206,Poço das Trincheiras,2,baixo desempenho rural pequeno
2706208,Palestina,2,baixo desempenho rural pequeno
2705804,Olho d'Água do Casado,2,baixo desempenho rural pequeno
2703809,Joaquim Gomes,2,baixo desempenho rural pequeno
2702207,Coqueiro Seco,2,baixo desempenho rural pequeno
2702603,Feira Grande,2,baixo desempenho rural pequeno
2705101,Matriz de Camaragibe,2,baixo desempenho rural pequeno
2708006,Santana do Ipanema,2,baixo desempenho rural pequeno
2702553,Estrela de Alagoas,2,baixo desempenho rural pequeno
2702801,Flexeiras,2,baixo desempenho rural pequeno
2703908,Jundiá,2,baixo desempenho rural pequeno
2705408,Monteirópolis,2,baixo desempenho rural pequeno
2708709,São Miguel dos Milagres,2,baixo desempenho rural pequeno
2703700,Jaramataia,2,baixo desempenho rural pequeno
2702900,Girau do Ponciano,2,baixo desempenho rural pequeno
2707305,Porto Calvo,2,baixo desempenho rural pequeno
2706604,Paulo Jacinto,2,baixo desempenho rural pequeno
2708808,São Sebastião,2,baixo desempenho rural pequeno
2707701,Rio Largo,1,alto desempenho urbano médio
2703403,Jacaré dos Homens,2,baixo desempenho rural pequeno
2706901,Pilar,2,baixo desempenho rural pequeno
2702702,Feliz Deserto,2,baixo desempenho rural pequeno
2700300,Arapiraca,1,alto desempenho urbano médio
2704302,Maceió,1,alto desempenho urbano médio
2705705,Olho d'Água das Flores,2,baixo desempenho rural pequeno
2709400,Viçosa,2,baixo desempenho rural pequeno
2708501,São Luís do Quitunde,2,baixo desempenho rural pequeno
2704401,Major Isidoro,2,baixo desempenho rural pequeno
2705002,Mata Grande,2,baixo desempenho rural pequeno
2701704,Capela,2,baixo desempenho rural pequeno
2701357,Campestre,2,baixo desempenho rural pequeno
2706703,Penedo,1,alto desempenho urbano médio
2704708,Marechal Deodoro,1,alto desempenho urbano médio
2706505,Passo de Camaragibe,2,baixo desempenho rural pequeno
2709004,Tanque d'Arca,2,baixo desempenho rural pequeno
2706422,Pariconha,2,baixo desempenho rural pequeno
2708907,Satuba,1,alto desempenho urbano médio
2701902,Chã Preta,2,baixo desempenho rural pequeno
2701803,Carneiros,2,baixo desempenho rural pequeno
2704203,Limoeiro de Anadia,2,baixo desempenho rural pequeno
2709103,Taquarana,2,baixo desempenho rural pequeno
2702355,Craíbas,2,baixo desempenho rural pequeno
2701605,Canapi,2,baixo desempenho rural pequeno
2704104,Lagoa da Canoa,2,baixo desempenho rural pequeno
2700102,Água Branca,2,baixo desempenho rural pequeno
2704807,Maribondo,2,baixo desempenho rural pequeno
2702504,Dois Riachos,2,baixo desempenho rural pequeno
2706406,Pão de Açúcar,2,baixo desempenho rural pequeno
2703205,Igreja Nova,2,baixo desempenho rural pequeno
2708402,São José da Tapera,2,baixo desempenho rural pequeno
2708600,São Miguel dos Campos,1,alto desempenho urbano médio
2703759,Jequiá da Praia,2,baixo desempenho rural pequeno
2706000,Olivença,2,baixo desempenho rural pequeno
2701506,Campo Grande,2,baixo desempenho rural pequeno
2708956,Senador Rui Palmeira,2,baixo desempenho rural pequeno
2709152,Teotônio Vilela,2,baixo desempenho rural pequeno
2704005,Junqueiro,2,baixo desempenho rural pequeno
2706448,Paripueira,2,baixo desempenho rural pequeno
2700201,Anadia,2,baixo desempenho rural pequeno
2705507,Murici,2,baixo desempenho rural pequeno
2703502,Jacuípe,2,baixo desempenho rural pequeno
2700805,Belém,2,baixo desempenho rural pequeno
2707602,Quebrangulo,2,baixo desempenho rural pequeno
2704906,Mar Vermelho,2,baixo desempenho rural pequeno
2707800,Roteiro,2,baixo desempenho rural pequeno
2703304,Inhapi,2,baixo desempenho rural pequeno
2701407,Campo Alegre,2,baixo desempenho rural pequeno
2708204,São Brás,2,baixo desempenho rural pequeno
2707503,Porto Real do Colégio,2,baixo desempenho rural pequeno
2704609,Maravilha,2,baixo desempenho rural pequeno
2701001,Boca da Mata,2,baixo desempenho rural pequeno
2702009,Coité do Nóia,2,baixo desempenho rural pequeno
2701100,Branquinha,2,baixo desempenho rural pequeno
2708303,São José da Laje,2,baixo desempenho rural pequeno
2700904,Belo Monte,2,baixo desempenho rural pequeno
2702108,Colônia Leopoldina,2,baixo desempenho rural pequeno
2705903,Olho d'Água Grande,2,baixo desempenho rural pequeno
2709301,União dos Palmares,1,alto desempenho urbano médio
2703007,Ibateguara,2,baixo desempenho rural pequeno
2702306,Coruripe,1,alto desempenho urbano médio
2708105,Santana do Mundaú,2,baixo desempenho rural pequeno
2804300,Muribeca,2,baixo desempenho rural pequeno
2805901,Riachuelo,2,baixo desempenho rural pequeno
2805109,Pedrinhas,2,baixo desempenho rural pequeno
2803609,Laranjeiras,2,baixo desempenho rural pequeno
2805208,Pinhão,2,baixo desempenho rural pequeno
2807303,Telha,2,baixo desempenho rural pequeno
2805406,Poço Redondo,2,baixo desempenho rural pequeno
2804904,Pacatuba,2,baixo desempenho rural pequeno
2803104,Itabi,2,baixo desempenho rural pequeno
2804706,Nossa Senhora de Lourdes,2,baixo desempenho rural pequeno
2802403,Gararu,2,baixo desempenho rural pequeno
2802304,Frei Paulo,2,baixo desempenho rural pequeno
2802502,General Maynard,0,alto desempenho urbano pequeno
2804805,Nossa Senhora do Socorro,1,alto desempenho urbano médio
2805703,Propriá,1,alto desempenho urbano médio
2802601,Graccho Cardoso,2,baixo desempenho rural pequeno
2804003,Maruim,2,baixo desempenho rural pequeno
2800209,Aquidabã,2,baixo desempenho rural pequeno
2804409,Neópolis,2,baixo desempenho rural pequeno
2800605,Barra dos Coqueiros,1,alto desempenho urbano médio
2801603,Cedro de São João,2,baixo desempenho rural pequeno
2801207,Canindé de São Francisco,2,baixo desempenho rural pequeno
2800670,Boquim,2,baixo desempenho rural pequeno
2805604,Porto da Folha,2,baixo desempenho rural pequeno
2803203,Itaporanga d'Ajuda,2,baixo desempenho rural pequeno
2806503,Santa Rosa de Lima,2,baixo desempenho rural pequeno
2804201,Monte Alegre de Sergipe,2,baixo desempenho rural pequeno
2801504,Carmópolis,2,baixo desempenho rural pequeno
2807600,Umbaúba,2,baixo desempenho rural pequeno
2801702,Cristinápolis,2,baixo desempenho rural pequeno
2806305,Santa Luzia do Itanhy,2,baixo desempenho rural pequeno
2805307,Pirambu,2,baixo desempenho rural pequeno
2803401,Japoatã,2,baixo desempenho rural pequeno
2802700,Ilha das Flores,2,baixo desempenho rural pequeno
2802908,Itabaiana,1,alto desempenho urbano médio
2800704,Brejo Grande,2,baixo desempenho rural pequeno
2800506,Areia Branca,2,baixo desempenho rural pequeno
2806404,Santana do São Francisco,2,baixo desempenho rural pequeno
2806800,São Domingos,2,baixo desempenho rural pequeno
2804508,Nossa Senhora da Glória,2,baixo desempenho rural pequeno
2800308,Aracaju,1,alto desempenho urbano médio
2802205,Feira Nova,2,baixo desempenho rural pequeno
2800407,Arauá,2,baixo desempenho rural pequeno
2805505,Poço Verde,2,baixo desempenho rural pequeno
2804607,Nossa Senhora das Dores,2,baixo desempenho rural pequeno
2807105,Simão Dias,2,baixo desempenho rural pequeno
2801306,Capela,2,baixo desempenho rural pequeno
2806008,Ribeirópolis,2,baixo desempenho rural pequeno
2802106,Estância,1,alto desempenho urbano médio
2801405,Carira,2,baixo desempenho rural pequeno
2806206,Salgado,2,baixo desempenho rural pequeno
2803906,Malhador,2,baixo desempenho rural pequeno
2806909,São Francisco,2,baixo desempenho rural pequeno
2806602,Santo Amaro das Brotas,2,baixo desempenho rural pequeno
2803500,Lagarto,1,alto desempenho urbano médio
2803708,Macambira,2,baixo desempenho rural pequeno
2804458,Nossa Senhora Aparecida,2,baixo desempenho rural pequeno
2802809,Indiaroba,2,baixo desempenho rural pequeno
2805802,Riachão do Dantas,2,baixo desempenho rural pequeno
2801009,Campo do Brito,2,baixo desempenho rural pequeno
2807006,São Miguel do Aleixo,2,baixo desempenho rural pequeno
2806107,Rosário do Catete,2,baixo desempenho rural pequeno
2802007,Divina Pastora,2,baixo desempenho rural pequeno
2803807,Malhada dos Bois,2,baixo desempenho rural pequeno
2800100,Amparo do São Francisco,2,baixo desempenho rural pequeno
2807402,Tobias Barreto,2,baixo desempenho rural pequeno
2803302,Japaratuba,2,baixo desempenho rural pequeno
2804102,Moita Bonita,2,baixo desempenho rural pequeno
2807501,Tomar do Geru,2,baixo desempenho rural pequeno
2801900,Cumbe,0,alto desempenho urbano pequeno
2801108,Canhoba,2,baixo desempenho rural pequeno
2807204,Siriri,2,baixo desempenho rural pequeno
2805000,Pedra Mole,2,baixo desempenho rural pequeno
2806701,São Cristóvão,1,alto desempenho urbano médio
2803005,Itabaianinha,2,baixo desempenho rural pequeno
2904506,Brotas de Macaúbas,2,baixo desempenho rural pequeno
2912103,Ibicaraí,2,baixo desempenho rural pequeno
2922508,Nazaré,2,baixo desempenho rural pequeno
2910503,Entre Rios,1,alto desempenho urbano médio
2919306,Lençóis,2,baixo desempenho rural pequeno
2928307,Santanópolis,2,baixo desempenho rural pequeno
2922854,Nova Redenção,2,baixo desempenho rural pequeno
2904902,Cachoeira,2,baixo desempenho rural pequeno
2919900,Macururé,2,baixo desempenho rural pequeno
2907400,Catolândia,2,baixo desempenho rural pequeno
2907202,Casa Nova,2,baixo desempenho rural pequeno
2904753,Buritirama,2,baixo desempenho rural pequeno
2911006,Floresta Azul,2,baixo desempenho rural pequeno
2916302,Itapebi,2,baixo desempenho rural pequeno
2929800,Saúde,2,baixo desempenho rural pequeno
2929701,Sátiro Dias,2,baixo desempenho rural pequeno
2902252,Arataca,2,baixo desempenho rural pequeno
2901908,Aporá,2,baixo desempenho rural pequeno
2910859,Filadélfia,2,baixo desempenho rural pequeno
2931103,Tanquinho,2,baixo desempenho rural pequeno
2926103,Retirolândia,2,baixo desempenho rural pequeno
2906824,Canudos,2,baixo desempenho rural pequeno
2919603,Macajuba,2,baixo desempenho rural pequeno
2910602,Esplanada,2,baixo desempenho rural pequeno
2911105,Formosa do Rio Preto,2,baixo desempenho rural pequeno
2915403,Itaju do Colônia,2,baixo desempenho rural pequeno
2912608,Ibiquera,2,baixo desempenho rural pequeno
2930105,Senhor do Bonfim,1,alto desempenho urbano médio
2902104,Araci,2,baixo desempenho rural pequeno
2900306,Acajutiba,2,baixo desempenho rural pequeno
2920809,Marcionílio Souza,2,baixo desempenho rural pequeno
2923704,Paratinga,2,baixo desempenho rural pequeno
2924108,Pedrão,2,baixo desempenho rural pequeno
2905503,Caldeirão Grande,2,baixo desempenho rural pequeno
2932457,Umburanas,2,baixo desempenho rural pequeno
2927507,Santa Bárbara,2,baixo desempenho rural pequeno
2900405,Água Fria,2,baixo desempenho rural pequeno
2915353,Itaguaçu da Bahia,2,baixo desempenho rural pequeno
2925600,Presidente Dutra,2,baixo desempenho rural pequeno
2918753,Lagoa Real,2,baixo desempenho rural pequeno
2905305,Cafarnaum,2,baixo desempenho rural pequeno
2915908,Itanagra,2,baixo desempenho rural pequeno
2922904,Nova Soure,2,baixo desempenho rural pequeno
2902203,Aramari,2,baixo desempenho rural pequeno
2923050,Novo Triunfo,2,baixo desempenho rural pequeno
2915809,Itambé,2,baixo desempenho rural pequeno
2919108,Lamarão,2,baixo desempenho rural pequeno
2920908,Mascote,2,baixo desempenho rural pequeno
2903607,Biritinga,2,baixo desempenho rural pequeno
2925758,Presidente Tancredo Neves,2,baixo desempenho rural pequeno
2929370,São José do Jacuípe,2,baixo desempenho rural pequeno
2922300,Muritiba,2,baixo desempenho rural pequeno
2922052,Mulungu do Morro,2,baixo desempenho rural pequeno
2923357,Ourolândia,2,baixo desempenho rural pequeno
2911808,Guaratinga,2,baixo desempenho rural pequeno
2927101,Rodelas,2,baixo desempenho rural pequeno
2931707,Terra Nova,2,baixo desempenho rural pequeno
2925253,Ponto Novo,2,baixo desempenho rural pequeno
2918506,Jussara,2,baixo desempenho rural pequeno
2911907,Iaçu,2,baixo desempenho rural pequeno
2904704,Buerarema,2,baixo desempenho rural pequeno
2903235,Barro Alto,2,baixo desempenho rural pequeno
2918308,Jitaúna,2,baixo desempenho rural pequeno
2924405,Pilão Arcado,2,baixo desempenho rural pequeno
2920700,Maraú,2,baixo desempenho rural pequeno
2908804,Contendas do Sincorá,2,baixo desempenho rural pequeno
2930501,Serrinha,1,alto desempenho urbano médio
2924009,Paulo Afonso,1,alto desempenho urbano médio
2928950,São Domingos,2,baixo desempenho rural pequeno
2928000,Santaluz,2,baixo desempenho rural pequeno
2920205,Malhada,2,baixo desempenho rural pequeno
2905156,Caetanos,2,baixo desempenho rural pequeno
2919157,Lapão,2,baixo desempenho rural pequeno
2926004,Remanso,2,baixo desempenho rural pequeno
2905800,Camamu,2,baixo desempenho rural pequeno
2906873,Capim Grosso,2,baixo desempenho rural pequeno
2927606,Santa Brígida,2,baixo desempenho rural pequeno
2930808,Souto Soares,2,baixo desempenho rural pequeno
2930774,Sobradinho,2,baixo desempenho rural pequeno
2917805,Jaguaripe,2,baixo desempenho rural pequeno
2913101,Ibititá,2,baixo desempenho rural pequeno
2930204,Sento Sé,2,baixo desempenho rural pequeno
2925808,Queimadas,2,baixo desempenho rural pequeno
2928505,Santa Terezinha,2,baixo desempenho rural pequeno
2922102,Mundo Novo,2,baixo desempenho rural pequeno
2914307,Iramaia,2,baixo desempenho rural pequeno
2907004,Cardeal da Silva,2,baixo desempenho rural pequeno
2902708,Barra,2,baixo desempenho rural pequeno
2918100,Jeremoabo,2,baixo desempenho rural pequeno
2904852,Cabaceiras do Paraguaçu,2,baixo desempenho rural pequeno
2916500,Itapicuru,2,baixo desempenho rural pequeno
2912202,Ibicoara,2,baixo desempenho rural pequeno
2913309,Ichu,2,baixo desempenho rural pequeno
2925402,Potiraguá,2,baixo desempenho rural pequeno
2917003,Itiúba,2,baixo desempenho rural pequeno
2907905,Cipó,2,baixo desempenho rural pequeno
2931509,Teofilândia,2,baixo desempenho rural pequeno
2900207,Abaré,2,baixo desempenho rural pequeno
2911501,Gongogi,2,baixo desempenho rural pequeno
2926509,Ribeira do Amparo,2,baixo desempenho rural pequeno
2929404,São Miguel das Matas,2,baixo desempenho rural pequeno
2900603,Aiquara,2,baixo desempenho rural pequeno
2911659,Guajeru,2,baixo desempenho rural pequeno
2919553,Luís Eduardo Magalhães,1,alto desempenho urbano médio
2930303,Serra Dourada,2,baixo desempenho rural pequeno
2931905,Tucano,2,baixo desempenho rural pequeno
2906303,Canavieiras,2,baixo desempenho rural pequeno
2924207,Pedro Alexandre,2,baixo desempenho rural pequeno
2907103,Carinhanha,2,baixo desempenho rural pequeno
2908408,Conceição do Coité,1,alto desempenho urbano médio
2906204,Canarana,2,baixo desempenho rural pequeno
2909208,Coronel João Sá,2,baixo desempenho rural pequeno
2925709,Presidente Jânio Quadros,2,baixo desempenho rural pequeno
2913705,Inhambupe,2,baixo desempenho rural pequeno
2928208,Santana,2,baixo desempenho rural pequeno
2920007,Maiquinique,2,baixo desempenho rural pequeno
2909901,Curaçá,2,baixo desempenho rural pequeno
2922706,Nova Canaã,2,baixo desempenho rural pequeno
2910305,Elísio Medrado,2,baixo desempenho rural pequeno
2912400,Ibipeba,2,baixo desempenho rural pequeno
2906808,Cansanção,2,baixo desempenho rural pequeno
2914000,Ipirá,2,baixo desempenho rural pequeno
2919207,Lauro de Freitas,1,alto desempenho urbano médio
2932200,Ubaitaba,2,baixo desempenho rural pequeno
2913457,Igrapiúna,2,baixo desempenho rural pequeno
2929206,São Francisco do Conde,1,alto desempenho urbano médio
2932705,Uruçuca,2,baixo desempenho rural pequeno
2907806,Cícero Dantas,2,baixo desempenho rural pequeno
2908903,Coração de Maria,2,baixo desempenho rural pequeno
2932903,Valença,1,alto desempenho urbano médio
2906402,Candeal,2,baixo desempenho rural pequeno
2914653,Itabela,2,baixo desempenho rural pequeno
2917508,Jacobina,1,alto desempenho urbano médio
2912707,Ibirapitanga,2,baixo desempenho rural pequeno
2933604,Xique-Xique,2,baixo desempenho rural pequeno
2922656,Nordestina,2,baixo desempenho rural pequeno
2922250,Muquém do São Francisco,2,baixo desempenho rural pequeno
2921500,Monte Santo,2,baixo desempenho rural pequeno
2918407,Juazeiro,1,alto desempenho urbano médio
2907608,Central,2,baixo desempenho rural pequeno
2911857,Heliópolis,2,baixo desempenho rural pequeno
2920452,Mansidão,2,baixo desempenho rural pequeno
2932309,Ubatã,2,baixo desempenho rural pequeno
2900900,Almadina,2,baixo desempenho rural pequeno
2917706,Jaguarari,2,baixo desempenho rural pequeno
2929354,São José da Vitória,2,baixo desempenho rural pequeno
2916609,Itapitanga,2,baixo desempenho rural pequeno
2916203,Itapé,2,baixo desempenho rural pequeno
2914901,Itacaré,2,baixo desempenho rural pequeno
2910800,Feira de Santana,1,alto desempenho urbano médio
2918605,Jussiape,2,baixo desempenho rural pequeno
2901155,América Dourada,2,baixo desempenho rural pequeno
2928109,Santa Maria da Vitória,2,baixo desempenho rural pequeno
2933000,Valente,2,baixo desempenho rural pequeno
2914802,Itabuna,1,alto desempenho urbano médio
2929008,São Félix,2,baixo desempenho rural pequeno
2921609,Morpará,2,baixo desempenho rural pequeno
2913606,Ilhéus,1,alto desempenho urbano médio
2930402,Serra Preta,2,baixo desempenho rural pequeno
2908200,Conceição da Feira,2,baixo desempenho rural pequeno
2929255,São Gabriel,2,baixo desempenho rural pequeno
2931301,Tapiramutá,2,baixo desempenho rural pequeno
2932408,Uibaí,2,baixo desempenho rural pequeno
2901353,Andorinha,2,baixo desempenho rural pequeno
2912905,Ibirataia,2,baixo desempenho rural pequeno
2910701,Euclides da Cunha,2,baixo desempenho rural pequeno
2916906,Itiruçu,2,baixo desempenho rural pequeno
2922805,Nova Itarana,2,baixo desempenho rural pequeno
2930600,Serrolândia,2,baixo desempenho rural pequeno
2915304,Itagimirim,0,alto desempenho urbano pequeno
2933158,Várzea Nova,2,baixo desempenho rural pequeno
2903805,Boa Vista do Tupim,2,baixo desempenho rural pequeno
2901809,Antônio Gonçalves,2,baixo desempenho rural pequeno
2911204,Gandu,2,baixo desempenho rural pequeno
2906501,Candeias,1,alto desempenho urbano médio
2933059,Várzea da Roça,2,baixo desempenho rural pequeno
2928802,Santo Estêvão,1,alto desempenho urbano médio
2932804,Utinga,2,baixo desempenho rural pequeno
2916708,Itaquara,2,baixo desempenho rural pequeno
2915502,Itajuípe,2,baixo desempenho rural pequeno
2921401,Mirangaba,2,baixo desempenho rural pequeno
2924603,Pindobaçu,2,baixo desempenho rural pequeno
2926608,Ribeira do Pombal,2,baixo desempenho rural pequeno
2928059,Santa Luzia,2,baixo desempenho rural pequeno
2905602,Camacan,2,baixo desempenho rural pequeno
2900702,Alagoinhas,1,alto desempenho urbano médio
2913903,Ipiaú,1,alto desempenho urbano médio
2908507,Conceição do Jacuípe,1,alto desempenho urbano médio
2901700,Antônio Cardoso,2,baixo desempenho rural pequeno
2928703,Santo Antônio de Jesus,1,alto desempenho urbano médio
2903904,Bom Jesus da Lapa,1,alto desempenho urbano médio
2921302,Milagres,2,baixo desempenho rural pequeno
2914505,Irará,2,baixo desempenho rural pequeno
2905701,Camaçari,1,alto desempenho urbano médio
2905107,Caém,2,baixo desempenho rural pequeno
2907707,Chorrochó,2,baixo desempenho rural pequeno
2913804,Ipecaetá,2,baixo desempenho rural pequeno
2925501,Prado,2,baixo desempenho rural pequeno
2909802,Cruz das Almas,1,alto desempenho urbano médio
2900108,Abaíra,2,baixo desempenho rural pequeno
2910727,Eunápolis,1,alto desempenho urbano médio
2918357,João Dourado,2,baixo desempenho rural pequeno
2923100,Olindina,2,baixo desempenho rural pequeno
2911402,Glória,2,baixo desempenho rural pequeno
2930154,Serra do Ramalho,2,baixo desempenho rural pequeno
2902609,Baixa Grande,2,baixo desempenho rural pequeno
2923308,Ouriçangas,2,baixo desempenho rural pequeno
2906857,Capela do Alto Alegre,2,baixo desempenho rural pequeno
2929305,São Gonçalo dos Campos,1,alto desempenho urbano médio
2921708,Morro do Chapéu,2,baixo desempenho rural pequeno
2902906,Barra do Choça,2,baixo desempenho rural pequeno
2918555,Jussari,2,baixo desempenho rural pequeno
2910057,Dias d'Ávila,1,alto desempenho urbano médio
2903409,Belmonte,2,baixo desempenho rural pequeno
2922607,Nilo Peçanha,2,baixo desempenho rural pequeno
2930907,Tabocas do Brejo Velho,2,baixo desempenho rural pequeno
2926202,Riachão das Neves,2,baixo desempenho rural pequeno
2908002,Coaraci,2,baixo desempenho rural pequeno
2901205,Anagé,2,baixo desempenho rural pequeno
2915205,Itagibá,2,baixo desempenho rural pequeno
2906006,Campo Formoso,2,baixo desempenho rural pequeno
2926905,Rio do Pires,2,baixo desempenho rural pequeno
2902054,Araçás,2,baixo desempenho rural pequeno
2906105,Canápolis,2,baixo desempenho rural pequeno
2910909,Firmino Alves,2,baixo desempenho rural pequeno
2911600,Governador Mangabeira,2,baixo desempenho rural pequeno
2909307,Correntina,2,baixo desempenho rural pequeno
2905909,Campo Alegre de Lourdes,2,baixo desempenho rural pequeno
2901957,Apuarema,2,baixo desempenho rural pequeno
2905404,Cairu,2,baixo desempenho rural pequeno
2918001,Jequié,1,alto desempenho urbano médio
2910008,Dário Meira,2,baixo desempenho rural pequeno
2923209,Oliveira dos Brejinhos,2,baixo desempenho rural pequeno
2927200,Ruy Barbosa,2,baixo desempenho rural pequeno
2933505,Wenceslau Guimarães,2,baixo desempenho rural pequeno
2915106,Itagi,2,baixo desempenho rural pequeno
2901403,Angical,2,baixo desempenho rural pequeno
2916104,Itaparica,2,baixo desempenho rural pequeno
2916807,Itarantim,2,baixo desempenho rural pequeno
2919504,Livramento de Nossa Senhora,2,baixo desempenho rural pequeno
2924058,Pé de Serra,2,baixo desempenho rural pequeno
2932507,Una,2,baixo desempenho rural pequeno
2903102,Barra do Rocha,2,baixo desempenho rural pequeno
2901106,Amélia Rodrigues,2,baixo desempenho rural pequeno
2903201,Barreiras,1,alto desempenho urbano médio
2926301,Riachão do Jacuípe,2,baixo desempenho rural pequeno
2906709,Cândido Sales,2,baixo desempenho rural pequeno
2933208,Vera Cruz,1,alto desempenho urbano médio
2925907,Quijingue,2,baixo desempenho rural pequeno
2903003,Barra do Mendes,2,baixo desempenho rural pequeno
2927408,Salvador,1,alto desempenho urbano médio
2901502,Anguera,2,baixo desempenho rural pequeno
2903300,Barro Preto,2,baixo desempenho rural pequeno
2914406,Iraquara,2,baixo desempenho rural pequeno
2925931,Quixabeira,2,baixo desempenho rural pequeno
2931202,Taperoá,2,baixo desempenho rural pequeno
2925006,Planalto,2,baixo desempenho rural pequeno
2916401,Itapetinga,1,alto desempenho urbano médio
2904050,Bonito,2,baixo desempenho rural pequeno
2904100,Boquira,2,baixo desempenho rural pequeno
2914208,Irajuba,2,baixo desempenho rural pequeno
2920403,Manoel Vitorino,2,baixo desempenho rural pequeno
2902500,Baianópolis,2,baixo desempenho rural pequeno
2927705,Santa Cruz Cabrália,2,baixo desempenho rural pequeno
2931400,Teodoro Sampaio,2,baixo desempenho rural pequeno
2915007,Itaeté,2,baixo desempenho rural pequeno
2919926,Madre de Deus,1,alto desempenho urbano médio
2917359,Jaborandi,2,baixo desempenho rural pequeno
2904407,Brejolândia,2,baixo desempenho rural pequeno
2902658,Banzaê,2,baixo desempenho rural pequeno
2906907,Caravelas,2,baixo desempenho rural pequeno
2909406,Cotegipe,2,baixo desempenho rural pequeno
2908606,Conde,2,baixo desempenho rural pequeno
2920106,Mairi,2,baixo desempenho rural pequeno
2927002,Rio Real,2,baixo desempenho rural pequeno
2926400,Riacho de Santana,2,baixo desempenho rural pequeno
2921054,Matina,2,baixo desempenho rural pequeno
2903953,Bom Jesus da Serra,2,baixo desempenho rural pequeno
2924306,Piatã,2,baixo desempenho rural pequeno
2910404,Encruzilhada,2,baixo desempenho rural pequeno
2914703,Itaberaba,1,alto desempenho urbano médio
2921906,Mucugê,2,baixo desempenho rural pequeno
2918209,Jiquiriçá,2,baixo desempenho rural pequeno
2902005,Aracatu,2,baixo desempenho rural pequeno
2903276,Barrocas,2,baixo desempenho rural pequeno
2913200,Ibotirama,2,baixo desempenho rural pequeno
2914604,Irecê,1,alto desempenho urbano médio
2929750,Saubara,2,baixo desempenho rural pequeno
2930709,Simões Filho,1,alto desempenho urbano médio
2924801,Piritiba,2,baixo desempenho rural pequeno
2910750,Fátima,2,baixo desempenho rural pequeno
2902401,Aurelino Leal,2,baixo desempenho rural pequeno
2903706,Boa Nova,2,baixo desempenho rural pequeno
2907301,Castro Alves,2,baixo desempenho rural pequeno
2923506,Palmeiras,2,baixo desempenho rural pequeno
2930766,Sítio do Quinto,2,baixo desempenho rural pequeno
2928604,Santo Amaro,1,alto desempenho urbano médio
2919801,Macaúbas,2,baixo desempenho rural pequeno
2901601,Antas,2,baixo desempenho rural pequeno
2933174,Varzedo,2,baixo desempenho rural pequeno
2912509,Ibipitanga,2,baixo desempenho rural pequeno
2925105,Poções,2,baixo desempenho rural pequeno
2915601,Itamaraju,1,alto desempenho urbano médio
2917300,Ituberá,2,baixo desempenho rural pequeno
2907509,Catu,1,alto desempenho urbano médio
2928901,São Desidério,1,alto desempenho urbano médio
2900355,Adustina,2,baixo desempenho rural pequeno
2924652,Pintadas,2,baixo desempenho rural pequeno
2911303,Gentio do Ouro,2,baixo desempenho rural pequeno
2930758,Sítio do Mato,2,baixo desempenho rural pequeno
2904001,Boninal,2,baixo desempenho rural pequeno
2923902,Pau Brasil,2,baixo desempenho rural pequeno
2900801,Alcobaça,2,baixo desempenho rural pequeno
2932002,Uauá,2,baixo desempenho rural pequeno
2909703,Cristópolis,2,baixo desempenho rural pequeno
2933109,Várzea do Poço,2,baixo desempenho rural pequeno
2901304,Andaraí,2,baixo desempenho rural pequeno
2927804,Santa Cruz da Vitória,2,baixo desempenho rural pequeno
2922201,Muniz Ferreira,2,baixo desempenho rural pequeno
2929107,São Felipe,2,baixo desempenho rural pequeno
2917607,Jaguaquara,2,baixo desempenho rural pequeno
2923407,Palmas de Monte Alto,2,baixo desempenho rural pequeno
2923605,Paramirim,2,baixo desempenho rural pequeno
2917102,Itororó,2,baixo desempenho rural pequeno
2918803,Laje,2,baixo desempenho rural pequeno
2920601,Maragogipe,2,baixo desempenho rural pequeno
2925303,Porto Seguro,1,alto desempenho urbano médio
2931608,Teolândia,2,baixo desempenho rural pequeno
2928406,Santa Rita de Cássia,2,baixo desempenho rural pequeno
2909109,Coribe,2,baixo desempenho rural pequeno
2926657,Ribeirão do Largo,2,baixo desempenho rural pequeno
2922730,Nova Fátima,2,baixo desempenho rural pequeno
2906600,Candiba,2,baixo desempenho rural pequeno
2906899,Caraíbas,2,baixo desempenho rural pequeno
2932101,Ubaíra,2,baixo desempenho rural pequeno
2927903,Santa Inês,2,baixo desempenho rural pequeno
2907558,Caturama,2,baixo desempenho rural pequeno
2902302,Aratuípe,2,baixo desempenho rural pequeno
2927309,Salinas da Margarida,2,baixo desempenho rural pequeno
2933307,Vitória da Conquista,1,alto desempenho urbano médio
2925956,Rafael Jambeiro,2,baixo desempenho rural pequeno
2903508,Belo Campo,2,baixo desempenho rural pequeno
2924678,Piraí do Norte,2,baixo desempenho rural pequeno
2921203,Miguel Calmon,2,baixo desempenho rural pequeno
2902807,Barra da Estiva,2,baixo desempenho rural pequeno
2910107,Dom Basílio,2,baixo desempenho rural pequeno
2922003,Mucuri,1,alto desempenho urbano médio
2904803,Caatiba,2,baixo desempenho rural pequeno
2919702,Macarani,2,baixo desempenho rural pequeno
2917334,Iuiu,2,baixo desempenho rural pequeno
2908101,Cocos,2,baixo desempenho rural pequeno
2929909,Seabra,2,baixo desempenho rural pequeno
2911709,Guanambi,1,alto desempenho urbano médio
2905206,Caetité,1,alto desempenho urbano médio
2909604,Crisópolis,2,baixo desempenho rural pequeno
2913507,Iguaí,2,baixo desempenho rural pequeno
2931806,Tremedal,2,baixo desempenho rural pequeno
2922755,Nova Ibiá,2,baixo desempenho rural pequeno
2926707,Rio de Contas,2,baixo desempenho rural pequeno
2929503,São Sebastião do Passé,1,alto desempenho urbano médio
2919009,Lajedinho,2,baixo desempenho rural pequeno
2901007,Amargosa,2,baixo desempenho rural pequeno
2917904,Jandaíra,2,baixo desempenho rural pequeno
2921104,Medeiros Neto,2,baixo desempenho rural pequeno
2905008,Caculé,2,baixo desempenho rural pequeno
2923803,Paripiranga,2,baixo desempenho rural pequeno
2931350,Teixeira de Freitas,1,alto desempenho urbano médio
2916856,Itatim,2,baixo desempenho rural pequeno
2921450,Mirante,2,baixo desempenho rural pequeno
2933406,Wagner,2,baixo desempenho rural pequeno
2904605,Brumado,1,alto desempenho urbano médio
2920502,Maracás,2,baixo desempenho rural pequeno
2921005,Mata de São João,1,alto desempenho urbano médio
2933455,Wanderley,2,baixo desempenho rural pequeno
2904308,Brejões,2,baixo desempenho rural pequeno
2924900,Planaltino,2,baixo desempenho rural pequeno
2908309,Conceição do Almeida,2,baixo desempenho rural pequeno
2929057,São Félix do Coribe,2,baixo desempenho rural pequeno
2919058,Lajedo do Tabocal,2,baixo desempenho rural pequeno
2910776,Feira da Mata,2,baixo desempenho rural pequeno
2923001,Nova Viçosa,1,alto desempenho urbano médio
2929602,Sapeaçu,2,baixo desempenho rural pequeno
2916005,Itanhém,2,baixo desempenho rural pequeno
2918456,Jucuruçu,2,baixo desempenho rural pequeno
2913408,Igaporã,2,baixo desempenho rural pequeno
2909505,Cravolândia,2,baixo desempenho rural pequeno
2922409,Mutuípe,2,baixo desempenho rural pequeno
2918902,Lajedão,0,alto desempenho urbano pequeno
2917201,Ituaçu,2,baixo desempenho rural pequeno
2912301,Ibicuí,2,baixo desempenho rural pequeno
2931004,Tanhaçu,2,baixo desempenho rural pequeno
2932606,Urandi,2,baixo desempenho rural pequeno
2930006,Sebastião Laranjeiras,2,baixo desempenho rural pequeno
2915700,Itamari,2,baixo desempenho rural pequeno
2925204,Pojuca,1,alto desempenho urbano médio
2912806,Ibirapuã,2,baixo desempenho rural pequeno
2911253,Gavião,2,baixo desempenho rural pequeno
2923035,Novo Horizonte,2,baixo desempenho rural pequeno
2919959,Maetinga,2,baixo desempenho rural pequeno
2913002,Ibitiara,2,baixo desempenho rural pequeno
2904209,Botuporã,2,baixo desempenho rural pequeno
2926806,Rio do Antônio,2,baixo desempenho rural pequeno
2924702,Piripá,2,baixo desempenho rural pequeno
2931053,Tanque Novo,2,baixo desempenho rural pequeno
2917409,Jacaraci,2,baixo desempenho rural pequeno
2912004,Ibiassucê,2,baixo desempenho rural pequeno
2914109,Ipupiara,2,baixo desempenho rural pequeno
2933257,Vereda,2,baixo desempenho rural pequeno
2918704,Lafaiete Coutinho,2,baixo desempenho rural pequeno
2900504,Érico Cardoso,2,baixo desempenho rural pequeno
2909000,Cordeiros,2,baixo desempenho rural pequeno
2921807,Mortugaba,2,baixo desempenho rural pequeno
2920304,Malhada de Pedras,2,baixo desempenho rural pequeno
2924504,Pindaí,2,baixo desempenho rural pequeno
2919405,Licínio de Almeida,2,baixo desempenho rural pequeno
2908705,Condeúba,2,baixo desempenho rural pequeno
2910206,Dom Macedo Costa,0,alto desempenho urbano pequeno
3126307,Fortaleza de Minas,0,alto desempenho urbano pequeno
3171105,Veríssimo,0,alto desempenho urbano pequeno
3128204,Guaraciaba,0,alto desempenho urbano pequeno
3145406,Olaria,0,alto desempenho urbano pequeno
3106101,Belmiro Braga,0,alto desempenho urbano pequeno
3107703,Bom Jesus do Amparo,0,alto desempenho urbano pequeno
3142502,Monjolos,0,alto desempenho urbano pequeno
3105707,Barra Longa,2,baixo desempenho rural pequeno
3149408,Pedro Teixeira,0,alto desempenho urbano pequeno
3121704,Diogo de Vasconcelos,2,baixo desempenho rural pequeno
3100906,Águas Formosas,2,baixo desempenho rural pequeno
3108503,Botumirim,0,alto desempenho urbano pequeno
3126505,Francisco Badaró,2,baixo desempenho rural pequeno
3158300,Santana da Vargem,0,alto desempenho urbano pequeno
3119203,Coroaci,2,baixo desempenho rural pequeno
3143708,Morro do Pilar,0,alto desempenho urbano pequeno
3163409,São José do Goiabal,0,alto desempenho urbano pequeno
3126950,Frei Lagonegro,2,baixo desempenho rural pequeno
3169208,Tombos,0,alto desempenho urbano pequeno
3136405,Joaquim Felício,0,alto desempenho urbano pequeno
3112505,Capim Branco,0,alto desempenho urbano pequeno
3147501,Passabém,0,alto desempenho urbano pequeno
3133907,Itaverava,0,alto desempenho urbano pequeno
3157252,Santa Bárbara do Leste,0,alto desempenho urbano pequeno
3167509,Simão Pereira,0,alto desempenho urbano pequeno
3125309,Faria Lemos,0,alto desempenho urbano pequeno
3135209,Januária,1,alto desempenho urbano médio
3139300,Manga,2,baixo desempenho rural pequeno
3137007,Ladainha,2,baixo desempenho rural pequeno
3120300,Cristália,2,baixo desempenho rural pequeno
3146701,Palma,0,alto desempenho urbano pequeno
3149150,Pedras de Maria da Cruz,2,baixo desempenho rural pequeno
3150307,Piedade do Rio Grande,0,alto desempenho urbano pequeno
3115904,Chácara,0,alto desempenho urbano pequeno
3113800,Carmésia,0,alto desempenho urbano pequeno
3150109,Piau,0,alto desempenho urbano pequeno
3149507,Pequeri,0,alto desempenho urbano pequeno
3126604,Francisco Dumont,0,alto desempenho urbano pequeno
3129707,Ibiraci,0,alto desempenho urbano pequeno
3157609,Santa Fé de Minas,0,alto desempenho urbano pequeno
3136520,José Gonçalves de Minas,0,alto desempenho urbano pequeno
3150539,Pingo-d'Água,0,alto desempenho urbano pequeno
3150208,Piedade de Ponte Nova,0,alto desempenho urbano pequeno
3125002,Ewbank da Câmara,0,alto desempenho urbano pequeno
3165800,Senador José Bento,0,alto desempenho urbano pequeno
3116902,Comendador Gomes,0,alto desempenho urbano pequeno
3115458,Catuji,2,baixo desempenho rural pequeno
3115300,Cataguases,1,alto desempenho urbano médio
3136959,Juvenília,2,baixo desempenho rural pequeno
3127057,Fronteira dos Vales,2,baixo desempenho rural pequeno
3140605,Materlândia,0,alto desempenho urbano pequeno
3129301,Iapu,2,baixo desempenho rural pequeno
3131604,Iraí de Minas,0,alto desempenho urbano pequeno
3140852,Matias Cardoso,2,baixo desempenho rural pequeno
3129905,Ibitiúra de Minas,0,alto desempenho urbano pequeno
3125903,Ferros,2,baixo desempenho rural pequeno
3109402,Buritizeiro,2,baixo desempenho rural pequeno
3154150,Reduto,2,baixo desempenho rural pequeno
3146750,Palmópolis,2,baixo desempenho rural pequeno
3169604,Tupaciguara,1,alto desempenho urbano médio
3123403,Doresópolis,0,alto desempenho urbano pequeno
3101706,Almenara,2,baixo desempenho rural pequeno
3155405,Rio Novo,0,alto desempenho urbano pequeno
3167004,Serranos,0,alto desempenho urbano pequeno
3102209,Alvarenga,2,baixo desempenho rural pequeno
3135605,Jequitaí,0,alto desempenho urbano pequeno
3138005,Laranjal,0,alto desempenho urbano pequeno
3145802,Onça de Pitangui,0,alto desempenho urbano pequeno
3119104,Corinto,1,alto desempenho urbano médio
3139250,Mamonas,2,baixo desempenho rural pequeno
3122108,Divino das Laranjeiras,0,alto desempenho urbano pequeno
3137304,Lagoa dos Patos,0,alto desempenho urbano pequeno
3133204,Itanhomi,0,alto desempenho urbano pequeno
3156809,Sabinópolis,2,baixo desempenho rural pequeno
3131109,Inimutaba,0,alto desempenho urbano pequeno
3142254,Miravânia,2,baixo desempenho rural pequeno
3116100,Chapada do Norte,2,baixo desempenho rural pequeno
3109451,Cabeceira Grande,0,alto desempenho urbano pequeno
3154804,Rio Acima,0,alto desempenho urbano pequeno
3162450,São João das Missões,2,baixo desempenho rural pequeno
3112653,Capitão Andrade,0,alto desempenho urbano pequeno
3143203,Monte Santo de Minas,0,alto desempenho urbano pequeno
3127339,Gameleiras,0,alto desempenho urbano pequeno
3159308,Santa Rita de Jacutinga,0,alto desempenho urbano pequeno
3165602,Senador Cortes,0,alto desempenho urbano pequeno
3152402,Poté,2,baixo desempenho rural pequeno
3128253,Guaraciama,0,alto desempenho urbano pequeno
3101904,Alpinópolis,0,alto desempenho urbano pequeno
3126703,Francisco Sá,2,baixo desempenho rural pequeno
3110905,Campanha,0,alto desempenho urbano pequeno
3119302,Coromandel,1,alto desempenho urbano médio
3113008,Caraí,2,baixo desempenho rural pequeno
3145059,Nova Porteirinha,0,alto desempenho urbano pequeno
3153707,Quartel Geral,0,alto desempenho urbano pequeno
3121902,Divinésia,0,alto desempenho urbano pequeno
3101003,Águas Vermelhas,2,baixo desempenho rural pequeno
3123106,Dores de Guanhães,0,alto desempenho urbano pequeno
3130705,Indianópolis,0,alto desempenho urbano pequeno
3157500,Santa Efigênia de Minas,2,baixo desempenho rural pequeno
3107406,Bom Despacho,1,alto desempenho urbano médio
3122454,Divisópolis,2,baixo desempenho rural pequeno
3135050,Jaíba,1,alto desempenho urbano médio
3136009,Joaíma,2,baixo desempenho rural pequeno
3154705,Ribeirão Vermelho,0,alto desempenho urbano pequeno
3144102,Muzambinho,1,alto desempenho urbano médio
3157104,Salto da Divisa,2,baixo desempenho rural pequeno
3171006,Vazante,1,alto desempenho urbano médio
3168051,Taparuba,0,alto desempenho urbano pequeno
3171808,Virginópolis,0,alto desempenho urbano pequeno
3127073,Fruta de Leite,2,baixo desempenho rural pequeno
3103405,Araçuaí,1,alto desempenho urbano médio
3136702,Juiz de Fora,1,alto desempenho urbano médio
3135803,Jequitinhonha,2,baixo desempenho rural pequeno
3156007,Rio Vermelho,2,baixo desempenho rural pequeno
3145356,Novo Oriente de Minas,2,baixo desempenho rural pequeno
3169505,Tumiritinga,0,alto desempenho urbano pequeno
3106903,Bicas,0,alto desempenho urbano pequeno
3149952,Periquito,0,alto desempenho urbano pequeno
3163300,São José do Divino,0,alto desempenho urbano pequeno
3156304,Rodeiro,0,alto desempenho urbano pequeno
3104502,Arinos,2,baixo desempenho rural pequeno
3123809,Engenheiro Navarro,0,alto desempenho urbano pequeno
3158508,Santana de Pirapama,0,alto desempenho urbano pequeno
3129004,Guiricema,0,alto desempenho urbano pequeno
3134707,Jacinto,2,baixo desempenho rural pequeno
3170107,Uberaba,1,alto desempenho urbano médio
3151602,Planura,0,alto desempenho urbano pequeno
3101805,Alpercata,0,alto desempenho urbano pequeno
3165503,Sardoá,0,alto desempenho urbano pequeno
3111804,Canápolis,0,alto desempenho urbano pequeno
3130507,Ilicínea,0,alto desempenho urbano pequeno
3161106,São Francisco,1,alto desempenho urbano médio
3119005,Cordislândia,0,alto desempenho urbano pequeno
3138609,Lima Duarte,0,alto desempenho urbano pequeno
3170909,Varzelândia,2,baixo desempenho rural pequeno
3158102,Santa Maria do Salto,0,alto desempenho urbano pequeno
3146255,Padre Carvalho,0,alto desempenho urbano pequeno
3158706,Santana do Garambéu,0,alto desempenho urbano pequeno
3142106,Miradouro,0,alto desempenho urbano pequeno
3124807,Estrela do Sul,0,alto desempenho urbano pequeno
3146909,Papagaios,0,alto desempenho urbano pequeno
3166105,Senhora do Porto,0,alto desempenho urbano pequeno
3122900,Dona Euzébia,0,alto desempenho urbano pequeno
3160207,Santo Antônio do Itambé,0,alto desempenho urbano pequeno
3119401,Coronel Fabriciano,1,alto desempenho urbano médio
3131000,Inhaúma,0,alto desempenho urbano pequeno
3103702,Araponga,2,baixo desempenho rural pequeno
3120003,Córrego Novo,0,alto desempenho urbano pequeno
3127305,Galiléia,0,alto desempenho urbano pequeno
3139409,Manhuaçu,1,alto desempenho urbano médio
3136652,Juatuba,1,alto desempenho urbano médio
3104809,Augusto de Lima,0,alto desempenho urbano pequeno
3103504,Araguari,1,alto desempenho urbano médio
3150570,Pintópolis,2,baixo desempenho rural pequeno
3107505,Bom Jardim de Minas,0,alto desempenho urbano pequeno
3162922,São Joaquim de Bicas,1,alto desempenho urbano médio
3141108,Matozinhos,1,alto desempenho urbano médio
3153905,Raposos,0,alto desempenho urbano pequeno
3163607,São José do Mantimento,0,alto desempenho urbano pequeno
3129202,Heliodora,0,alto desempenho urbano pequeno
3132602,Itamarati de Minas,0,alto desempenho urbano pequeno
3136603,Nova União,0,alto desempenho urbano pequeno
3102308,Alvinópolis,0,alto desempenho urbano pequeno
3122009,Divino,2,baixo desempenho rural pequeno
3165552,Setubinha,2,baixo desempenho rural pequeno
3142700,Montalvânia,2,baixo desempenho rural pequeno
3172202,Wenceslau Braz,0,alto desempenho urbano pequeno
3144656,Ninheira,2,baixo desempenho rural pequeno
3147402,Paraopeba,1,alto desempenho urbano médio
3120102,Couto de Magalhães de Minas,0,alto desempenho urbano pequeno
3101102,Aimorés,1,alto desempenho urbano médio
3146305,Padre Paraíso,2,baixo desempenho rural pequeno
3116159,Chapada Gaúcha,2,baixo desempenho rural pequeno
3144375,Natalândia,0,alto desempenho urbano pequeno
3162252,São João da Lagoa,0,alto desempenho urbano pequeno
3138682,Luislândia,2,baixo desempenho rural pequeno
3107208,Bocaina de Minas,0,alto desempenho urbano pequeno
3132107,Itacarambi,2,baixo desempenho rural pequeno
3159605,Santa Rita do Sapucaí,1,alto desempenho urbano médio
3145604,Oliveira,1,alto desempenho urbano médio
3171402,Vieiras,0,alto desempenho urbano pequeno
3151206,Pirapora,1,alto desempenho urbano médio
3135100,Janaúba,1,alto desempenho urbano médio
3143153,Monte Formoso,2,baixo desempenho rural pequeno
3133303,Itaobim,2,baixo desempenho rural pequeno
3143005,Monte Belo,0,alto desempenho urbano pequeno
3139607,Mantena,1,alto desempenho urbano médio
3144672,Nova Belém,2,baixo desempenho rural pequeno
3113404,Caratinga,1,alto desempenho urbano médio
3149101,Pedralva,0,alto desempenho urbano pequeno
3171600,Virgem da Lapa,2,baixo desempenho rural pequeno
3146206,Ouro Verde de Minas,2,baixo desempenho rural pequeno
3164209,São Romão,0,alto desempenho urbano pequeno
3168606,Teófilo Otoni,1,alto desempenho urbano médio
3172103,Volta Grande,0,alto desempenho urbano pequeno
3108909,Brazópolis,0,alto desempenho urbano pequeno
3157302,Santa Bárbara do Tugúrio,0,alto desempenho urbano pequeno
3124104,Esmeraldas,1,alto desempenho urbano médio
3121258,Delta,0,alto desempenho urbano pequeno
3127206,Funilândia,0,alto desempenho urbano pequeno
3113305,Carangola,1,alto desempenho urbano médio
3170701,Varginha,1,alto desempenho urbano médio
3111903,Cana Verde,0,alto desempenho urbano pequeno
3107604,Bom Jesus da Penha,0,alto desempenho urbano pequeno
3122355,Divisa Alegre,0,alto desempenho urbano pequeno
3110301,Caldas,0,alto desempenho urbano pequeno
3170206,Uberlândia,1,alto desempenho urbano médio
3169307,Três Corações,1,alto desempenho urbano médio
3112604,Capinópolis,0,alto desempenho urbano pequeno
3134509,Itutinga,0,alto desempenho urbano pequeno
3153509,Alto Jequitibá,2,baixo desempenho rural pequeno
3141900,Minduri,0,alto desempenho urbano pequeno
3166709,Serra dos Aimorés,0,alto desempenho urbano pequeno
3130804,Ingaí,0,alto desempenho urbano pequeno
3130101,Igarapé,1,alto desempenho urbano médio
3134004,Itinga,2,baixo desempenho rural pequeno
3171501,Mathias Lobato,0,alto desempenho urbano pequeno
3127701,Governador Valadares,1,alto desempenho urbano médio
3100203,Abaeté,0,alto desempenho urbano pequeno
3109600,Cachoeira da Prata,0,alto desempenho urbano pequeno
3129806,Ibirité,1,alto desempenho urbano médio
3133600,Itapeva,0,alto desempenho urbano pequeno
3132701,Itambacuri,2,baixo desempenho rural pequeno
3144300,Nanuque,1,alto desempenho urbano médio
3157807,Santa Luzia,1,alto desempenho urbano médio
3109303,Buritis,1,alto desempenho urbano médio
3125606,Felisburgo,2,baixo desempenho rural pequeno
3125705,Felixlândia,0,alto desempenho urbano pequeno
3135704,Jequitibá,0,alto desempenho urbano pequeno
3126802,Frei Gaspar,2,baixo desempenho rural pequeno
3135076,Jampruca,0,alto desempenho urbano pequeno
3157278,Santa Bárbara do Monte Verde,0,alto desempenho urbano pequeno
3114550,Carneirinho,0,alto desempenho urbano pequeno
3141702,Mesquita,0,alto desempenho urbano pequeno
3150158,Piedade de Caratinga,0,alto desempenho urbano pequeno
3117876,Confins,0,alto desempenho urbano pequeno
3127008,Fronteira,0,alto desempenho urbano pequeno
3152105,Ponte Nova,1,alto desempenho urbano médio
3162104,São Gotardo,1,alto desempenho urbano médio
3153608,Prudente de Morais,0,alto desempenho urbano pequeno
3129509,Ibiá,1,alto desempenho urbano médio
3155108,Rio do Prado,0,alto desempenho urbano pequeno
3138351,Leme do Prado,0,alto desempenho urbano pequeno
3165404,Sapucaí-Mirim,0,alto desempenho urbano pequeno
3131505,Ipuiúna,0,alto desempenho urbano pequeno
3126901,Frei Inocêncio,0,alto desempenho urbano pequeno
3120151,Crisólita,0,alto desempenho urbano pequeno
3164431,São Sebastião da Vargem Alegre,0,alto desempenho urbano pequeno
3148301,Paula Cândido,0,alto desempenho urbano pequeno
3167400,Silvianópolis,0,alto desempenho urbano pequeno
3143401,Monte Sião,1,alto desempenho urbano médio
3143450,Montezuma,2,baixo desempenho rural pequeno
3169703,Turmalina,0,alto desempenho urbano pequeno
3171204,Vespasiano,1,alto desempenho urbano médio
3118601,Contagem,1,alto desempenho urbano médio
3138807,Luz,0,alto desempenho urbano pequeno
3147105,Pará de Minas,1,alto desempenho urbano médio
3149002,Pedra Dourada,0,alto desempenho urbano pequeno
3130051,Icaraí de Minas,2,baixo desempenho rural pequeno
3107109,Boa Esperança,1,alto desempenho urbano médio
3108701,Brás Pires,0,alto desempenho urbano pequeno
3128709,Guaxupé,1,alto desempenho urbano médio
3144607,Nepomuceno,1,alto desempenho urbano médio
3140001,Mariana,1,alto desempenho urbano médio
3127107,Frutal,1,alto desempenho urbano médio
3170479,Uruana de Minas,0,alto desempenho urbano pequeno
3167202,Sete Lagoas,1,alto desempenho urbano médio
3106705,Betim,1,alto desempenho urbano médio
3112406,Capetinga,0,alto desempenho urbano pequeno
3152808,Prata,1,alto desempenho urbano médio
3157401,Santa Cruz do Escalvado,0,alto desempenho urbano pequeno
3117306,Conceição das Alagoas,1,alto desempenho urbano médio
3163508,São José do Jacuri,2,baixo desempenho rural pequeno
3145208,Nova Serrana,1,alto desempenho urbano médio
3101201,Aiuruoca,0,alto desempenho urbano pequeno
3110509,Camanducaia,1,alto desempenho urbano médio
3123007,Dores de Campos,0,alto desempenho urbano pequeno
3139805,Mar de Espanha,0,alto desempenho urbano pequeno
3104403,Argirita,0,alto desempenho urbano pequeno
3163102,São José da Varginha,0,alto desempenho urbano pequeno
3154606,Ribeirão das Neves,1,alto desempenho urbano médio
3140555,Mata Verde,2,baixo desempenho rural pequeno
3158003,Santa Maria de Itabira,0,alto desempenho urbano pequeno
3124005,Ervália,2,baixo desempenho rural pequeno
3109907,Caetanópolis,0,alto desempenho urbano pequeno
3140506,Martinho Campos,0,alto desempenho urbano pequeno
3130655,Indaiabira,2,baixo desempenho rural pequeno
3138203,Lavras,1,alto desempenho urbano médio
3170503,Urucânia,0,alto desempenho urbano pequeno
3172004,Visconde do Rio Branco,1,alto desempenho urbano médio
3156452,Rosário da Limeira,0,alto desempenho urbano pequeno
3120508,Cristina,0,alto desempenho urbano pequeno
3160702,Santos Dumont,1,alto desempenho urbano médio
3170404,Unaí,1,alto desempenho urbano médio
3146107,Ouro Preto,1,alto desempenho urbano médio
3168705,Timóteo,1,alto desempenho urbano médio
3138500,Liberdade,0,alto desempenho urbano pequeno
3134400,Iturama,1,alto desempenho urbano médio
3154408,Ressaquinha,0,alto desempenho urbano pequeno
3134103,Itueta,0,alto desempenho urbano pequeno
3168101,Tapira,0,alto desempenho urbano pequeno
3112307,Capelinha,1,alto desempenho urbano médio
3122470,Dom Bosco,0,alto desempenho urbano pequeno
3102605,Andradas,1,alto desempenho urbano médio
3118007,Congonhas,1,alto desempenho urbano médio
3162500,São João del Rei,1,alto desempenho urbano médio
3170529,Urucuia,2,baixo desempenho rural pequeno
3129608,Ibiaí,0,alto desempenho urbano pequeno
3153103,Presidente Bernardes,2,baixo desempenho rural pequeno
3156205,Rochedo de Minas,0,alto desempenho urbano pequeno
3144805,Nova Lima,1,alto desempenho urbano médio
3132206,Itaguara,0,alto desempenho urbano pequeno
3106309,Belo Oriente,1,alto desempenho urbano médio
3127354,Glaucilândia,0,alto desempenho urbano pequeno
3156700,Sabará,1,alto desempenho urbano médio
3113701,Carlos Chagas,2,baixo desempenho rural pequeno
3107901,Bom Repouso,0,alto desempenho urbano pequeno
3104452,Aricanduva,2,baixo desempenho rural pequeno
3126000,Florestal,0,alto desempenho urbano pequeno
3170750,Varjão de Minas,0,alto desempenho urbano pequeno
3131703,Itabira,1,alto desempenho urbano médio
3140704,Mateus Leme,1,alto desempenho urbano médio
3114105,Carmo de Minas,0,alto desempenho urbano pequeno
3151503,Piumhi,1,alto desempenho urbano médio
3124906,Eugenópolis,0,alto desempenho urbano pequeno
3148707,Pedra Azul,2,baixo desempenho rural pequeno
3117009,Comercinho,2,baixo desempenho rural pequeno
3132305,Itaipé,2,baixo desempenho rural pequeno
3128006,Guanhães,1,alto desempenho urbano médio
3158607,Santana do Deserto,0,alto desempenho urbano pequeno
3123700,Engenheiro Caldas,0,alto desempenho urbano pequeno
3133006,Itamonte,1,alto desempenho urbano médio
3160801,São Bento Abade,0,alto desempenho urbano pequeno
3156403,Romaria,0,alto desempenho urbano pequeno
3151800,Poços de Caldas,1,alto desempenho urbano médio
3154200,Resende Costa,0,alto desempenho urbano pequeno
3106200,Belo Horizonte,1,alto desempenho urbano médio
3123601,Elói Mendes,1,alto desempenho urbano médio
3125101,Extrema,1,alto desempenho urbano médio
3171709,Virgínia,0,alto desempenho urbano pequeno
3111507,Campos Altos,0,alto desempenho urbano pequeno
3164472,São Sebastião do Anta,0,alto desempenho urbano pequeno
3169000,Tocantins,0,alto desempenho urbano pequeno
3135506,Jequeri,0,alto desempenho urbano pequeno
3117207,Conceição das Pedras,0,alto desempenho urbano pequeno
3170602,Vargem Bonita,0,alto desempenho urbano pequeno
3142007,Mirabela,0,alto desempenho urbano pequeno
3160603,Santo Hipólito,0,alto desempenho urbano pequeno
3138401,Leopoldina,1,alto desempenho urbano médio
3134301,Itumirim,0,alto desempenho urbano pequeno
3161403,São Francisco do Glória,0,alto desempenho urbano pequeno
3126406,Fortuna de Minas,0,alto desempenho urbano pequeno
3132503,Itamarandiba,2,baixo desempenho rural pequeno
3140803,Matias Barbosa,0,alto desempenho urbano pequeno
3149309,Pedro Leopoldo,1,alto desempenho urbano médio
3144201,Nacip Raydan,0,alto desempenho urbano pequeno
3143906,Muriaé,1,alto desempenho urbano médio
3152501,Pouso Alegre,1,alto desempenho urbano médio
3168903,Tiros,0,alto desempenho urbano pequeno
3105608,Barbacena,1,alto desempenho urbano médio
3112901,Caputira,2,baixo desempenho rural pequeno
3157658,Santa Helena de Minas,2,baixo desempenho rural pequeno
3128105,Guapé,0,alto desempenho urbano pequeno
3117504,Conceição do Mato Dentro,1,alto desempenho urbano médio
3105400,Barão de Cocais,1,alto desempenho urbano médio
3110103,Caiana,2,baixo desempenho rural pequeno
3101607,Alfenas,1,alto desempenho urbano médio
3106606,Bertópolis,2,baixo desempenho rural pequeno
3102852,Angelândia,2,baixo desempenho rural pequeno
3165305,São Vicente de Minas,0,alto desempenho urbano pequeno
3136306,João Pinheiro,1,alto desempenho urbano médio
3144706,Nova Era,0,alto desempenho urbano pequeno
3132404,Itajubá,1,alto desempenho urbano médio
3160504,Santo Antônio do Rio Abaixo,0,alto desempenho urbano pequeno
3154903,Rio Casca,0,alto desempenho urbano pequeno
3112059,Cantagalo,0,alto desempenho urbano pequeno
3149200,Pedrinópolis,0,alto desempenho urbano pequeno
3131901,Itabirito,1,alto desempenho urbano médio
3150802,Piranga,2,baixo desempenho rural pequeno
3134905,Jacutinga,1,alto desempenho urbano médio
3102704,Cachoeira de Pajeú,2,baixo desempenho rural pequeno
3139003,Machado,1,alto desempenho urbano médio
3166808,Serra do Salitre,0,alto desempenho urbano pequeno
3121605,Diamantina,1,alto desempenho urbano médio
3112109,Caparaó,0,alto desempenho urbano pequeno
3116605,Cláudio,1,alto desempenho urbano médio
3137502,Lagoa Formosa,0,alto desempenho urbano pequeno
3126208,Formoso,0,alto desempenho urbano pequeno
3139904,Maria da Fé,0,alto desempenho urbano pequeno
3169406,Três Pontas,1,alto desempenho urbano médio
3100104,Abadia dos Dourados,0,alto desempenho urbano pequeno
3159001,Santana do Riacho,0,alto desempenho urbano pequeno
3161809,São Gonçalo do Pará,0,alto desempenho urbano pequeno
3132909,Itamogi,0,alto desempenho urbano pequeno
3147808,Passa Vinte,0,alto desempenho urbano pequeno
3152131,Ponto Chique,0,alto desempenho urbano pequeno
3159357,Santa Rita de Minas,0,alto desempenho urbano pequeno
3147303,Paraisópolis,1,alto desempenho urbano médio
3128907,Guimarânia,0,alto desempenho urbano pequeno
3130002,Ibituruna,0,alto desempenho urbano pequeno
3148756,Pedra Bonita,2,baixo desempenho rural pequeno
3136207,João Monlevade,1,alto desempenho urbano médio
3115474,Catuti,0,alto desempenho urbano pequeno
3159100,Santana dos Montes,0,alto desempenho urbano pequeno
3137601,Lagoa Santa,1,alto desempenho urbano médio
3144003,Mutum,2,baixo desempenho rural pequeno
3110806,Campanário,0,alto desempenho urbano pequeno
3127404,Gonçalves,0,alto desempenho urbano pequeno
3148103,Patrocínio,1,alto desempenho urbano médio
3102001,Alterosa,0,alto desempenho urbano pequeno
3170651,Vargem Grande do Rio Pardo,0,alto desempenho urbano pequeno
3153806,Queluzito,0,alto desempenho urbano pequeno
3128808,Guidoval,0,alto desempenho urbano pequeno
3135001,Jaguaraçu,0,alto desempenho urbano pequeno
3143302,Montes Claros,1,alto desempenho urbano médio
3138906,Machacalis,0,alto desempenho urbano pequeno
3158201,Santa Maria do Suaçuí,2,baixo desempenho rural pequeno
3170800,Várzea da Palma,1,alto desempenho urbano médio
3140308,Marliéria,0,alto desempenho urbano pequeno
3117801,Conceição dos Ouros,0,alto desempenho urbano pequeno
3171071,Veredinha,0,alto desempenho urbano pequeno
3135902,Jesuânia,0,alto desempenho urbano pequeno
3168804,Tiradentes,0,alto desempenho urbano pequeno
3112703,Capitão Enéas,2,baixo desempenho rural pequeno
3145505,Olímpio Noronha,0,alto desempenho urbano pequeno
3169802,Turvolândia,0,alto desempenho urbano pequeno
3109709,Cachoeira de Minas,0,alto desempenho urbano pequeno
3162955,São José da Lapa,1,alto desempenho urbano médio
3120706,Cruzeiro da Fortaleza,0,alto desempenho urbano pequeno
3157708,Santa Juliana,1,alto desempenho urbano médio
3134202,Ituiutaba,1,alto desempenho urbano médio
3105202,Bandeira,2,baixo desempenho rural pequeno
3160306,Santo Antônio do Jacinto,2,baixo desempenho rural pequeno
3131158,Ipaba,0,alto desempenho urbano pequeno
3136801,Juramento,0,alto desempenho urbano pequeno
3152907,Pratápolis,0,alto desempenho urbano pequeno
3109105,Bueno Brandão,0,alto desempenho urbano pequeno
3146552,Pai Pedro,2,baixo desempenho rural pequeno
3171303,Viçosa,1,alto desempenho urbano médio
3121308,Descoberto,0,alto desempenho urbano pequeno
3140100,Marilac,0,alto desempenho urbano pequeno
3150703,Pirajuba,0,alto desempenho urbano pequeno
3142601,Monsenhor Paulo,0,alto desempenho urbano pequeno
3102803,Andrelândia,0,alto desempenho urbano pequeno
3114402,Carmo do Rio Claro,0,alto desempenho urbano pequeno
3169109,Toledo,0,alto desempenho urbano pequeno
3145877,Orizânia,2,baixo desempenho rural pequeno
3118502,Consolação,0,alto desempenho urbano pequeno
3103751,Araporã,0,alto desempenho urbano pequeno
3151107,Pirapetinga,0,alto desempenho urbano pequeno
3147204,Paraguaçu,1,alto desempenho urbano médio
3156106,Ritápolis,0,alto desempenho urbano pequeno
3124302,Espinosa,2,baixo desempenho rural pequeno
3149606,Pequi,0,alto desempenho urbano pequeno
3125804,Fernandes Tourinho,0,alto desempenho urbano pequeno
3138658,Lontra,0,alto desempenho urbano pequeno
3116803,Coluna,2,baixo desempenho rural pequeno
3115003,Cascalho Rico,0,alto desempenho urbano pequeno
3108255,Bonito de Minas,2,baixo desempenho rural pequeno
3157336,Santa Cruz de Minas,0,alto desempenho urbano pequeno
3122405,Divisa Nova,0,alto desempenho urbano pequeno
3166907,Serrania,0,alto desempenho urbano pequeno
3143104,Monte Carmelo,1,alto desempenho urbano médio
3152204,Porteirinha,1,alto desempenho urbano médio
3105509,Barão do Monte Alto,0,alto desempenho urbano pequeno
3146008,Ouro Fino,1,alto desempenho urbano médio
3170305,Umburatiba,0,alto desempenho urbano pequeno
3166402,Seritinga,0,alto desempenho urbano pequeno
3133402,Itapagipe,0,alto desempenho urbano pequeno
3163706,São Lourenço,1,alto desempenho urbano médio
3129657,Ibiracatu,2,baixo desempenho rural pequeno
3121100,Delfim Moreira,0,alto desempenho urbano pequeno
3156908,Sacramento,1,alto desempenho urbano médio
3137403,Lagoa Dourada,0,alto desempenho urbano pequeno
3110202,Cajuri,0,alto desempenho urbano pequeno
3106002,Bela Vista de Minas,0,alto desempenho urbano pequeno
3122306,Divinópolis,1,alto desempenho urbano médio
3145901,Ouro Branco,1,alto desempenho urbano médio
3159407,Santa Rita de Ibitipoca,0,alto desempenho urbano pequeno
3120904,Curvelo,1,alto desempenho urbano médio
3131802,Itabirinha,2,baixo desempenho rural pequeno
3152006,Pompéu,1,alto desempenho urbano médio
3138625,Limeira do Oeste,0,alto desempenho urbano pequeno
3169901,Ubá,1,alto desempenho urbano médio
3148608,Peçanha,2,baixo desempenho rural pequeno
3118304,Conselheiro Lafaiete,1,alto desempenho urbano médio
3113503,Carbonita,0,alto desempenho urbano pequeno
3131307,Ipatinga,1,alto desempenho urbano médio
3155801,Rio Pomba,0,alto desempenho urbano pequeno
3110608,Cambuí,1,alto desempenho urbano médio
3164704,São Sebastião do Paraíso,1,alto desempenho urbano médio
3111606,Campos Gerais,1,alto desempenho urbano médio
3119500,Coronel Murta,2,baixo desempenho rural pequeno
3150901,Piranguçu,0,alto desempenho urbano pequeno
3147907,Passos,1,alto desempenho urbano médio
3167608,Simonésia,2,baixo desempenho rural pequeno
3127503,Gonzaga,0,alto desempenho urbano pequeno
3137809,Lambari,1,alto desempenho urbano médio
3123205,Dores do Indaiá,0,alto desempenho urbano pequeno
3108305,Borda da Mata,0,alto desempenho urbano pequeno
3125952,Fervedouro,0,alto desempenho urbano pequeno
3168309,Taquaraçu de Minas,0,alto desempenho urbano pequeno
3140209,Maripá de Minas,0,alto desempenho urbano pequeno
3162401,São João da Ponte,2,baixo desempenho rural pequeno
3105103,Bambuí,1,alto desempenho urbano médio
3130556,Imbé de Minas,2,baixo desempenho rural pequeno
3118809,Coração de Jesus,2,baixo desempenho rural pequeno
3165701,Senador Firmino,0,alto desempenho urbano pequeno
3108404,Botelhos,0,alto desempenho urbano pequeno
3147006,Paracatu,1,alto desempenho urbano médio
3114204,Carmo do Cajuru,1,alto desempenho urbano médio
3124401,Espírito Santo do Dourado,0,alto desempenho urbano pequeno
3104700,Ataléia,2,baixo desempenho rural pequeno
3118403,Conselheiro Pena,0,alto desempenho urbano pequeno
3126109,Formiga,1,alto desempenho urbano médio
3167707,Sobrália,0,alto desempenho urbano pequeno
3102506,Amparo do Serra,0,alto desempenho urbano pequeno
3150604,Piracema,0,alto desempenho urbano pequeno
3164100,São Pedro do Suaçuí,0,alto desempenho urbano pequeno
3164803,São Sebastião do Rio Preto,0,alto desempenho urbano pequeno
3164407,São Sebastião da Bela Vista,0,alto desempenho urbano pequeno
3154002,Raul Soares,1,alto desempenho urbano médio
3122702,Dom Silvério,0,alto desempenho urbano pequeno
3101300,Alagoa,0,alto desempenho urbano pequeno
3138708,Luminárias,0,alto desempenho urbano pequeno
3108008,Bom Sucesso,0,alto desempenho urbano pequeno
3120201,Cristais,0,alto desempenho urbano pequeno
3115359,Catas Altas,0,alto desempenho urbano pequeno
3164902,São Sebastião do Rio Verde,0,alto desempenho urbano pequeno
3145455,Olhos-d'Água,0,alto desempenho urbano pequeno
3169356,Três Marias,1,alto desempenho urbano médio
3122207,Divinolândia de Minas,0,alto desempenho urbano pequeno
3127370,Goiabeira,0,alto desempenho urbano pequeno
3161056,São Félix de Minas,0,alto desempenho urbano pequeno
3165107,São Tomás de Aquino,0,alto desempenho urbano pequeno
3121506,Desterro do Melo,0,alto desempenho urbano pequeno
3145372,Novorizonte,0,alto desempenho urbano pequeno
3106655,Berizal,0,alto desempenho urbano pequeno
3103009,Antônio Dias,2,baixo desempenho rural pequeno
3146503,Pains,0,alto desempenho urbano pequeno
3111309,Campo do Meio,0,alto desempenho urbano pequeno
3135407,Jeceaba,0,alto desempenho urbano pequeno
3160900,São Brás do Suaçuí,0,alto desempenho urbano pequeno
3154507,Riacho dos Machados,2,baixo desempenho rural pequeno
3149804,Perdizes,0,alto desempenho urbano pequeno
3110707,Cambuquira,0,alto desempenho urbano pequeno
3101508,Além Paraíba,1,alto desempenho urbano médio
3108107,Bonfim,0,alto desempenho urbano pequeno
3161007,São Domingos do Prata,0,alto desempenho urbano pequeno
3130903,Inhapim,2,baixo desempenho rural pequeno
3134608,Jaboticatubas,0,alto desempenho urbano pequeno
3170057,Ubaporanga,0,alto desempenho urbano pequeno
3148004,Patos de Minas,1,alto desempenho urbano médio
3139508,Manhumirim,1,alto desempenho urbano médio
3141009,Mato Verde,0,alto desempenho urbano pequeno
3106804,Bias Fortes,2,baixo desempenho rural pequeno
3130200,Igaratinga,0,alto desempenho urbano pequeno
3168002,Taiobeiras,1,alto desempenho urbano médio
3114907,Casa Grande,0,alto desempenho urbano pequeno
3118205,Conquista,0,alto desempenho urbano pequeno
3166303,Sericita,2,baixo desempenho rural pequeno
3151008,Piranguinho,0,alto desempenho urbano pequeno
3104007,Araxá,1,alto desempenho urbano médio
3162906,São João Nepomuceno,1,alto desempenho urbano médio
3115201,Conceição da Barra de Minas,0,alto desempenho urbano pequeno
3145109,Nova Resende,0,alto desempenho urbano pequeno
3118908,Cordisburgo,0,alto desempenho urbano pequeno
3107307,Bocaiúva,1,alto desempenho urbano médio
3161601,São Geraldo da Piedade,0,alto desempenho urbano pequeno
3139706,Maravilhas,0,alto desempenho urbano pequeno
3109006,Brumadinho,1,alto desempenho urbano médio
3113107,Caranaíba,0,alto desempenho urbano pequeno
3168408,Tarumirim,0,alto desempenho urbano pequeno
3141801,Minas Novas,2,baixo desempenho rural pequeno
3114303,Carmo do Paranaíba,1,alto desempenho urbano médio
3140159,Mário Campos,0,alto desempenho urbano pequeno
3133808,Itaúna,1,alto desempenho urbano médio
3104908,Baependi,0,alto desempenho urbano pequeno
3165578,Senador Amaral,0,alto desempenho urbano pequeno
3148400,Paulistas,0,alto desempenho urbano pequeno
3111002,Campestre,0,alto desempenho urbano pequeno
3116506,Claro dos Poções,0,alto desempenho urbano pequeno
3101409,Albertina,0,alto desempenho urbano pequeno
3170008,Ubaí,2,baixo desempenho rural pequeno
3139102,Madre de Deus de Minas,0,alto desempenho urbano pequeno
3154457,Riachinho,0,alto desempenho urbano pequeno
3157203,Santa Bárbara,1,alto desempenho urbano médio
3114600,Carrancas,0,alto desempenho urbano pequeno
3119955,Córrego Fundo,0,alto desempenho urbano pequeno
3144409,Natércia,0,alto desempenho urbano pequeno
3158953,Santana do Paraíso,1,alto desempenho urbano médio
3141405,Medina,2,baixo desempenho rural pequeno
3111200,Campo Belo,1,alto desempenho urbano médio
3149903,Perdões,1,alto desempenho urbano médio
3155306,Rio Manso,0,alto desempenho urbano pequeno
3134806,Jacuí,0,alto desempenho urbano pequeno
3104304,Areado,0,alto desempenho urbano pequeno
3115706,Central de Minas,0,alto desempenho urbano pequeno
3162708,São João do Paraíso,2,baixo desempenho rural pequeno
3145703,Oliveira Fortes,0,alto desempenho urbano pequeno
3155900,Rio Preto,0,alto desempenho urbano pequeno
3117108,Conceição da Aparecida,0,alto desempenho urbano pequeno
3159803,Santa Vitória,1,alto desempenho urbano médio
3161650,São Geraldo do Baixio,0,alto desempenho urbano pequeno
3115102,Cássia,0,alto desempenho urbano pequeno
3164308,São Roque de Minas,0,alto desempenho urbano pequeno
3118700,Coqueiral,0,alto desempenho urbano pequeno
3135308,Japaraíba,0,alto desempenho urbano pequeno
3157906,Santa Margarida,2,baixo desempenho rural pequeno
3109501,Cabo Verde,0,alto desempenho urbano pequeno
3108800,Braúnas,0,alto desempenho urbano pequeno
3150406,Piedade dos Gerais,0,alto desempenho urbano pequeno
3154101,Recreio,0,alto desempenho urbano pequeno
3113206,Carandaí,1,alto desempenho urbano médio
3120409,Cristiano Otoni,0,alto desempenho urbano pequeno
3133709,Itatiaiuçu,1,alto desempenho urbano médio
3133501,Itapecerica,0,alto desempenho urbano pequeno
3154309,Resplendor,0,alto desempenho urbano pequeno
3137700,Lajinha,2,baixo desempenho rural pequeno
3145000,Nova Ponte,0,alto desempenho urbano pequeno
3127800,Grão Mogol,2,baixo desempenho rural pequeno
3101631,Alfredo Vasconcelos,0,alto desempenho urbano pequeno
3125200,Fama,0,alto desempenho urbano pequeno
3170438,União de Minas,0,alto desempenho urbano pequeno
3124203,Espera Feliz,1,alto desempenho urbano médio
3164605,São Sebastião do Oeste,0,alto desempenho urbano pequeno
3152170,Ponto dos Volantes,2,baixo desempenho rural pequeno
3119708,Coronel Xavier Chaves,0,alto desempenho urbano pequeno
3167806,Soledade de Minas,0,alto desempenho urbano pequeno
3124500,Estiva,0,alto desempenho urbano pequeno
3105301,Bandeira do Sul,0,alto desempenho urbano pequeno
3116308,Cipotânea,2,baixo desempenho rural pequeno
3137205,Lagoa da Prata,1,alto desempenho urbano médio
3150505,Pimenta,0,alto desempenho urbano pequeno
3130408,Ijaci,0,alto desempenho urbano pequeno
3163003,São José da Safira,2,baixo desempenho rural pequeno
3159704,Santa Rosa da Serra,0,alto desempenho urbano pequeno
3157005,Salinas,1,alto desempenho urbano médio
3148202,Patrocínio do Muriaé,0,alto desempenho urbano pequeno
3152709,Prados,0,alto desempenho urbano pequeno
3155603,Rio Pardo de Minas,2,baixo desempenho rural pequeno
3145851,Oratórios,0,alto desempenho urbano pequeno
3117603,Conceição do Pará,0,alto desempenho urbano pequeno
3127602,Gouveia,0,alto desempenho urbano pequeno
3133758,Itaú de Minas,0,alto desempenho urbano pequeno
3103900,Araújos,0,alto desempenho urbano pequeno
3162658,São João do Pacuí,2,baixo desempenho rural pequeno
3117900,Congonhal,0,alto desempenho urbano pequeno
3113909,Carmo da Cachoeira,0,alto desempenho urbano pequeno
3171154,Vermelho Novo,0,alto desempenho urbano pequeno
3110004,Caeté,1,alto desempenho urbano médio
3128303,Guaranésia,0,alto desempenho urbano pequeno
3105905,Barroso,1,alto desempenho urbano médio
3105004,Baldim,0,alto desempenho urbano pequeno
3119906,Córrego do Bom Jesus,0,alto desempenho urbano pequeno
3116407,Claraval,0,alto desempenho urbano pequeno
3122504,Dom Cavati,0,alto desempenho urbano pequeno
3104601,Astolfo Dutra,0,alto desempenho urbano pequeno
3151305,Piraúba,0,alto desempenho urbano pequeno
3142809,Monte Alegre de Minas,1,alto desempenho urbano médio
3127388,Goianá,0,alto desempenho urbano pequeno
3108602,Brasília de Minas,1,alto desempenho urbano médio
3103603,Arantina,0,alto desempenho urbano pequeno
3135357,Japonvar,2,baixo desempenho rural pequeno
3131406,Ipiaçu,0,alto desempenho urbano pequeno
3165909,Senador Modestino Gonçalves,2,baixo desempenho rural pequeno
3163805,São Miguel do Anta,0,alto desempenho urbano pequeno
3145307,Novo Cruzeiro,2,baixo desempenho rural pequeno
3162005,São Gonçalo do Sapucaí,1,alto desempenho urbano médio
3111408,Campo Florido,0,alto desempenho urbano pequeno
3168507,Teixeiras,0,alto desempenho urbano pequeno
3153301,Presidente Kubitschek,0,alto desempenho urbano pequeno
3158805,Santana do Jacaré,0,alto desempenho urbano pequeno
3111705,Canaã,0,alto desempenho urbano pequeno
3115508,Caxambu,1,alto desempenho urbano médio
3114709,Carvalhópolis,0,alto desempenho urbano pequeno
3123304,Dores do Turvo,0,alto desempenho urbano pequeno
3140530,Martins Soares,2,baixo desempenho rural pequeno
3153400,Presidente Olegário,0,alto desempenho urbano pequeno
3114501,Carmópolis de Minas,0,alto desempenho urbano pequeno
3139201,Malacacheta,2,baixo desempenho rural pequeno
3147956,Patis,0,alto desempenho urbano pequeno
3162559,São João do Manhuaçu,2,baixo desempenho rural pequeno
3163904,São Pedro da União,0,alto desempenho urbano pequeno
3155702,Rio Piracicaba,0,alto desempenho urbano pequeno
3163201,São José do Alegre,0,alto desempenho urbano pequeno
3168200,Tapiraí,0,alto desempenho urbano pequeno
3165560,Sem-Peixe,0,alto desempenho urbano pequeno
3161304,São Francisco de Sales,0,alto desempenho urbano pequeno
3108552,Brasilândia de Minas,0,alto desempenho urbano pequeno
3129103,Gurinhatã,0,alto desempenho urbano pequeno
3116704,Coimbra,0,alto desempenho urbano pequeno
3111101,Campina Verde,0,alto desempenho urbano pequeno
3140407,Marmelópolis,0,alto desempenho urbano pequeno
3152600,Pouso Alto,0,alto desempenho urbano pequeno
3115805,Centralina,0,alto desempenho urbano pequeno
3132800,Itambé do Mato Dentro,0,alto desempenho urbano pequeno
3102100,Alto Rio Doce,0,alto desempenho urbano pequeno
3169059,Tocos do Moji,0,alto desempenho urbano pequeno
3102902,Antônio Carlos,0,alto desempenho urbano pequeno
3143807,Munhoz,0,alto desempenho urbano pequeno
3123528,Durandé,2,baixo desempenho rural pequeno
3162302,São João da Mata,0,alto desempenho urbano pequeno
3116209,Chiador,0,alto desempenho urbano pequeno
3160454,Santo Antônio do Retiro,2,baixo desempenho rural pequeno
3142304,Moeda,0,alto desempenho urbano pequeno
3103108,Antônio Prado de Minas,0,alto desempenho urbano pequeno
3131208,Ipanema,0,alto desempenho urbano pequeno
3120870,Curral de Dentro,2,baixo desempenho rural pequeno
3121209,Delfinópolis,0,alto desempenho urbano pequeno
3146404,Paineiras,0,alto desempenho urbano pequeno
3155504,Rio Paranaíba,0,alto desempenho urbano pequeno
3161205,São Francisco de Paula,0,alto desempenho urbano pequeno
3136900,Juruaia,0,alto desempenho urbano pequeno
3104205,Arcos,1,alto desempenho urbano médio
3166006,Senhora de Oliveira,0,alto desempenho urbano pequeno
3132008,Itacambira,0,alto desempenho urbano pequeno
3128600,Guarda-Mor,0,alto desempenho urbano pequeno
3136553,José Raydan,0,alto desempenho urbano pequeno
3123858,Entre Folhas,0,alto desempenho urbano pequeno
3114006,Carmo da Mata,0,alto desempenho urbano pequeno
3121001,Datas,0,alto desempenho urbano pequeno
3142908,Monte Azul,2,baixo desempenho rural pequeno
3149705,Perdigão,0,alto desempenho urbano pequeno
3160009,Santo Antônio do Aventureiro,0,alto desempenho urbano pequeno
3146602,Paiva,0,alto desempenho urbano pequeno
3144359,Naque,0,alto desempenho urbano pequeno
3141504,Mendes Pimentel,0,alto desempenho urbano pequeno
3162575,São João do Manteninha,0,alto desempenho urbano pequeno
3138104,Lassance,0,alto desempenho urbano pequeno
3165537,Sarzedo,1,alto desempenho urbano médio
3125507,São Gonçalo do Rio Preto,0,alto desempenho urbano pequeno
3103306,Aracitaba,0,alto desempenho urbano pequeno
3114808,Carvalhos,0,alto desempenho urbano pequeno
3121407,Desterro de Entre Rios,0,alto desempenho urbano pequeno
3128402,Guarani,0,alto desempenho urbano pequeno
3109808,Cachoeira Dourada,0,alto desempenho urbano pequeno
3161908,São Gonçalo do Rio Abaixo,0,alto desempenho urbano pequeno
3130606,Inconfidentes,0,alto desempenho urbano pequeno
3148905,Pedra do Indaiá,0,alto desempenho urbano pequeno
3142403,Moema,0,alto desempenho urbano pequeno
3161502,São Geraldo,0,alto desempenho urbano pequeno
3167905,Tabuleiro,0,alto desempenho urbano pequeno
3153202,Presidente Juscelino,0,alto desempenho urbano pequeno
3147709,Passa Tempo,0,alto desempenho urbano pequeno
3164001,São Pedro dos Ferros,0,alto desempenho urbano pequeno
3141306,Medeiros,0,alto desempenho urbano pequeno
3138674,Luisburgo,2,baixo desempenho rural pequeno
3160405,Santo Antônio do Monte,1,alto desempenho urbano médio
3121803,Dionísio,0,alto desempenho urbano pequeno
3108206,Bonfinópolis de Minas,0,alto desempenho urbano pequeno
3120607,Crucilândia,0,alto desempenho urbano pequeno
3125408,Felício dos Santos,0,alto desempenho urbano pequeno
3137536,Lagoa Grande,0,alto desempenho urbano pequeno
3162203,São João Batista do Glória,0,alto desempenho urbano pequeno
3151701,Poço Fundo,0,alto desempenho urbano pequeno
3109204,Buenópolis,0,alto desempenho urbano pequeno
3112208,Capela Nova,0,alto desempenho urbano pequeno
3162609,São João do Oriente,0,alto desempenho urbano pequeno
3112802,Capitólio,0,alto desempenho urbano pequeno
3157377,Santa Cruz de Salinas,2,baixo desempenho rural pequeno
3160108,Santo Antônio do Grama,0,alto desempenho urbano pequeno
3159506,Santa Rita do Itueto,2,baixo desempenho rural pequeno
3123908,Entre Rios de Minas,0,alto desempenho urbano pequeno
3144904,Nova Módica,2,baixo desempenho rural pequeno
3170578,Vargem Alegre,0,alto desempenho urbano pequeno
3119807,Córrego Danta,0,alto desempenho urbano pequeno
3159902,Santo Antônio do Amparo,0,alto desempenho urbano pequeno
3103801,Arapuá,0,alto desempenho urbano pequeno
3158409,Santana de Cataguases,0,alto desempenho urbano pequeno
3103207,Araçaí,0,alto desempenho urbano pequeno
3148806,Pedra do Anta,0,alto desempenho urbano pequeno
3153004,Pratinha,0,alto desempenho urbano pequeno
3111150,Campo Azul,0,alto desempenho urbano pequeno
3147600,Passa Quatro,0,alto desempenho urbano pequeno
3143500,Morada Nova de Minas,0,alto desempenho urbano pequeno
3162948,São José da Barra,0,alto desempenho urbano pequeno
3100302,Abre Campo,0,alto desempenho urbano pequeno
3140902,Matipó,2,baixo desempenho rural pequeno
3161700,São Gonçalo do Abaeté,0,alto desempenho urbano pequeno
3165206,São Tomé das Letras,0,alto desempenho urbano pequeno
3100401,Acaiaca,0,alto desempenho urbano pequeno
3159209,Santa Rita de Caldas,0,alto desempenho urbano pequeno
3156601,Rubim,0,alto desempenho urbano pequeno
3171907,Virgolândia,0,alto desempenho urbano pequeno
3104106,Arceburgo,0,alto desempenho urbano pequeno
3144508,Nazareno,0,alto desempenho urbano pequeno
3148509,Pavão,0,alto desempenho urbano pequeno
3124609,Estrela Dalva,0,alto desempenho urbano pequeno
3150000,Pescador,0,alto desempenho urbano pequeno
3136504,Jordânia,0,alto desempenho urbano pequeno
3155009,Rio Doce,0,alto desempenho urbano pequeno
3107000,Biquinhas,0,alto desempenho urbano pequeno
3128501,Guarará,0,alto desempenho urbano pequeno
3129400,Ibertioga,0,alto desempenho urbano pequeno
3126752,Franciscópolis,0,alto desempenho urbano pequeno
3112000,Candeias,0,alto desempenho urbano pequeno
3116001,Chalé,2,baixo desempenho rural pequeno
3117702,Conceição do Rio Verde,0,alto desempenho urbano pequeno
3117405,Conceição de Ipanema,0,alto desempenho urbano pequeno
3136579,Josenópolis,2,baixo desempenho rural pequeno
3133105,Itanhandu,0,alto desempenho urbano pequeno
3160959,São Domingos das Dores,0,alto desempenho urbano pequeno
3165008,São Tiago,0,alto desempenho urbano pequeno
3110400,Camacho,0,alto desempenho urbano pequeno
3141207,Matutina,0,alto desempenho urbano pequeno
3158904,Santana do Manhuaçu,2,baixo desempenho rural pequeno
3167301,Silveirânia,0,alto desempenho urbano pequeno
3137106,Lagamar,0,alto desempenho urbano pequeno
3118106,Congonhas do Norte,2,baixo desempenho rural pequeno
3151404,Pitangui,1,alto desempenho urbano médio
3107802,Bom Jesus do Galho,0,alto desempenho urbano pequeno
3106408,Belo Vale,0,alto desempenho urbano pequeno
3162807,São João Evangelista,0,alto desempenho urbano pequeno
3122801,Dom Viçoso,0,alto desempenho urbano pequeno
3102050,Alto Caparaó,0,alto desempenho urbano pequeno
3136108,Joanésia,0,alto desempenho urbano pequeno
3166956,Serranópolis de Minas,0,alto desempenho urbano pequeno
3142205,Miraí,0,alto desempenho urbano pequeno
3143609,Morro da Garça,0,alto desempenho urbano pequeno
3100708,Água Comprida,0,alto desempenho urbano pequeno
3113602,Careaçu,0,alto desempenho urbano pequeno
3120805,Cruzília,0,alto desempenho urbano pequeno
3141603,Mercês,0,alto desempenho urbano pequeno
3130309,Iguatama,0,alto desempenho urbano pequeno
3120839,Cuparaque,0,alto desempenho urbano pequeno
3119609,Coronel Pacheco,0,alto desempenho urbano pequeno
3100807,Aguanil,0,alto desempenho urbano pequeno
3166204,Senhora dos Remédios,0,alto desempenho urbano pequeno
3124708,Estrela do Indaiá,0,alto desempenho urbano pequeno
3156502,Rubelita,2,baixo desempenho rural pequeno
3109253,Bugre,0,alto desempenho urbano pequeno
3201803,Divino de São Lourenço,0,alto desempenho urbano pequeno
3201308,Cariacica,1,alto desempenho urbano médio
3200508,Apiacá,0,alto desempenho urbano pequeno
3205002,Serra,1,alto desempenho urbano médio
3202207,Fundão,0,alto desempenho urbano pequeno
3202801,Itapemirim,1,alto desempenho urbano médio
3203502,Montanha,2,baixo desempenho rural pequeno
3204203,Piúma,1,alto desempenho urbano médio
3203205,Linhares,1,alto desempenho urbano médio
3202256,Governador Lindenberg,0,alto desempenho urbano pequeno
3203809,Muqui,0,alto desempenho urbano pequeno
3201209,Cachoeiro de Itapemirim,1,alto desempenho urbano médio
3200359,Alto Rio Novo,0,alto desempenho urbano pequeno
3205309,Vitória,1,alto desempenho urbano médio
3202652,Irupi,2,baixo desempenho rural pequeno
3201159,Brejetuba,2,baixo desempenho rural pequeno
3205010,Sooretama,2,baixo desempenho rural pequeno
3201100,Bom Jesus do Norte,0,alto desempenho urbano pequeno
3200201,Alegre,1,alto desempenho urbano médio
3204906,São Mateus,1,alto desempenho urbano médio
3205200,Vila Velha,1,alto desempenho urbano médio
3202504,Ibiraçu,0,alto desempenho urbano pequeno
3204302,Presidente Kennedy,1,alto desempenho urbano médio
3203403,Mimoso do Sul,2,baixo desempenho rural pequeno
3200805,Baixo Guandu,1,alto desempenho urbano médio
3202108,Ecoporanga,2,baixo desempenho rural pequeno
3204054,Pedro Canário,2,baixo desempenho rural pequeno
3203106,Jerônimo Monteiro,0,alto desempenho urbano pequeno
3205101,Viana,1,alto desempenho urbano médio
3205036,Vargem Alta,2,baixo desempenho rural pequeno
3200607,Aracruz,1,alto desempenho urbano médio
3201407,Castelo,1,alto desempenho urbano médio
3202405,Guarapari,1,alto desempenho urbano médio
3203007,Iúna,1,alto desempenho urbano médio
3203056,Jaguaré,1,alto desempenho urbano médio
3203130,João Neiva,0,alto desempenho urbano pequeno
3204708,São Gabriel da Palha,1,alto desempenho urbano médio
3203320,Marataízes,1,alto desempenho urbano médio
3201605,Conceição da Barra,1,alto desempenho urbano médio
3202702,Itaguaçu,0,alto desempenho urbano pequeno
3201506,Colatina,1,alto desempenho urbano médio
3202306,Guaçuí,1,alto desempenho urbano médio
3202553,Ibitirama,0,alto desempenho urbano pequeno
3204955,São Roque do Canaã,0,alto desempenho urbano pequeno
3204351,Rio Bananal,2,baixo desempenho rural pequeno
3200300,Alfredo Chaves,0,alto desempenho urbano pequeno
3200706,Atílio Vivácqua,0,alto desempenho urbano pequeno
3204807,São José do Calçado,0,alto desempenho urbano pequeno
3205150,Vila Pavão,2,baixo desempenho rural pequeno
3202603,Iconha,0,alto desempenho urbano pequeno
3204104,Pinheiros,1,alto desempenho urbano médio
3201001,Boa Esperança,0,alto desempenho urbano pequeno
3200169,Água Doce do Norte,0,alto desempenho urbano pequeno
3200904,Barra de São Francisco,1,alto desempenho urbano médio
3203346,Marechal Floriano,0,alto desempenho urbano pequeno
3202900,Itarana,0,alto desempenho urbano pequeno
3204401,Rio Novo do Sul,0,alto desempenho urbano pequeno
3201704,Conceição do Castelo,0,alto desempenho urbano pequeno
3203353,Marilândia,0,alto desempenho urbano pequeno
3201902,Domingos Martins,1,alto desempenho urbano médio
3202454,Ibatiba,2,baixo desempenho rural pequeno
3204252,Ponto Belo,0,alto desempenho urbano pequeno
3200409,Anchieta,1,alto desempenho urbano médio
3205069,Venda Nova do Imigrante,1,alto desempenho urbano médio
3204005,Pancas,2,baixo desempenho rural pequeno
3204609,Santa Teresa,1,alto desempenho urbano médio
3204500,Santa Leopoldina,2,baixo desempenho rural pequeno
3203601,Mucurici,0,alto desempenho urbano pequeno
3203908,Nova Venécia,1,alto desempenho urbano médio
3202009,Dores do Rio Preto,0,alto desempenho urbano pequeno
3205176,Vila Valério,2,baixo desempenho rural pequeno
3204559,Santa Maria de Jetibá,1,alto desempenho urbano médio
3200102,Afonso Cláudio,2,baixo desempenho rural pequeno
3203700,Muniz Freire,0,alto desempenho urbano pequeno
3203163,Laranja da Terra,2,baixo desempenho rural pequeno
3204658,São Domingos do Norte,0,alto desempenho urbano pequeno
3203304,Mantenópolis,0,alto desempenho urbano pequeno
3200136,Águia Branca,0,alto desempenho urbano pequeno
3305307,São Sebastião do Alto,0,alto desempenho urbano pequeno
3305703,Sumidouro,2,baixo desempenho rural pequeno
3306156,Varre-Sai,2,baixo desempenho rural pequeno
3301157,Cardoso Moreira,2,baixo desempenho rural pequeno
3303500,Nova Iguaçu,1,alto desempenho urbano médio
3304102,Porciúncula,2,baixo desempenho rural pequeno
3300456,Belford Roxo,1,alto desempenho urbano médio
3305109,São João de Meriti,1,alto desempenho urbano médio
3304144,Queimados,1,alto desempenho urbano médio
3302858,Mesquita,1,alto desempenho urbano médio
3301009,Campos dos Goytacazes,1,alto desempenho urbano médio
3302270,Japeri,1,alto desempenho urbano médio
3304805,São Fidélis,1,alto desempenho urbano médio
3302007,Itaguaí,1,alto desempenho urbano médio
3303203,Nilópolis,1,alto desempenho urbano médio
3301207,Carmo,0,alto desempenho urbano pequeno
3304755,São Francisco de Itabapoana,2,baixo desempenho rural pequeno
3300308,Barra do Piraí,1,alto desempenho urbano médio
3302304,Laje do Muriaé,0,alto desempenho urbano pequeno
3304904,São Gonçalo,1,alto desempenho urbano médio
3302502,Magé,1,alto desempenho urbano médio
3305554,Seropédica,1,alto desempenho urbano médio
3301702,Duque de Caxias,1,alto desempenho urbano médio
3302601,Mangaratiba,1,alto desempenho urbano médio
3304128,Quatis,0,alto desempenho urbano pequeno
3301850,Guapimirim,1,alto desempenho urbano médio
3301405,Conceição de Macabu,1,alto desempenho urbano médio
3300506,Bom Jardim,1,alto desempenho urbano médio
3303708,Paraíba do Sul,1,alto desempenho urbano médio
3300209,Araruama,1,alto desempenho urbano médio
3303807,Paraty,1,alto desempenho urbano médio
3303955,Pinheiral,1,alto desempenho urbano médio
3300803,Cachoeiras de Macacu,1,alto desempenho urbano médio
3301900,Itaboraí,1,alto desempenho urbano médio
3300936,Carapebus,0,alto desempenho urbano pequeno
3300258,Arraial do Cabo,1,alto desempenho urbano médio
3303302,Niterói,1,alto desempenho urbano médio
3305000,São João da Barra,1,alto desempenho urbano médio
3300951,Comendador Levy Gasparian,0,alto desempenho urbano pequeno
3306008,Três Rios,1,alto desempenho urbano médio
3302056,Italva,0,alto desempenho urbano pequeno
3305604,Silva Jardim,2,baixo desempenho rural pequeno
3301306,Casimiro de Abreu,1,alto desempenho urbano médio
3300704,Cabo Frio,1,alto desempenho urbano médio
3305752,Tanguá,1,alto desempenho urbano médio
3304300,Rio Bonito,1,alto desempenho urbano médio
3305208,São Pedro da Aldeia,1,alto desempenho urbano médio
3301108,Cantagalo,1,alto desempenho urbano médio
3304557,Rio de Janeiro,1,alto desempenho urbano médio
3300100,Angra dos Reis,1,alto desempenho urbano médio
3302908,Miguel Pereira,1,alto desempenho urbano médio
3302700,Maricá,1,alto desempenho urbano médio
3306107,Valença,1,alto desempenho urbano médio
3301603,Duas Barras,0,alto desempenho urbano pequeno
3300605,Bom Jesus do Itabapoana,1,alto desempenho urbano médio
3302809,Mendes,0,alto desempenho urbano pequeno
3301504,Cordeiro,1,alto desempenho urbano médio
3304003,Piraí,1,alto desempenho urbano médio
3300407,Barra Mansa,1,alto desempenho urbano médio
3300159,Aperibé,0,alto desempenho urbano pequeno
3304508,Rio das Flores,0,alto desempenho urbano pequeno
3306305,Volta Redonda,1,alto desempenho urbano médio
3305802,Teresópolis,1,alto desempenho urbano médio
3302403,Macaé,1,alto desempenho urbano médio
3303104,Natividade,0,alto desempenho urbano pequeno
3304110,Porto Real,1,alto desempenho urbano médio
3301801,Engenheiro Paulo de Frontin,0,alto desempenho urbano pequeno
3300225,Areal,0,alto desempenho urbano pequeno
3303906,Petrópolis,1,alto desempenho urbano médio
3301876,Iguaba Grande,1,alto desempenho urbano médio
3302452,Macuco,0,alto desempenho urbano pequeno
3303609,Paracambi,1,alto desempenho urbano médio
3305505,Saquarema,1,alto desempenho urbano médio
3303401,Nova Friburgo,1,alto desempenho urbano médio
3306206,Vassouras,1,alto desempenho urbano médio
3304607,Santa Maria Madalena,2,baixo desempenho rural pequeno
3302254,Itatiaia,1,alto desempenho urbano médio
3302106,Itaocara,1,alto desempenho urbano médio
3304151,Quissamã,1,alto desempenho urbano médio
3304409,Rio Claro,0,alto desempenho urbano pequeno
3304706,Santo Antônio de Pádua,1,alto desempenho urbano médio
3304524,Rio das Ostras,1,alto desempenho urbano médio
3305406,Sapucaia,1,alto desempenho urbano médio
3303856,Paty do Alferes,1,alto desempenho urbano médio
3300233,Armação dos Búzios,1,alto desempenho urbano médio
3303005,Miracema,1,alto desempenho urbano médio
3300902,Cambuci,0,alto desempenho urbano pequeno
3304201,Resende,1,alto desempenho urbano médio
3302205,Itaperuna,1,alto desempenho urbano médio
3305158,São José do Vale do Rio Preto,0,alto desempenho urbano pequeno
3305133,São José de Ubá,0,alto desempenho urbano pequeno
3305901,Trajano de Moraes,2,baixo desempenho rural pequeno
3507209,Borá,0,alto desempenho urbano pequeno
3547304,Santana de Parnaíba,1,alto desempenho urbano médio
3528403,Mairinque,1,alto desempenho urbano médio
3536802,Pedra Bela,0,alto desempenho urbano pequeno
3529401,Mauá,1,alto desempenho urbano médio
3510153,Canitar,0,alto desempenho urbano pequeno
3522158,Itaoca,0,alto desempenho urbano pequeno
3551405,Serra Azul,0,alto desempenho urbano pequeno
3503356,Arco-Íris,0,alto desempenho urbano pequeno
3515806,Flora Rica,0,alto desempenho urbano pequeno
3535903,Paranapuã,0,alto desempenho urbano pequeno
3544103,Rio Grande da Serra,1,alto desempenho urbano médio
3509809,Campos Novos Paulista,0,alto desempenho urbano pequeno
3554656,Torre de Pedra,0,alto desempenho urbano pequeno
3506805,Bocaina,0,alto desempenho urbano pequeno
3515004,Embu das Artes,1,alto desempenho urbano médio
3537206,Pedro de Toledo,0,alto desempenho urbano pequeno
3529658,Mesópolis,0,alto desempenho urbano pequeno
3522901,Itapuí,0,alto desempenho urbano pequeno
3536703,Pederneiras,1,alto desempenho urbano médio
3522802,Itaporanga,0,alto desempenho urbano pequeno
3536570,Paulistânia,0,alto desempenho urbano pequeno
3557154,Zacarias,0,alto desempenho urbano pequeno
3549607,São José do Barreiro,0,alto desempenho urbano pequeno
3557204,Chavantes,0,alto desempenho urbano pequeno
3550308,São Paulo,1,alto desempenho urbano médio
3543402,Ribeirão Preto,1,alto desempenho urbano médio
3513405,Cruzeiro,1,alto desempenho urbano médio
3502309,Anhembi,0,alto desempenho urbano pequeno
3536901,Pedranópolis,0,alto desempenho urbano pequeno
3518800,Guarulhos,1,alto desempenho urbano médio
3554607,Timburi,0,alto desempenho urbano pequeno
3550704,São Sebastião,1,alto desempenho urbano médio
3532306,Natividade da Serra,0,alto desempenho urbano pequeno
3537602,Peruíbe,1,alto desempenho urbano médio
3521002,Iperó,1,alto desempenho urbano médio
3513801,Diadema,1,alto desempenho urbano médio
3555406,Ubatuba,1,alto desempenho urbano médio
3540754,Potim,0,alto desempenho urbano pequeno
3551108,Sarapuí,0,alto desempenho urbano pequeno
3546009,Santa Branca,0,alto desempenho urbano pequeno
3506706,Boa Esperança do Sul,0,alto desempenho urbano pequeno
3552502,Suzano,1,alto desempenho urbano médio
3513108,Cravinhos,1,alto desempenho urbano médio
3527603,Luís Antônio,0,alto desempenho urbano pequeno
3551900,Severínia,0,alto desempenho urbano pequeno
3522307,Itapetininga,1,alto desempenho urbano médio
3509502,Campinas,1,alto desempenho urbano médio
3523107,Itaquaquecetuba,1,alto desempenho urbano médio
3548203,Santo Antônio do Pinhal,0,alto desempenho urbano pequeno
3504008,Assis,1,alto desempenho urbano médio
3551009,São Vicente,1,alto desempenho urbano médio
3503000,Aramina,0,alto desempenho urbano pequeno
3527207,Lorena,1,alto desempenho urbano médio
3519253,Iaras,0,alto desempenho urbano pequeno
3506607,Biritiba Mirim,1,alto desempenho urbano médio
3554805,Tremembé,1,alto desempenho urbano médio
3534203,Orindiúva,0,alto desempenho urbano pequeno
3511409,Cerqueira César,1,alto desempenho urbano médio
3520400,Ilhabela,1,alto desempenho urbano médio
3506003,Bauru,1,alto desempenho urbano médio
3529906,Miracatu,2,baixo desempenho rural pequeno
3508900,Caiabu,0,alto desempenho urbano pequeno
3509007,Caieiras,1,alto desempenho urbano médio
3502507,Aparecida,1,alto desempenho urbano médio
3512001,Colina,1,alto desempenho urbano médio
3521101,Ipeúna,0,alto desempenho urbano pequeno
3545308,Salto de Pirapora,1,alto desempenho urbano médio
3549250,São João de Iracema,0,alto desempenho urbano pequeno
3539103,Pirapora do Bom Jesus,0,alto desempenho urbano pequeno
3554102,Taubaté,1,alto desempenho urbano médio
3512704,Corumbataí,0,alto desempenho urbano pequeno
3519709,Ibiúna,1,alto desempenho urbano médio
3524006,Itupeva,1,alto desempenho urbano médio
3532827,Nova Campina,0,alto desempenho urbano pequeno
3511706,Charqueada,0,alto desempenho urbano pequeno
3536307,Patrocínio Paulista,0,alto desempenho urbano pequeno
3525003,Jandira,1,alto desempenho urbano médio
3557303,Estiva Gerbi,0,alto desempenho urbano pequeno
3525409,Jeriquara,0,alto desempenho urbano pequeno
3510807,Casa Branca,1,alto desempenho urbano médio
3555604,Uchoa,0,alto desempenho urbano pequeno
3540259,Pontalinda,0,alto desempenho urbano pequeno
3502002,Analândia,0,alto desempenho urbano pequeno
3534302,Orlândia,1,alto desempenho urbano médio
3510609,Carapicuíba,1,alto desempenho urbano médio
3529807,Mineiros do Tietê,0,alto desempenho urbano pequeno
3530508,Mococa,1,alto desempenho urbano médio
3539301,Pirassununga,1,alto desempenho urbano médio
3522653,Itapirapuã Paulista,0,alto desempenho urbano pequeno
3512605,Coronel Macedo,0,alto desempenho urbano pequeno
3551504,Serrana,1,alto desempenho urbano médio
3509452,Campina do Monte Alegre,0,alto desempenho urbano pequeno
3555307,Turmalina,0,alto desempenho urbano pequeno
3534401,Osasco,1,alto desempenho urbano médio
3552809,Taboão da Serra,1,alto desempenho urbano médio
3549409,São Joaquim da Barra,1,alto desempenho urbano médio
3524402,Jacareí,1,alto desempenho urbano médio
3552007,Silveiras,0,alto desempenho urbano pequeno
3546256,Santa Cruz da Esperança,0,alto desempenho urbano pequeno
3506904,Bofete,0,alto desempenho urbano pequeno
3520103,Igarapava,1,alto desempenho urbano médio
3521804,Itaí,0,alto desempenho urbano pequeno
3513850,Dirce Reis,0,alto desempenho urbano pequeno
3530607,Mogi das Cruzes,1,alto desempenho urbano médio
3512308,Conchas,0,alto desempenho urbano pequeno
3538105,Pindorama,0,alto desempenho urbano pequeno
3532405,Nazaré Paulista,0,alto desempenho urbano pequeno
3532009,Morungaba,0,alto desempenho urbano pequeno
3534005,Onda Verde,0,alto desempenho urbano pequeno
3535309,Palmital,1,alto desempenho urbano médio
3515103,Embu-Guaçu,1,alto desempenho urbano médio
3500303,Aguaí,1,alto desempenho urbano médio
3535507,Paraguaçu Paulista,1,alto desempenho urbano médio
3503158,Arapeí,0,alto desempenho urbano pequeno
3541307,Presidente Epitácio,1,alto desempenho urbano médio
3518701,Guarujá,1,alto desempenho urbano médio
3502200,Angatuba,1,alto desempenho urbano médio
3554508,Tietê,1,alto desempenho urbano médio
3524105,Ituverava,1,alto desempenho urbano médio
3521150,Ipiguá,0,alto desempenho urbano pequeno
3549706,São José do Rio Pardo,1,alto desempenho urbano médio
3552205,Sorocaba,1,alto desempenho urbano médio
3549508,São José da Bela Vista,0,alto desempenho urbano pequeno
3515129,Emilianópolis,0,alto desempenho urbano pequeno
3504909,Bananal,0,alto desempenho urbano pequeno
3511003,Castilho,1,alto desempenho urbano médio
3553302,Tambaú,1,alto desempenho urbano médio
3510302,Capela do Alto,0,alto desempenho urbano pequeno
3539400,Piratininga,0,alto desempenho urbano pequeno
3526308,Lagoinha,0,alto desempenho urbano pequeno
3502903,Araçoiaba da Serra,1,alto desempenho urbano médio
3525201,Jarinu,1,alto desempenho urbano médio
3556503,Várzea Paulista,1,alto desempenho urbano médio
3508009,Buri,0,alto desempenho urbano pequeno
3508405,Cabreúva,1,alto desempenho urbano médio
3506102,Bebedouro,1,alto desempenho urbano médio
3513504,Cubatão,1,alto desempenho urbano médio
3535804,Paranapanema,1,alto desempenho urbano médio
3555505,Ubirajara,0,alto desempenho urbano pequeno
3540705,Porto Ferreira,1,alto desempenho urbano médio
3501152,Alumínio,1,alto desempenho urbano médio
3557006,Votorantim,1,alto desempenho urbano médio
3536505,Paulínia,1,alto desempenho urbano médio
3531100,Mongaguá,1,alto desempenho urbano médio
3513207,Cristais Paulista,0,alto desempenho urbano pequeno
3533205,Nova Independência,0,alto desempenho urbano pequeno
3517000,Getulina,0,alto desempenho urbano pequeno
3536604,Paulo de Faria,0,alto desempenho urbano pequeno
3503802,Artur Nogueira,1,alto desempenho urbano médio
3531803,Monte Mor,1,alto desempenho urbano médio
3543907,Rio Claro,1,alto desempenho urbano médio
3548054,Santo Antônio do Aracanguá,0,alto desempenho urbano pequeno
3534708,Ourinhos,1,alto desempenho urbano médio
3508603,Cachoeira Paulista,1,alto desempenho urbano médio
3519600,Ibitinga,1,alto desempenho urbano médio
3522505,Itapevi,1,alto desempenho urbano médio
3547007,Santa Maria da Serra,0,alto desempenho urbano pequeno
3523008,Itapura,0,alto desempenho urbano pequeno
3546306,Santa Cruz das Palmeiras,1,alto desempenho urbano médio
3500550,Águas de Santa Bárbara,0,alto desempenho urbano pequeno
3557105,Votuporanga,1,alto desempenho urbano médio
3509601,Campo Limpo Paulista,1,alto desempenho urbano médio
3513603,Cunha,2,baixo desempenho rural pequeno
3547908,Santo Antônio da Alegria,0,alto desempenho urbano pequeno
3555000,Tupã,1,alto desempenho urbano médio
3502754,Araçariguama,1,alto desempenho urbano médio
3541000,Praia Grande,1,alto desempenho urbano médio
3511904,Clementina,0,alto desempenho urbano pequeno
3516408,Franco da Rocha,1,alto desempenho urbano médio
3541653,Quadra,0,alto desempenho urbano pequeno
3554003,Tatuí,1,alto desempenho urbano médio
3517208,Guaiçara,0,alto desempenho urbano pequeno
3556206,Valinhos,1,alto desempenho urbano médio
3513009,Cotia,1,alto desempenho urbano médio
3509700,Campos do Jordão,1,alto desempenho urbano médio
3509205,Cajamar,1,alto desempenho urbano médio
3532900,Nova Europa,0,alto desempenho urbano pequeno
3503901,Arujá,1,alto desempenho urbano médio
3516309,Francisco Morato,1,alto desempenho urbano médio
3537503,Pereiras,0,alto desempenho urbano pequeno
3530706,Mogi Guaçu,1,alto desempenho urbano médio
3552106,Socorro,1,alto desempenho urbano médio
3556701,Vinhedo,1,alto desempenho urbano médio
3548906,São Carlos,1,alto desempenho urbano médio
3552304,Sud Mennucci,0,alto desempenho urbano pequeno
3549805,São José do Rio Preto,1,alto desempenho urbano médio
3505807,Bastos,1,alto desempenho urbano médio
3521200,Iporanga,2,baixo desempenho rural pequeno
3516705,Garça,1,alto desempenho urbano médio
3542008,Quintana,0,alto desempenho urbano pequeno
3507605,Bragança Paulista,1,alto desempenho urbano médio
3501905,Amparo,1,alto desempenho urbano médio
3550407,São Pedro,1,alto desempenho urbano médio
3513900,Divinolândia,0,alto desempenho urbano pequeno
3520426,Ilha Comprida,0,alto desempenho urbano pequeno
3550605,São Roque,1,alto desempenho urbano médio
3542602,Registro,1,alto desempenho urbano médio
3519907,Iepê,0,alto desempenho urbano pequeno
3515152,Engenheiro Coelho,1,alto desempenho urbano médio
3522406,Itapeva,1,alto desempenho urbano médio
3526704,Leme,1,alto desempenho urbano médio
3508504,Caçapava,1,alto desempenho urbano médio
3522208,Itapecerica da Serra,1,alto desempenho urbano médio
3529203,Martinópolis,1,alto desempenho urbano médio
3543006,Ribeirão Branco,2,baixo desempenho rural pequeno
3547809,Santo André,1,alto desempenho urbano médio
3530102,Mirandópolis,1,alto desempenho urbano médio
3524303,Jaboticabal,1,alto desempenho urbano médio
3526605,Lavrinhas,0,alto desempenho urbano pequeno
3544400,Rubiácea,0,alto desempenho urbano pequeno
3528908,Mariápolis,0,alto desempenho urbano pequeno
3546405,Santa Cruz do Rio Pardo,1,alto desempenho urbano médio
3512803,Cosmópolis,1,alto desempenho urbano médio
3532207,Narandiba,0,alto desempenho urbano pequeno
3553807,Taquarituba,1,alto desempenho urbano médio
3519303,Ibaté,1,alto desempenho urbano médio
3552403,Sumaré,1,alto desempenho urbano médio
3516804,Gastão Vidigal,0,alto desempenho urbano pequeno
3515707,Ferraz de Vasconcelos,1,alto desempenho urbano médio
3501301,Álvares Machado,1,alto desempenho urbano médio
3522109,Itanhaém,1,alto desempenho urbano médio
3551702,Sertãozinho,1,alto desempenho urbano médio
3503109,Arandu,0,alto desempenho urbano pequeno
3553609,Tapiratiba,0,alto desempenho urbano pequeno
3512209,Conchal,1,alto desempenho urbano médio
3526407,Laranjal Paulista,1,alto desempenho urbano médio
3522000,Itaju,0,alto desempenho urbano pequeno
3530805,Mogi Mirim,1,alto desempenho urbano médio
3507803,Brodowski,1,alto desempenho urbano médio
3511201,Catiguá,0,alto desempenho urbano pequeno
3515202,Estrela d'Oeste,0,alto desempenho urbano pequeno
3511102,Catanduva,1,alto desempenho urbano médio
3517802,Guaraçaí,0,alto desempenho urbano pequeno
3510500,Caraguatatuba,1,alto desempenho urbano médio
3548005,Santo Antônio de Posse,1,alto desempenho urbano médio
3541406,Presidente Prudente,1,alto desempenho urbano médio
3544608,Sabino,0,alto desempenho urbano pequeno
3538907,Pirajuí,0,alto desempenho urbano pequeno
3509957,Canas,0,alto desempenho urbano pequeno
3553500,Tapiraí,0,alto desempenho urbano pequeno
3531902,Morro Agudo,1,alto desempenho urbano médio
3531209,Monte Alegre do Sul,0,alto desempenho urbano pequeno
3506359,Bertioga,1,alto desempenho urbano médio
3539806,Poá,1,alto desempenho urbano médio
3504305,Avaí,0,alto desempenho urbano pequeno
3528502,Mairiporã,1,alto desempenho urbano médio
3538006,Pindamonhangaba,1,alto desempenho urbano médio
3517406,Guaíra,1,alto desempenho urbano médio
3527306,Louveira,1,alto desempenho urbano médio
3514908,Elias Fausto,0,alto desempenho urbano pequeno
3509106,Caiuá,0,alto desempenho urbano pequeno
3538709,Piracicaba,1,alto desempenho urbano médio
3526100,Juquiá,2,baixo desempenho rural pequeno
3527702,Luiziânia,0,alto desempenho urbano pequeno
3549102,São João da Boa Vista,1,alto desempenho urbano médio
3524808,Jales,1,alto desempenho urbano médio
3533403,Nova Odessa,1,alto desempenho urbano médio
3501400,Álvaro de Carvalho,0,alto desempenho urbano pequeno
3545803,Santa Bárbara d'Oeste,1,alto desempenho urbano médio
3524501,Jaci,0,alto desempenho urbano pequeno
3500907,Altair,0,alto desempenho urbano pequeno
3556453,Vargem Grande Paulista,1,alto desempenho urbano médio
3517505,Guapiaçu,1,alto desempenho urbano médio
3511607,Cesário Lange,1,alto desempenho urbano médio
3505609,Barrinha,1,alto desempenho urbano médio
3507159,Bom Sucesso de Itararé,0,alto desempenho urbano pequeno
3504602,Bady Bassitt,1,alto desempenho urbano médio
3538303,Piquerobi,0,alto desempenho urbano pequeno
3527801,Lupércio,0,alto desempenho urbano pequeno
3543600,Rifaina,0,alto desempenho urbano pequeno
3503208,Araraquara,1,alto desempenho urbano médio
3525706,José Bonifácio,1,alto desempenho urbano médio
3541059,Pratânia,0,alto desempenho urbano pequeno
3523206,Itararé,1,alto desempenho urbano médio
3548500,Santos,1,alto desempenho urbano médio
3530904,Mombuca,0,alto desempenho urbano pequeno
3520905,Ipaussu,0,alto desempenho urbano pequeno
3545209,Salto,1,alto desempenho urbano médio
3548708,São Bernardo do Campo,1,alto desempenho urbano médio
3502101,Andradina,1,alto desempenho urbano médio
3520301,Iguape,1,alto desempenho urbano médio
3533809,Óleo,0,alto desempenho urbano pequeno
3549904,São José dos Campos,1,alto desempenho urbano médio
3550209,São Miguel Arcanjo,1,alto desempenho urbano médio
3500709,Agudos,1,alto desempenho urbano médio
3518404,Guaratinguetá,1,alto desempenho urbano médio
3537909,Pilar do Sul,1,alto desempenho urbano médio
3545100,Salmourão,0,alto desempenho urbano pequeno
3532801,Nova Aliança,0,alto desempenho urbano pequeno
3505302,Barra Bonita,1,alto desempenho urbano médio
3518206,Guararapes,1,alto desempenho urbano médio
3519071,Hortolândia,1,alto desempenho urbano médio
3503307,Araras,1,alto desempenho urbano médio
3536109,Pardinho,0,alto desempenho urbano pequeno
3504503,Avaré,1,alto desempenho urbano médio
3515509,Fernandópolis,1,alto desempenho urbano médio
3525102,Jardinópolis,1,alto desempenho urbano médio
3535002,Palestina,0,alto desempenho urbano pequeno
3516200,Franca,1,alto desempenho urbano médio
3532108,Murutinga do Sul,0,alto desempenho urbano pequeno
3519055,Holambra,1,alto desempenho urbano médio
3534609,Osvaldo Cruz,1,alto desempenho urbano médio
3553005,Taguaí,0,alto desempenho urbano pequeno
3538600,Piracaia,1,alto desempenho urbano médio
3546603,Santa Fé do Sul,1,alto desempenho urbano médio
3530409,Mirassolândia,0,alto desempenho urbano pequeno
3507506,Botucatu,1,alto desempenho urbano médio
3523602,Itirapina,0,alto desempenho urbano pequeno
3501608,Americana,1,alto desempenho urbano médio
3515194,Espírito Santo do Turvo,0,alto desempenho urbano pequeno
3544905,Sales Oliveira,0,alto desempenho urbano pequeno
3532157,Nantes,0,alto desempenho urbano pequeno
3513702,Descalvado,1,alto desempenho urbano médio
3509254,Cajati,1,alto desempenho urbano médio
3529005,Marília,1,alto desempenho urbano médio
3520509,Indaiatuba,1,alto desempenho urbano médio
3543709,Rincão,0,alto desempenho urbano pequeno
3524907,Jambeiro,0,alto desempenho urbano pequeno
3537800,Piedade,1,alto desempenho urbano médio
3540200,Pontal,1,alto desempenho urbano médio
3550100,São Manuel,1,alto desempenho urbano médio
3547403,Santa Rita d'Oeste,0,alto desempenho urbano pequeno
3501103,Alto Alegre,0,alto desempenho urbano pequeno
3505500,Barretos,1,alto desempenho urbano médio
3534104,Oriente,0,alto desempenho urbano pequeno
3506409,Bilac,0,alto desempenho urbano pequeno
3546702,Santa Gertrudes,1,alto desempenho urbano médio
3501806,Américo de Campos,0,alto desempenho urbano pequeno
3542206,Rancharia,1,alto desempenho urbano médio
3545407,Salto Grande,0,alto desempenho urbano pequeno
3525300,Jaú,1,alto desempenho urbano médio
3544251,Rosana,1,alto desempenho urbano médio
3521408,Iracemápolis,1,alto desempenho urbano médio
3503505,Areias,0,alto desempenho urbano pequeno
3541505,Presidente Venceslau,1,alto desempenho urbano médio
3526209,Juquitiba,1,alto desempenho urbano médio
3530003,Mira Estrela,0,alto desempenho urbano pequeno
3508801,Cafelândia,0,alto desempenho urbano pequeno
3549953,São Lourenço da Serra,0,alto desempenho urbano pequeno
3533007,Nova Granada,0,alto desempenho urbano pequeno
3533908,Olímpia,1,alto desempenho urbano médio
3505906,Batatais,1,alto desempenho urbano médio
3516903,General Salgado,0,alto desempenho urbano pequeno
3537008,Pedregulho,0,alto desempenho urbano pequeno
3507456,Borebi,0,alto desempenho urbano pequeno
3509304,Cajobi,0,alto desempenho urbano pequeno
3514106,Dois Córregos,1,alto desempenho urbano médio
3540804,Potirendaba,0,alto desempenho urbano pequeno
3544509,Rubinéia,0,alto desempenho urbano pequeno
3500501,Águas de Lindóia,0,alto desempenho urbano pequeno
3511508,Cerquilho,1,alto desempenho urbano médio
3545605,Santa Adélia,0,alto desempenho urbano pequeno
3522604,Itapira,1,alto desempenho urbano médio
3548807,São Caetano do Sul,1,alto desempenho urbano médio
3526803,Lençóis Paulista,1,alto desempenho urbano médio
3537305,Penápolis,1,alto desempenho urbano médio
3555356,Ubarana,0,alto desempenho urbano pequeno
3510203,Capão Bonito,1,alto desempenho urbano médio
3541901,Queluz,0,alto desempenho urbano pequeno
3526506,Lavínia,0,alto desempenho urbano pequeno
3514809,Eldorado,2,baixo desempenho rural pequeno
3523305,Itariri,0,alto desempenho urbano pequeno
3552700,Tabatinga,0,alto desempenho urbano pequeno
3540002,Pompéia,1,alto desempenho urbano médio
3507001,Boituva,1,alto desempenho urbano médio
3518503,Guareí,0,alto desempenho urbano pequeno
3553856,Taquarivaí,0,alto desempenho urbano pequeno
3507902,Brotas,1,alto desempenho urbano médio
3528601,Manduri,0,alto desempenho urbano pequeno
3553708,Taquaritinga,1,alto desempenho urbano médio
3526902,Limeira,1,alto desempenho urbano médio
3547502,Santa Rita do Passa Quatro,1,alto desempenho urbano médio
3533502,Novo Horizonte,1,alto desempenho urbano médio
3520202,Igaratá,0,alto desempenho urbano pequeno
3548609,São Bento do Sapucaí,0,alto desempenho urbano pequeno
3523503,Itatinga,0,alto desempenho urbano pequeno
3524709,Jaguariúna,1,alto desempenho urbano médio
3505708,Barueri,1,alto desempenho urbano médio
3514403,Dracena,1,alto desempenho urbano médio
3515400,Fartura,0,alto desempenho urbano pequeno
3542800,Ribeira,0,alto desempenho urbano pequeno
3556602,Vera Cruz,0,alto desempenho urbano pequeno
3539509,Pitangueiras,1,alto desempenho urbano médio
3550902,São Simão,0,alto desempenho urbano pequeno
3556800,Viradouro,0,alto desempenho urbano pequeno
3556305,Valparaíso,1,alto desempenho urbano médio
3529708,Miguelópolis,1,alto desempenho urbano médio
3524600,Jacupiranga,0,alto desempenho urbano pequeno
3503703,Ariranha,0,alto desempenho urbano pequeno
3544301,Roseira,0,alto desempenho urbano pequeno
3508108,Buritama,0,alto desempenho urbano pequeno
3535606,Paraibuna,0,alto desempenho urbano pequeno
3543303,Ribeirão Pires,1,alto desempenho urbano médio
3543253,Ribeirão Grande,0,alto desempenho urbano pequeno
3500204,Adolfo,0,alto desempenho urbano pequeno
3541208,Presidente Bernardes,0,alto desempenho urbano pequeno
3529302,Matão,1,alto desempenho urbano médio
3510401,Capivari,1,alto desempenho urbano médio
3509908,Cananéia,0,alto desempenho urbano pequeno
3500402,Águas da Prata,0,alto desempenho urbano pequeno
3538808,Piraju,1,alto desempenho urbano médio
3518305,Guararema,1,alto desempenho urbano médio
3528007,Macatuba,0,alto desempenho urbano pequeno
3553401,Tanabi,1,alto desempenho urbano médio
3515186,Espírito Santo do Pinhal,1,alto desempenho urbano médio
3550803,São Sebastião da Grama,0,alto desempenho urbano pequeno
3505203,Bariri,1,alto desempenho urbano médio
3505351,Barra do Chapéu,2,baixo desempenho rural pequeno
3544004,Rio das Pedras,1,alto desempenho urbano médio
3534906,Pacaembu,0,alto desempenho urbano pequeno
3518859,Guatapará,0,alto desempenho urbano pequeno
3527405,Lucélia,0,alto desempenho urbano pequeno
3523404,Itatiba,1,alto desempenho urbano médio
3536208,Pariquera-Açu,1,alto desempenho urbano médio
3505104,Barbosa,0,alto desempenho urbano pequeno
3523909,Itu,1,alto desempenho urbano médio
3545001,Salesópolis,0,alto desempenho urbano pequeno
3545159,Saltinho,0,alto desempenho urbano pequeno
3538501,Piquete,0,alto desempenho urbano pequeno
3541703,Quatá,0,alto desempenho urbano pequeno
3502804,Araçatuba,1,alto desempenho urbano médio
3537404,Pereira Barreto,1,alto desempenho urbano médio
3505005,Barão de Antonina,0,alto desempenho urbano pequeno
3501707,Américo Brasiliense,1,alto desempenho urbano médio
3554953,Tuiuti,0,alto desempenho urbano pequeno
3545704,Santa Albertina,0,alto desempenho urbano pequeno
3520442,Ilha Solteira,1,alto desempenho urbano médio
3533106,Nova Guataporanga,0,alto desempenho urbano pequeno
3517604,Guapiara,2,baixo desempenho rural pequeno
3551801,Sete Barras,2,baixo desempenho rural pequeno
3531308,Monte Alto,1,alto desempenho urbano médio
3553104,Taiaçu,0,alto desempenho urbano pequeno
3546900,Santa Lúcia,0,alto desempenho urbano pequeno
3510906,Cássia dos Coqueiros,0,alto desempenho urbano pequeno
3531704,Monteiro Lobato,0,alto desempenho urbano pequeno
3529609,Meridiano,0,alto desempenho urbano pequeno
3556107,Valentim Gentil,0,alto desempenho urbano pequeno
3532603,Nhandeara,0,alto desempenho urbano pequeno
3502606,Aparecida d'Oeste,0,alto desempenho urbano pequeno
3502408,Anhumas,0,alto desempenho urbano pequeno
3554300,Teodoro Sampaio,1,alto desempenho urbano médio
3541604,Promissão,1,alto desempenho urbano médio
3525805,Júlio Mesquita,0,alto desempenho urbano pequeno
3556958,Vitória Brasil,0,alto desempenho urbano pequeno
3554409,Terra Roxa,0,alto desempenho urbano pequeno
3518107,Guarantã,0,alto desempenho urbano pequeno
3517703,Guará,0,alto desempenho urbano pequeno
3516853,Gavião Peixoto,0,alto desempenho urbano pequeno
3522703,Itápolis,1,alto desempenho urbano médio
3536406,Paulicéia,0,alto desempenho urbano pequeno
3500105,Adamantina,1,alto desempenho urbano médio
3531605,Monte Castelo,0,alto desempenho urbano pequeno
3546207,Santa Cruz da Conceição,0,alto desempenho urbano pequeno
3544806,Sales,0,alto desempenho urbano pequeno
3535200,Palmeira d'Oeste,0,alto desempenho urbano pequeno
3520707,Indiaporã,0,alto desempenho urbano pequeno
3553203,Taiúva,0,alto desempenho urbano pequeno
3534500,Oscar Bressane,0,alto desempenho urbano pequeno
3530300,Mirassol,1,alto desempenho urbano médio
3506300,Bernardino de Campos,0,alto desempenho urbano pequeno
3502705,Apiaí,1,alto desempenho urbano médio
3533254,Novais,0,alto desempenho urbano pequeno
3520004,Igaraçu do Tietê,0,alto desempenho urbano pequeno
3504206,Auriflama,0,alto desempenho urbano pequeno
3501004,Altinópolis,0,alto desempenho urbano pequeno
3550506,São Pedro do Turvo,0,alto desempenho urbano pequeno
3525904,Jundiaí,1,alto desempenho urbano médio
3512506,Coroados,0,alto desempenho urbano pequeno
3510708,Cardoso,0,alto desempenho urbano pequeno
3544707,Sagres,0,alto desempenho urbano pequeno
3518602,Guariba,1,alto desempenho urbano médio
3537156,Pedrinhas Paulista,0,alto desempenho urbano pequeno
3556404,Vargem Grande do Sul,1,alto desempenho urbano médio
3510104,Cândido Rodrigues,0,alto desempenho urbano pequeno
3507100,Bom Jesus dos Perdões,1,alto desempenho urbano médio
3529500,Mendonça,0,alto desempenho urbano pequeno
3540507,Porangaba,0,alto desempenho urbano pequeno
3542701,Restinga,0,alto desempenho urbano pequeno
3533601,Nuporanga,0,alto desempenho urbano pequeno
3508702,Caconde,0,alto desempenho urbano pequeno
3521507,Irapuã,0,alto desempenho urbano pequeno
3504107,Atibaia,1,alto desempenho urbano médio
3540309,Pontes Gestal,0,alto desempenho urbano pequeno
3517109,Glicério,0,alto desempenho urbano pequeno
3504404,Avanhandava,0,alto desempenho urbano pequeno
3507308,Boracéia,0,alto desempenho urbano pequeno
3543238,Ribeirão dos Índios,0,alto desempenho urbano pequeno
3528700,Marabá Paulista,0,alto desempenho urbano pequeno
3539707,Platina,0,alto desempenho urbano pequeno
3506508,Birigui,1,alto desempenho urbano médio
3519402,Ibirá,0,alto desempenho urbano pequeno
3514924,Elisiário,0,alto desempenho urbano pequeno
3525508,Joanópolis,0,alto desempenho urbano pequeno
3509403,Cajuru,1,alto desempenho urbano médio
3543105,Ribeirão Corrente,0,alto desempenho urbano pequeno
3548104,Santo Antônio do Jardim,0,alto desempenho urbano pequeno
3546801,Santa Isabel,1,alto desempenho urbano médio
3514304,Dourado,0,alto desempenho urbano pequeno
3527900,Lutécia,0,alto desempenho urbano pequeno
3500758,Alambari,0,alto desempenho urbano pequeno
3503604,Areiópolis,0,alto desempenho urbano pequeno
3511300,Cedral,0,alto desempenho urbano pequeno
3515301,Estrela do Norte,0,alto desempenho urbano pequeno
3503406,Arealva,0,alto desempenho urbano pequeno
3510005,Cândido Mota,1,alto desempenho urbano médio
3519808,Icém,0,alto desempenho urbano pequeno
3531506,Monte Azul Paulista,0,alto desempenho urbano pequeno
3550001,São Luiz do Paraitinga,0,alto desempenho urbano pequeno
3554201,Tejupá,0,alto desempenho urbano pequeno
3540903,Pradópolis,1,alto desempenho urbano médio
3527256,Lourdes,0,alto desempenho urbano pequeno
3527108,Lins,1,alto desempenho urbano médio
3531407,Monte Aprazível,1,alto desempenho urbano médio
3540606,Porto Feliz,1,alto desempenho urbano médio
3501509,Alvinlândia,0,alto desempenho urbano pequeno
3547601,Santa Rosa de Viterbo,1,alto desempenho urbano médio
3548401,Santópolis do Aguapeí,0,alto desempenho urbano pequeno
3517901,Guaraci,0,alto desempenho urbano pequeno
3512407,Cordeirópolis,1,alto desempenho urbano médio
3523701,Itirapuã,0,alto desempenho urbano pequeno
3543204,Ribeirão do Sul,0,alto desempenho urbano pequeno
3553658,Taquaral,0,alto desempenho urbano pequeno
3556354,Vargem,0,alto desempenho urbano pequeno
3527504,Lucianópolis,0,alto desempenho urbano pequeno
3539608,Planalto,0,alto desempenho urbano pequeno
3539202,Pirapozinho,1,alto desempenho urbano médio
3536000,Parapuã,0,alto desempenho urbano pequeno
3525854,Jumirim,0,alto desempenho urbano pequeno
3515350,Euclides da Cunha Paulista,0,alto desempenho urbano pequeno
3514601,Dumont,0,alto desempenho urbano pequeno
3536257,Parisi,0,alto desempenho urbano pequeno
3521309,Ipuã,0,alto desempenho urbano pequeno
3535705,Paraíso,0,alto desempenho urbano pequeno
3526001,Junqueirópolis,0,alto desempenho urbano pequeno
3527009,Lindóia,0,alto desempenho urbano pequeno
3514205,Dolcinópolis,0,alto desempenho urbano pequeno
3533304,Nova Luzitânia,0,alto desempenho urbano pequeno
3542404,Regente Feijó,1,alto desempenho urbano médio
3540408,Populina,0,alto desempenho urbano pequeno
3538204,Pinhalzinho,0,alto desempenho urbano pequeno
3514700,Echaporã,0,alto desempenho urbano pequeno
3501202,Álvares Florence,0,alto desempenho urbano pequeno
3508306,Cabrália Paulista,0,alto desempenho urbano pequeno
3516606,Gália,0,alto desempenho urbano pequeno
3545506,Sandovalina,0,alto desempenho urbano pequeno
3542909,Ribeirão Bonito,0,alto desempenho urbano pequeno
3553906,Tarabai,0,alto desempenho urbano pequeno
3532843,Nova Canaã Paulista,0,alto desempenho urbano pequeno
3551207,Sarutaiá,0,alto desempenho urbano pequeno
3552908,Taciba,0,alto desempenho urbano pequeno
3532058,Motuca,0,alto desempenho urbano pequeno
3547700,Santo Anastácio,1,alto desempenho urbano médio
3556008,Urupês,0,alto desempenho urbano pequeno
3556909,Vista Alegre do Alto,0,alto desempenho urbano pequeno
3549300,São João do Pau d'Alho,0,alto desempenho urbano pequeno
3543501,Riversul,0,alto desempenho urbano pequeno
3528106,Macaubal,0,alto desempenho urbano pequeno
3555901,Uru,0,alto desempenho urbano pequeno
3504800,Bálsamo,0,alto desempenho urbano pequeno
3514502,Duartina,0,alto desempenho urbano pequeno
3500600,Águas de São Pedro,0,alto desempenho urbano pequeno
3520608,Indiana,0,alto desempenho urbano pequeno
3525607,João Ramalho,0,alto desempenho urbano pequeno
3534807,Ouro Verde,0,alto desempenho urbano pequeno
3524204,Jaborandi,0,alto desempenho urbano pequeno
3535101,Palmares Paulista,0,alto desempenho urbano pequeno
3517307,Guaimbê,0,alto desempenho urbano pequeno
3516002,Flórida Paulista,0,alto desempenho urbano pequeno
3553955,Tarumã,0,alto desempenho urbano pequeno
3537701,Piacatu,0,alto desempenho urbano pequeno
3542305,Redenção da Serra,0,alto desempenho urbano pequeno
3528205,Macedônia,0,alto desempenho urbano pequeno
3531001,Monções,0,alto desempenho urbano pequeno
3546504,Santa Ernestina,0,alto desempenho urbano pequeno
3533700,Ocauçu,0,alto desempenho urbano pequeno
3551306,Sebastianópolis do Sul,0,alto desempenho urbano pequeno
3539004,Pirangi,0,alto desempenho urbano pequeno
3542107,Rafard,0,alto desempenho urbano pequeno
3516507,Gabriel Monteiro,0,alto desempenho urbano pequeno
3513306,Cruzália,0,alto desempenho urbano pequeno
3519006,Herculândia,0,alto desempenho urbano pequeno
3528304,Magda,0,alto desempenho urbano pequeno
3528809,Maracaí,0,alto desempenho urbano pequeno
3521903,Itajobi,0,alto desempenho urbano pequeno
3544202,Riolândia,0,alto desempenho urbano pequeno
3535408,Panorama,0,alto desempenho urbano pequeno
3549201,São João das Duas Pontes,0,alto desempenho urbano pequeno
3540101,Pongaí,0,alto desempenho urbano pequeno
3505401,Barra do Turvo,2,baixo desempenho rural pequeno
3520806,Inúbia Paulista,0,alto desempenho urbano pequeno
3519501,Ibirarema,0,alto desempenho urbano pequeno
3514957,Embaúba,0,alto desempenho urbano pequeno
3518909,Guzolândia,0,alto desempenho urbano pequeno
3552601,Tabapuã,0,alto desempenho urbano pequeno
3554904,Três Fronteiras,0,alto desempenho urbano pequeno
3546108,Santa Clara d'Oeste,0,alto desempenho urbano pequeno
3532504,Neves Paulista,0,alto desempenho urbano pequeno
3548302,Santo Expedito,0,alto desempenho urbano pequeno
3512100,Colômbia,0,alto desempenho urbano pequeno
3507407,Borborema,0,alto desempenho urbano pequeno
3529104,Marinópolis,0,alto desempenho urbano pequeno
3515657,Fernão,0,alto desempenho urbano pequeno
3532702,Nipoã,0,alto desempenho urbano pequeno
3507753,Brejo Alegre,0,alto desempenho urbano pequeno
3518008,Guarani d'Oeste,0,alto desempenho urbano pequeno
3507704,Braúna,0,alto desempenho urbano pequeno
3541802,Queiroz,0,alto desempenho urbano pequeno
3537107,Pedreira,1,alto desempenho urbano médio
3555109,Tupi Paulista,0,alto desempenho urbano pequeno
3540853,Pracinha,0,alto desempenho urbano pequeno
3528858,Marapoama,0,alto desempenho urbano pequeno
3512902,Cosmorama,0,alto desempenho urbano pequeno
3508207,Buritizal,0,alto desempenho urbano pequeno
3547106,Santa Mercedes,0,alto desempenho urbano pequeno
3542503,Reginópolis,0,alto desempenho urbano pequeno
3521606,Irapuru,0,alto desempenho urbano pequeno
3552551,Suzanápolis,0,alto desempenho urbano pequeno
3515608,Fernando Prestes,0,alto desempenho urbano pequeno
3530201,Mirante do Paranapanema,0,alto desempenho urbano pequeno
3534757,Ouroeste,0,alto desempenho urbano pequeno
3555208,Turiúba,0,alto desempenho urbano pequeno
3506201,Bento de Abreu,0,alto desempenho urbano pequeno
3554755,Trabiju,0,alto desempenho urbano pequeno
3515905,Floreal,0,alto desempenho urbano pequeno
3504701,Balbinos,0,alto desempenho urbano pequeno
3519105,Iacanga,0,alto desempenho urbano pequeno
4128625,Alto Paraíso,0,alto desempenho urbano pequeno
4113254,Laranjal,2,baixo desempenho rural pequeno
4128559,Vera Cruz do Oeste,0,alto desempenho urbano pequeno
4110052,Iguatu,0,alto desempenho urbano pequeno
4116505,Nova Aliança do Ivaí,0,alto desempenho urbano pequeno
4107520,Esperança Nova,0,alto desempenho urbano pequeno
4121000,Querência do Norte,0,alto desempenho urbano pequeno
4126702,Tamboara,0,alto desempenho urbano pequeno
4103107,Bocaiúva do Sul,2,baixo desempenho rural pequeno
4112603,Jardim Olinda,0,alto desempenho urbano pequeno
4107256,Douradina,0,alto desempenho urbano pequeno
4110003,Iguaraçu,0,alto desempenho urbano pequeno
4120507,Primeiro de Maio,0,alto desempenho urbano pequeno
4106100,Conselheiro Mairinck,0,alto desempenho urbano pequeno
4100400,Almirante Tamandaré,1,alto desempenho urbano médio
4116307,Munhoz de Melo,0,alto desempenho urbano pequeno
4103206,Bom Sucesso,0,alto desempenho urbano pequeno
4101655,Arapuã,0,alto desempenho urbano pequeno
4105102,Centenário do Sul,0,alto desempenho urbano pequeno
4111803,Jacarezinho,1,alto desempenho urbano médio
4105201,Cerro Azul,2,baixo desempenho rural pequeno
4111258,Itaperuçu,1,alto desempenho urbano médio
4100103,Abatiá,0,alto desempenho urbano pequeno
4103479,Cafezal do Sul,0,alto desempenho urbano pequeno
4117602,Palmas,1,alto desempenho urbano médio
4109658,Honório Serpa,0,alto desempenho urbano pequeno
4112900,Jundiaí do Sul,0,alto desempenho urbano pequeno
4118857,Perobal,0,alto desempenho urbano pequeno
4126256,Sarandi,1,alto desempenho urbano médio
4119509,Piraquara,1,alto desempenho urbano médio
4115507,Marumbi,0,alto desempenho urbano pequeno
4113759,Lunardelli,0,alto desempenho urbano pequeno
4123402,Santa Fé,0,alto desempenho urbano pequeno
4118303,Paranapoema,0,alto desempenho urbano pequeno
4110904,Itaguajé,0,alto desempenho urbano pequeno
4114104,Mandaguaçu,1,alto desempenho urbano médio
4128302,Uniflor,0,alto desempenho urbano pequeno
4120200,Porto Rico,0,alto desempenho urbano pequeno
4104253,Campo Magro,1,alto desempenho urbano médio
4112959,Juranda,0,alto desempenho urbano pequeno
4124103,Santo Antônio da Platina,1,alto desempenho urbano médio
4100202,Adrianópolis,0,alto desempenho urbano pequeno
4102802,Bela Vista do Paraíso,0,alto desempenho urbano pequeno
4112504,Jardim Alegre,0,alto desempenho urbano pequeno
4112702,Jataizinho,0,alto desempenho urbano pequeno
4115101,Mariluz,0,alto desempenho urbano pequeno
4122206,Rio Branco do Sul,1,alto desempenho urbano médio
4101051,Anahy,0,alto desempenho urbano pequeno
4119301,Pinhão,1,alto desempenho urbano médio
4113601,Lobato,0,alto desempenho urbano pequeno
4125001,São João do Ivaí,0,alto desempenho urbano pequeno
4118204,Paranaguá,1,alto desempenho urbano médio
4103602,Cambará,1,alto desempenho urbano médio
4127106,Telêmaco Borba,1,alto desempenho urbano médio
4108809,Guaíra,1,alto desempenho urbano médio
4102703,Barra do Jacaré,0,alto desempenho urbano pequeno
4117305,Ortigueira,1,alto desempenho urbano médio
4119152,Pinhais,1,alto desempenho urbano médio
4108106,Flórida,0,alto desempenho urbano pequeno
4116604,Nova América da Colina,0,alto desempenho urbano pequeno
4110607,Iporã,0,alto desempenho urbano pequeno
4108007,Florestópolis,0,alto desempenho urbano pequeno
4128104,Umuarama,1,alto desempenho urbano médio
4127882,Tunas do Paraná,0,alto desempenho urbano pequeno
4126652,Sulina,0,alto desempenho urbano pequeno
4114708,Maria Helena,0,alto desempenho urbano pequeno
4100608,Alto Paraná,0,alto desempenho urbano pequeno
4107702,Fênix,0,alto desempenho urbano pequeno
4101101,Andirá,1,alto desempenho urbano médio
4108700,Grandes Rios,0,alto desempenho urbano pequeno
4122909,Salto do Itararé,0,alto desempenho urbano pequeno
4105805,Colombo,1,alto desempenho urbano médio
4105607,Cidade Gaúcha,0,alto desempenho urbano pequeno
4101002,Ampére,1,alto desempenho urbano médio
4105003,Catanduvas,0,alto desempenho urbano pequeno
4101200,Antonina,1,alto desempenho urbano médio
4104451,Cantagalo,0,alto desempenho urbano pequeno
4107157,Diamante D'Oeste,0,alto desempenho urbano pequeno
4126504,Sertanópolis,0,alto desempenho urbano pequeno
4109609,Guaratuba,1,alto desempenho urbano médio
4120804,Quatro Barras,1,alto desempenho urbano médio
4111506,Ivaiporã,1,alto desempenho urbano médio
4125506,São José dos Pinhais,1,alto desempenho urbano médio
4116208,Morretes,2,baixo desempenho rural pequeno
4114500,Manoel Ribas,0,alto desempenho urbano pequeno
4122602,Rondon,0,alto desempenho urbano pequeno
4122651,Rosário do Ivaí,0,alto desempenho urbano pequeno
4127403,Terra Roxa,0,alto desempenho urbano pequeno
4117503,Paiçandu,1,alto desempenho urbano médio
4127304,Terra Rica,0,alto desempenho urbano pequeno
4117909,Palotina,1,alto desempenho urbano médio
4107652,Fazenda Rio Grande,1,alto desempenho urbano médio
4106001,Congonhinhas,0,alto desempenho urbano pequeno
4108320,Francisco Alves,0,alto desempenho urbano pequeno
4126801,Tapejara,0,alto desempenho urbano pequeno
4100806,Alvorada do Sul,0,alto desempenho urbano pequeno
4107124,Diamante do Sul,0,alto desempenho urbano pequeno
4115739,Mato Rico,0,alto desempenho urbano pequeno
4120101,Porto Amazonas,0,alto desempenho urbano pequeno
4118808,Peabiru,0,alto desempenho urbano pequeno
4122172,Rio Branco do Ivaí,0,alto desempenho urbano pequeno
4104006,Campina Grande do Sul,1,alto desempenho urbano médio
4106902,Curitiba,1,alto desempenho urbano médio
4109500,Guaraqueçaba,2,baixo desempenho rural pequeno
4101804,Araucária,1,alto desempenho urbano médio
4115903,Mirador,0,alto desempenho urbano pequeno
4115705,Matinhos,1,alto desempenho urbano médio
4100509,Altônia,0,alto desempenho urbano pequeno
4121604,Renascença,0,alto desempenho urbano pequeno
4128708,Vitorino,0,alto desempenho urbano pequeno
4106704,Cruzeiro do Sul,0,alto desempenho urbano pequeno
4119954,Pontal do Paraná,1,alto desempenho urbano médio
4127957,Tupãssi,0,alto desempenho urbano pequeno
4108601,Goioerê,1,alto desempenho urbano médio
4121208,Quitandinha,0,alto desempenho urbano pequeno
4114906,Marilândia do Sul,0,alto desempenho urbano pequeno
4113304,Laranjeiras do Sul,1,alto desempenho urbano médio
4103057,Boa Vista da Aparecida,0,alto desempenho urbano pequeno
4107546,Espigão Alto do Iguaçu,0,alto desempenho urbano pequeno
4114401,Mangueirinha,1,alto desempenho urbano médio
4127908,Tuneiras do Oeste,0,alto desempenho urbano pequeno
4113502,Loanda,1,alto desempenho urbano médio
4120903,Quedas do Iguaçu,1,alto desempenho urbano médio
4100905,Amaporã,0,alto desempenho urbano pequeno
4125902,São Pedro do Paraná,0,alto desempenho urbano pequeno
4113007,Jussara,0,alto desempenho urbano pequeno
4117701,Palmeira,1,alto desempenho urbano médio
4110078,Imbaú,0,alto desempenho urbano pequeno
4102604,Barracão,0,alto desempenho urbano pequeno
4109757,Ibema,0,alto desempenho urbano pequeno
4104428,Candói,0,alto desempenho urbano pequeno
4109906,Icaraíma,0,alto desempenho urbano pequeno
4122404,Rolândia,1,alto desempenho urbano médio
4112405,Japurá,0,alto desempenho urbano pequeno
4126207,Sapopema,0,alto desempenho urbano pequeno
4109203,Guaraci,0,alto desempenho urbano pequeno
4109807,Ibiporã,1,alto desempenho urbano médio
4124020,Santa Tereza do Oeste,0,alto desempenho urbano pequeno
4108304,Foz do Iguaçu,1,alto desempenho urbano médio
4121703,Reserva,2,baixo desempenho rural pequeno
4119608,Pitanga,1,alto desempenho urbano médio
4109708,Ibaiti,1,alto desempenho urbano médio
4107108,Diamante do Norte,0,alto desempenho urbano pequeno
4119400,Piraí do Sul,1,alto desempenho urbano médio
4105706,Clevelândia,1,alto desempenho urbano médio
4104204,Campo Largo,1,alto desempenho urbano médio
4104600,Capitão Leônidas Marques,0,alto desempenho urbano pequeno
4110201,Inácio Martins,2,baixo desempenho rural pequeno
4104055,Campo Bonito,0,alto desempenho urbano pequeno
4114807,Marialva,1,alto desempenho urbano médio
4108908,Guairaçá,0,alto desempenho urbano pequeno
4126678,Tamarana,0,alto desempenho urbano pequeno
4128807,Xambrê,0,alto desempenho urbano pequeno
4116901,Nova Esperança,1,alto desempenho urbano médio
4125357,São Jorge do Patrocínio,0,alto desempenho urbano pequeno
4125704,São Miguel do Iguaçu,1,alto desempenho urbano médio
4128534,Ventania,0,alto desempenho urbano pequeno
4115606,Matelândia,1,alto desempenho urbano médio
4104709,Carlópolis,0,alto desempenho urbano pequeno
4115457,Marquinho,0,alto desempenho urbano pequeno
4120002,Porecatu,0,alto desempenho urbano pequeno
4106605,Cruzeiro do Oeste,1,alto desempenho urbano médio
4117800,Palmital,2,baixo desempenho rural pequeno
4110300,Inajá,0,alto desempenho urbano pequeno
4123907,Santa Mariana,0,alto desempenho urbano pequeno
4119202,Pinhalão,0,alto desempenho urbano pequeno
4113700,Londrina,1,alto desempenho urbano médio
4103370,Brasilândia do Sul,0,alto desempenho urbano pequeno
4109401,Guarapuava,1,alto desempenho urbano médio
4104907,Castro,1,alto desempenho urbano médio
4128203,União da Vitória,1,alto desempenho urbano médio
4104659,Carambeí,1,alto desempenho urbano médio
4121802,Ribeirão Claro,0,alto desempenho urbano pequeno
4106308,Corbélia,0,alto desempenho urbano pequeno
4118006,Paraíso do Norte,0,alto desempenho urbano pequeno
4103040,Boa Ventura de São Roque,0,alto desempenho urbano pequeno
4125753,São Pedro do Iguaçu,0,alto desempenho urbano pequeno
4101606,Arapoti,1,alto desempenho urbano médio
4100707,Alto Piquiri,0,alto desempenho urbano pequeno
4114609,Marechal Cândido Rondon,1,alto desempenho urbano médio
4102406,Bandeirantes,1,alto desempenho urbano médio
4103024,Boa Esperança do Iguaçu,0,alto desempenho urbano pequeno
4112306,Japira,0,alto desempenho urbano pequeno
4120408,Presidente Castelo Branco,0,alto desempenho urbano pequeno
4100301,Agudos do Sul,0,alto desempenho urbano pequeno
4101705,Araruna,0,alto desempenho urbano pequeno
4101853,Ariranha do Ivaí,0,alto desempenho urbano pequeno
4101507,Arapongas,1,alto desempenho urbano médio
4115309,Mariópolis,0,alto desempenho urbano pequeno
4111902,Jaguapitã,0,alto desempenho urbano pequeno
4107553,Farol,0,alto desempenho urbano pequeno
4128633,Doutor Ulysses,2,baixo desempenho rural pequeno
4107900,Floresta,0,alto desempenho urbano pequeno
4102307,Balsa Nova,0,alto desempenho urbano pequeno
4111209,Itapejara d'Oeste,0,alto desempenho urbano pequeno
4119905,Ponta Grossa,1,alto desempenho urbano médio
4123857,Santa Maria do Oeste,2,baixo desempenho rural pequeno
4120333,Prado Ferreira,0,alto desempenho urbano pequeno
4107801,Floraí,0,alto desempenho urbano pequeno
4121109,Quinta do Sol,0,alto desempenho urbano pequeno
4127007,Teixeira Soares,0,alto desempenho urbano pequeno
4116000,Miraselva,0,alto desempenho urbano pequeno
4111308,Itaúna do Sul,0,alto desempenho urbano pequeno
4121307,Rancho Alegre,0,alto desempenho urbano pequeno
4128401,Uraí,0,alto desempenho urbano pequeno
4106407,Cornélio Procópio,1,alto desempenho urbano médio
4112108,Jandaia do Sul,1,alto desempenho urbano médio
4102752,Bela Vista da Caroba,0,alto desempenho urbano pequeno
4117107,Nova Londrina,0,alto desempenho urbano pequeno
4124004,Santana do Itararé,0,alto desempenho urbano pequeno
4117057,Nova Laranjeiras,0,alto desempenho urbano pequeno
4118907,Pérola,0,alto desempenho urbano pequeno
4127502,Tibagi,0,alto desempenho urbano pequeno
4115408,Marmeleiro,0,alto desempenho urbano pequeno
4121356,Rancho Alegre D'Oeste,0,alto desempenho urbano pequeno
4118501,Pato Branco,1,alto desempenho urbano médio
4106456,Coronel Domingos Soares,0,alto desempenho urbano pequeno
4124608,São Carlos do Ivaí,0,alto desempenho urbano pequeno
4121752,Reserva do Iguaçu,0,alto desempenho urbano pequeno
4118600,Paula Freitas,0,alto desempenho urbano pequeno
4104303,Campo Mourão,1,alto desempenho urbano médio
4106209,Contenda,0,alto desempenho urbano pequeno
4117222,Nova Santa Rosa,0,alto desempenho urbano pequeno
4117206,Nova Olímpia,0,alto desempenho urbano pequeno
4114302,Mandirituba,1,alto desempenho urbano médio
4127601,Tijucas do Sul,2,baixo desempenho rural pequeno
4127858,Três Barras do Paraná,0,alto desempenho urbano pequeno
4128658,Virmond,0,alto desempenho urbano pequeno
4125100,São João do Triunfo,0,alto desempenho urbano pequeno
4115804,Medianeira,1,alto desempenho urbano médio
4100459,Altamira do Paraná,0,alto desempenho urbano pequeno
4116406,Nossa Senhora das Graças,0,alto desempenho urbano pequeno
4103701,Cambé,1,alto desempenho urbano médio
4123956,Santa Mônica,0,alto desempenho urbano pequeno
4116109,Moreira Sales,0,alto desempenho urbano pequeno
4104501,Capanema,1,alto desempenho urbano médio
4108502,General Carneiro,2,baixo desempenho rural pequeno
4123501,Santa Helena,1,alto desempenho urbano médio
4111605,Ivatuba,0,alto desempenho urbano pequeno
4111001,Itambaracá,0,alto desempenho urbano pequeno
4107306,Doutor Camargo,0,alto desempenho urbano pequeno
4123824,Santa Lúcia,0,alto desempenho urbano pequeno
4120655,Quarto Centenário,0,alto desempenho urbano pequeno
4127700,Toledo,1,alto desempenho urbano médio
4107009,Curiúva,0,alto desempenho urbano pequeno
4110102,Imbituva,1,alto desempenho urbano médio
4102109,Astorga,1,alto desempenho urbano médio
4108957,Guamiranga,0,alto desempenho urbano pequeno
4109302,Guaraniaçu,0,alto desempenho urbano pequeno
4110409,Indianópolis,0,alto desempenho urbano pequeno
4108403,Francisco Beltrão,1,alto desempenho urbano médio
4119707,Planaltina do Paraná,0,alto desempenho urbano pequeno
4116802,Nova Cantu,0,alto desempenho urbano pequeno
4102000,Assis Chateaubriand,1,alto desempenho urbano médio
4105508,Cianorte,1,alto desempenho urbano médio
4103404,Cafeara,0,alto desempenho urbano pequeno
4104808,Cascavel,1,alto desempenho urbano médio
4103909,Campina da Lagoa,0,alto desempenho urbano pequeno
4124400,Santo Antônio do Sudoeste,0,alto desempenho urbano pequeno
4104105,Campo do Tenente,0,alto desempenho urbano pequeno
4124707,São Jerônimo da Serra,0,alto desempenho urbano pequeno
4113205,Lapa,1,alto desempenho urbano médio
4118402,Paranavaí,1,alto desempenho urbano médio
4112009,Jaguariaíva,1,alto desempenho urbano médio
4106803,Cruz Machado,0,alto desempenho urbano pequeno
4128500,Wenceslau Braz,1,alto desempenho urbano médio
4115358,Maripá,0,alto desempenho urbano pequeno
4126306,Sengés,0,alto desempenho urbano pequeno
4102901,Bituruna,0,alto desempenho urbano pequeno
4117255,Nova Prata do Iguaçu,0,alto desempenho urbano pequeno
4125407,São José da Boa Vista,0,alto desempenho urbano pequeno
4107736,Fernandes Pinheiro,0,alto desempenho urbano pequeno
4115200,Maringá,1,alto desempenho urbano médio
4115754,Mauá da Serra,0,alto desempenho urbano pequeno
4128609,Verê,0,alto desempenho urbano pequeno
4106506,Coronel Vivida,1,alto desempenho urbano médio
4105409,Chopinzinho,1,alto desempenho urbano médio
4122156,Rio Bonito do Iguaçu,2,baixo desempenho rural pequeno
4124053,Santa Terezinha de Itaipu,1,alto desempenho urbano médio
4122701,Sabáudia,0,alto desempenho urbano pequeno
4103503,Califórnia,0,alto desempenho urbano pequeno
4123808,Santa Izabel do Oeste,0,alto desempenho urbano pequeno
4117008,Nova Fátima,0,alto desempenho urbano pequeno
4103222,Bom Sucesso do Sul,0,alto desempenho urbano pequeno
4107751,Figueira,0,alto desempenho urbano pequeno
4124301,Santo Antônio do Paraíso,0,alto desempenho urbano pequeno
4105300,Céu Azul,0,alto desempenho urbano pequeno
4101408,Apucarana,1,alto desempenho urbano médio
4106571,Cruzeiro do Iguaçu,0,alto desempenho urbano pequeno
4116703,Nova Aurora,0,alto desempenho urbano pequeno
4125308,São Jorge do Ivaí,0,alto desempenho urbano pequeno
4127965,Turvo,0,alto desempenho urbano pequeno
4110706,Irati,1,alto desempenho urbano médio
4125605,São Mateus do Sul,1,alto desempenho urbano médio
4104402,Cândido de Abreu,2,baixo desempenho rural pequeno
4118105,Paranacity,0,alto desempenho urbano pequeno
4111704,Jaboti,0,alto desempenho urbano pequeno
4108452,Foz do Jordão,0,alto desempenho urbano pequeno
4113106,Kaloré,0,alto desempenho urbano pequeno
4120606,Prudentópolis,1,alto desempenho urbano médio
4113908,Mallet,0,alto desempenho urbano pequeno
4112207,Janiópolis,0,alto desempenho urbano pequeno
4125456,São José das Palmeiras,0,alto desempenho urbano pequeno
4107603,Faxinal,0,alto desempenho urbano pequeno
4124202,Santo Antônio do Caiuá,0,alto desempenho urbano pequeno
4126009,São Sebastião da Amoreira,0,alto desempenho urbano pequeno
4107207,Dois Vizinhos,1,alto desempenho urbano médio
4123709,Santa Isabel do Ivaí,0,alto desempenho urbano pequeno
4107405,Enéas Marques,0,alto desempenho urbano pequeno
4111555,Ivaté,0,alto desempenho urbano pequeno
4109104,Guaporema,0,alto desempenho urbano pequeno
4125803,São Pedro do Ivaí,0,alto desempenho urbano pequeno
4105904,Colorado,1,alto desempenho urbano médio
4120358,Pranchita,0,alto desempenho urbano pequeno
4122503,Roncador,0,alto desempenho urbano pequeno
4122305,Rio Negro,1,alto desempenho urbano médio
4103354,Braganey,0,alto desempenho urbano pequeno
4120309,Porto Vitória,0,alto desempenho urbano pequeno
4111407,Ivaí,0,alto desempenho urbano pequeno
4115002,Marilena,0,alto desempenho urbano pequeno
4113734,Luiziana,0,alto desempenho urbano pequeno
4117214,Nova Santa Bárbara,0,alto desempenho urbano pequeno
4114203,Mandaguari,1,alto desempenho urbano médio
4103800,Cambira,0,alto desempenho urbano pequeno
4123006,Salto do Lontra,0,alto desempenho urbano pequeno
4112751,Jesuítas,0,alto desempenho urbano pequeno
4112801,Joaquim Távora,0,alto desempenho urbano pequeno
4107850,Flor da Serra do Sul,0,alto desempenho urbano pequeno
4128005,Ubiratã,1,alto desempenho urbano médio
4103958,Campina do Simão,0,alto desempenho urbano pequeno
4126603,Siqueira Campos,1,alto desempenho urbano médio
4127205,Terra Boa,0,alto desempenho urbano pequeno
4119103,Piên,0,alto desempenho urbano pequeno
4123303,Santa Cruz de Monte Castelo,0,alto desempenho urbano pequeno
4121505,Rebouças,0,alto desempenho urbano pequeno
4106555,Corumbataí do Sul,0,alto desempenho urbano pequeno
4117297,Novo Itacolomi,0,alto desempenho urbano pequeno
4113452,Lindoeste,0,alto desempenho urbano pequeno
4103453,Cafelândia,1,alto desempenho urbano médio
4103305,Borrazópolis,0,alto desempenho urbano pequeno
4110953,Itaipulândia,0,alto desempenho urbano pequeno
4121901,Ribeirão do Pinhal,0,alto desempenho urbano pequeno
4117453,Ouro Verde do Oeste,0,alto desempenho urbano pequeno
4103156,Bom Jesus do Sul,0,alto desempenho urbano pequeno
4123204,Santa Cecília do Pavão,0,alto desempenho urbano pequeno
4113809,Lupionópolis,0,alto desempenho urbano pequeno
4124806,São João,0,alto desempenho urbano pequeno
4107504,Engenheiro Beltrão,0,alto desempenho urbano pequeno
4108205,Formosa do Oeste,0,alto desempenho urbano pequeno
4121257,Ramilândia,0,alto desempenho urbano pequeno
4110508,Ipiranga,0,alto desempenho urbano pequeno
4119806,Planalto,0,alto desempenho urbano pequeno
4109005,Guapirama,0,alto desempenho urbano pequeno
4110805,Iretama,0,alto desempenho urbano pequeno
4121406,Realeza,1,alto desempenho urbano médio
4125209,São Jorge d'Oeste,0,alto desempenho urbano pequeno
4126108,São Tomé,0,alto desempenho urbano pequeno
4107538,Entre Rios do Oeste,0,alto desempenho urbano pequeno
4119004,Pérola d'Oeste,0,alto desempenho urbano pequeno
4117404,Ourizona,0,alto desempenho urbano pequeno
4122800,Salgado Filho,0,alto desempenho urbano pequeno
4101903,Assaí,0,alto desempenho urbano pequeno
4117271,Nova Tebas,0,alto desempenho urbano pequeno
4116059,Missal,0,alto desempenho urbano pequeno
4122008,Rio Azul,0,alto desempenho urbano pequeno
4101150,Ângulo,0,alto desempenho urbano pequeno
4111100,Itambé,0,alto desempenho urbano pequeno
4124509,Santo Inácio,0,alto desempenho urbano pequeno
4126900,Tapira,0,alto desempenho urbano pequeno
4118451,Pato Bragado,0,alto desempenho urbano pequeno
4114351,Manfrinópolis,0,alto desempenho urbano pequeno
4119251,Pinhal de São Bento,0,alto desempenho urbano pequeno
4101309,Antônio Olinto,0,alto desempenho urbano pequeno
4118709,Paulo Frontin,0,alto desempenho urbano pequeno
4113403,Leópolis,0,alto desempenho urbano pequeno
4115853,Mercedes,0,alto desempenho urbano pequeno
4102505,Barbosa Ferraz,0,alto desempenho urbano pequeno
4120705,Quatiguá,0,alto desempenho urbano pequeno
4120853,Quatro Pontes,0,alto desempenho urbano pequeno
4126405,Sertaneja,0,alto desempenho urbano pequeno
4102208,Atalaia,0,alto desempenho urbano pequeno
4127809,Tomazina,0,alto desempenho urbano pequeno
4108650,Goioxim,0,alto desempenho urbano pequeno
4110656,Iracema do Oeste,0,alto desempenho urbano pequeno
4113429,Lidianópolis,0,alto desempenho urbano pequeno
4124905,São João do Caiuá,0,alto desempenho urbano pequeno
4126272,Saudade do Iguaçu,0,alto desempenho urbano pequeno
4114005,Mamborê,0,alto desempenho urbano pequeno
4119657,Pitangueiras,0,alto desempenho urbano pequeno
4103008,Boa Esperança,0,alto desempenho urbano pequeno
4125555,São Manoel do Paraná,0,alto desempenho urbano pequeno
4122107,Rio Bom,0,alto desempenho urbano pequeno
4108551,Godoy Moreira,0,alto desempenho urbano pequeno
4106852,Cruzmaltina,0,alto desempenho urbano pequeno
4116950,Nova Esperança do Sudoeste,0,alto desempenho urbano pequeno
4123600,Santa Inês,0,alto desempenho urbano pequeno
4126355,Serranópolis do Iguaçu,0,alto desempenho urbano pequeno
4120150,Porto Barreiro,0,alto desempenho urbano pequeno
4123105,Santa Amélia,0,alto desempenho urbano pequeno
4205191,Ermo,0,alto desempenho urbano pequeno
4216008,São Carlos,0,alto desempenho urbano pequeno
4217808,Taió,0,alto desempenho urbano pequeno
4201406,Araranguá,1,alto desempenho urbano médio
4211900,Palhoça,1,alto desempenho urbano médio
4212254,Passo de Torres,0,alto desempenho urbano pequeno
4200903,Angelina,0,alto desempenho urbano pequeno
4205407,Florianópolis,1,alto desempenho urbano médio
4206009,Governador Celso Ramos,0,alto desempenho urbano pequeno
4207304,Imbituba,1,alto desempenho urbano médio
4210704,Matos Costa,0,alto desempenho urbano pequeno
4203204,Camboriú,1,alto desempenho urbano médio
4204756,Cunhataí,0,alto desempenho urbano pequeno
4205159,Doutor Pedrinho,0,alto desempenho urbano pequeno
4201109,Anitápolis,0,alto desempenho urbano pequeno
4212700,Petrolândia,0,alto desempenho urbano pequeno
4207205,Imaruí,0,alto desempenho urbano pequeno
4211108,Monte Castelo,0,alto desempenho urbano pequeno
4203956,Capivari de Baixo,1,alto desempenho urbano médio
4216404,São João do Sul,0,alto desempenho urbano pequeno
4204350,Cordilheira Alta,0,alto desempenho urbano pequeno
4214409,Rio das Antas,0,alto desempenho urbano pequeno
4218756,Tunápolis,0,alto desempenho urbano pequeno
4202073,Balneário Gaivota,0,alto desempenho urbano pequeno
4210555,Marema,0,alto desempenho urbano pequeno
4208450,Itapoá,1,alto desempenho urbano médio
4204178,Cerro Negro,0,alto desempenho urbano pequeno
4202602,Bom Retiro,0,alto desempenho urbano pequeno
4209409,Laguna,1,alto desempenho urbano médio
4216503,São Joaquim,1,alto desempenho urbano médio
4209151,José Boiteux,0,alto desempenho urbano pequeno
4210852,Mirim Doce,0,alto desempenho urbano pequeno
4202305,Biguaçu,1,alto desempenho urbano médio
4202438,Bocaina do Sul,0,alto desempenho urbano pequeno
4212650,Pescaria Brava,2,baixo desempenho rural pequeno
4209706,Lebon Régis,0,alto desempenho urbano pequeno
4202503,Bom Jardim da Serra,0,alto desempenho urbano pequeno
4213302,Ponte Alta,0,alto desempenho urbano pequeno
4203402,Campo Belo do Sul,0,alto desempenho urbano pequeno
4208807,Jaguaruna,1,alto desempenho urbano médio
4200705,Alfredo Wagner,0,alto desempenho urbano pequeno
4200556,Águas Frias,0,alto desempenho urbano pequeno
4206652,Guatambú,0,alto desempenho urbano pequeno
4201950,Balneário Arroio do Silva,0,alto desempenho urbano pequeno
4218004,Tijucas,1,alto desempenho urbano médio
4219358,Vitor Meireles,0,alto desempenho urbano pequeno
4216206,São Francisco do Sul,1,alto desempenho urbano médio
4211850,Ouro Verde,0,alto desempenho urbano pequeno
4213906,Presidente Castello Branco,0,alto desempenho urbano pequeno
4202107,Barra Velha,1,alto desempenho urbano médio
4209300,Lages,1,alto desempenho urbano médio
4204806,Curitibanos,1,alto desempenho urbano médio
4212270,Passos Maia,0,alto desempenho urbano pequeno
4220000,Balneário Rincão,0,alto desempenho urbano pequeno
4218301,Três Barras,1,alto desempenho urbano médio
4202099,Barra Bonita,0,alto desempenho urbano pequeno
4210209,Major Gercino,0,alto desempenho urbano pequeno
4215208,Romelândia,0,alto desempenho urbano pequeno
4201307,Araquari,1,alto desempenho urbano médio
4204194,Chapadão do Lageado,0,alto desempenho urbano pequeno
4214102,Presidente Nereu,0,alto desempenho urbano pequeno
4213401,Ponte Serrada,0,alto desempenho urbano pequeno
4206207,Gravatal,0,alto desempenho urbano pequeno
4208708,Jacinto Machado,0,alto desempenho urbano pequeno
4206702,Herval d'Oeste,1,alto desempenho urbano médio
4205308,Faxinal dos Guedes,0,alto desempenho urbano pequeno
4207700,Ipumirim,0,alto desempenho urbano pequeno
4207106,Ilhota,1,alto desempenho urbano médio
4215687,Santa Terezinha do Progresso,0,alto desempenho urbano pequeno
4216354,São João do Itaperiú,0,alto desempenho urbano pequeno
4211751,Otacílio Costa,1,alto desempenho urbano médio
4207502,Indaial,1,alto desempenho urbano médio
4210803,Meleiro,0,alto desempenho urbano pequeno
4205803,Garuva,1,alto desempenho urbano médio
4211306,Navegantes,1,alto desempenho urbano médio
4215653,Santa Rosa do Sul,0,alto desempenho urbano pequeno
4204202,Chapecó,1,alto desempenho urbano médio
4213500,Porto Belo,1,alto desempenho urbano médio
4205209,Erval Velho,0,alto desempenho urbano pequeno
4219309,Videira,1,alto desempenho urbano médio
4216057,São Cristóvão do Sul,0,alto desempenho urbano pequeno
4215109,Rodeio,0,alto desempenho urbano pequeno
4208203,Itajaí,1,alto desempenho urbano médio
4212106,Palmitos,0,alto desempenho urbano pequeno
4218251,Timbó Grande,0,alto desempenho urbano pequeno
4214805,Rio do Sul,1,alto desempenho urbano médio
4215703,Santo Amaro da Imperatriz,1,alto desempenho urbano médio
4204608,Criciúma,1,alto desempenho urbano médio
4209003,Joaçaba,1,alto desempenho urbano médio
4205456,Forquilhinha,1,alto desempenho urbano médio
4210407,Maracajá,0,alto desempenho urbano pequeno
4218806,Turvo,0,alto desempenho urbano pequeno
4203709,Canelinha,0,alto desempenho urbano pequeno
4213005,Pinheiro Preto,0,alto desempenho urbano pequeno
4207684,Ipuaçu,0,alto desempenho urbano pequeno
4215000,Rio Negrinho,1,alto desempenho urbano médio
4204558,Correia Pinto,0,alto desempenho urbano pequeno
4202057,Balneário Barra do Sul,0,alto desempenho urbano pequeno
4205001,Dionísio Cerqueira,0,alto desempenho urbano pequeno
4218905,Urubici,0,alto desempenho urbano pequeno
4209904,Lontras,0,alto desempenho urbano pequeno
4202453,Bombinhas,1,alto desempenho urbano médio
4203501,Campo Erê,0,alto desempenho urbano pequeno
4207759,Iraceminha,0,alto desempenho urbano pequeno
4202800,Braço do Norte,1,alto desempenho urbano médio
4214706,Rio dos Cedros,0,alto desempenho urbano pequeno
4202008,Balneário Camboriú,1,alto desempenho urbano médio
4202206,Benedito Novo,0,alto desempenho urbano pequeno
4204509,Corupá,0,alto desempenho urbano pequeno
4212809,Balneário Piçarras,1,alto desempenho urbano médio
4214003,Presidente Getúlio,1,alto desempenho urbano médio
4211504,Nova Trento,0,alto desempenho urbano pequeno
4202859,Braço do Trombudo,0,alto desempenho urbano pequeno
4217600,Siderópolis,0,alto desempenho urbano pequeno
4205902,Gaspar,1,alto desempenho urbano médio
4213203,Pomerode,1,alto desempenho urbano médio
4217402,Schroeder,1,alto desempenho urbano médio
4212304,Paulo Lopes,0,alto desempenho urbano pequeno
4209607,Lauro Müller,0,alto desempenho urbano pequeno
4203154,Calmon,0,alto desempenho urbano pequeno
4201901,Aurora,0,alto desempenho urbano pequeno
4219176,Vargem Bonita,0,alto desempenho urbano pequeno
4203600,Campos Novos,1,alto desempenho urbano médio
4213351,Ponte Alta do Norte,0,alto desempenho urbano pequeno
4211058,Monte Carlo,0,alto desempenho urbano pequeno
4209508,Laurentino,0,alto desempenho urbano pequeno
4202404,Blumenau,1,alto desempenho urbano médio
4201257,Apiúna,0,alto desempenho urbano pequeno
4208500,Ituporanga,1,alto desempenho urbano médio
4205431,Formosa do Sul,0,alto desempenho urbano pequeno
4216602,São José,1,alto desempenho urbano médio
4206108,Grão-Pará,0,alto desempenho urbano pequeno
4219853,Zortéa,0,alto desempenho urbano pequeno
4217709,Sombrio,1,alto desempenho urbano médio
4200101,Abelardo Luz,1,alto desempenho urbano médio
4200408,Água Doce,0,alto desempenho urbano pequeno
4202537,Bom Jesus,0,alto desempenho urbano pequeno
4207403,Imbuia,0,alto desempenho urbano pequeno
4215059,Rio Rufino,0,alto desempenho urbano pequeno
4201000,Anita Garibaldi,0,alto desempenho urbano pequeno
4215505,Santa Cecília,0,alto desempenho urbano pequeno
4213807,Praia Grande,0,alto desempenho urbano pequeno
4211702,Orleans,1,alto desempenho urbano médio
4217006,São Ludgero,0,alto desempenho urbano pequeno
4209102,Joinville,1,alto desempenho urbano médio
4208104,Itaiópolis,1,alto desempenho urbano médio
4206751,Ibiam,0,alto desempenho urbano pequeno
4205555,Frei Rogério,0,alto desempenho urbano pequeno
4205506,Fraiburgo,1,alto desempenho urbano médio
4219705,Xaxim,1,alto desempenho urbano médio
4214201,Quilombo,0,alto desempenho urbano pequeno
4204251,Cocal do Sul,0,alto desempenho urbano pequeno
4208302,Itapema,1,alto desempenho urbano médio
4218855,União do Oeste,0,alto desempenho urbano pequeno
4203303,Campo Alegre,0,alto desempenho urbano pequeno
4213708,Pouso Redondo,0,alto desempenho urbano pequeno
4212502,Penha,1,alto desempenho urbano médio
4219507,Xanxerê,1,alto desempenho urbano médio
4211454,Nova Itaberaba,0,alto desempenho urbano pequeno
4212056,Palmeira,0,alto desempenho urbano pequeno
4202875,Brunópolis,0,alto desempenho urbano pequeno
4206900,Ibirama,1,alto desempenho urbano médio
4204004,Catanduvas,0,alto desempenho urbano pequeno
4214508,Rio do Campo,0,alto desempenho urbano pequeno
4218608,Trombudo Central,0,alto desempenho urbano pequeno
4211207,Morro da Fumaça,1,alto desempenho urbano médio
4217105,São Martinho,0,alto desempenho urbano pequeno
4208005,Itá,0,alto desempenho urbano pequeno
4219002,Urussanga,1,alto desempenho urbano médio
4202701,Botuverá,0,alto desempenho urbano pequeno
4215455,Sangão,0,alto desempenho urbano pequeno
4202909,Brusque,1,alto desempenho urbano médio
4211009,Mondaí,0,alto desempenho urbano pequeno
4217204,São Miguel do Oeste,1,alto desempenho urbano médio
4218350,Treviso,0,alto desempenho urbano pequeno
4211405,Nova Erechim,0,alto desempenho urbano pequeno
4210308,Major Vieira,0,alto desempenho urbano pequeno
4218202,Timbó,1,alto desempenho urbano médio
4218707,Tubarão,1,alto desempenho urbano médio
4205175,Entre Rios,0,alto desempenho urbano pequeno
4211603,Nova Veneza,0,alto desempenho urbano pequeno
4206306,Guabiruba,1,alto desempenho urbano médio
4207007,Içara,1,alto desempenho urbano médio
4202081,Bandeirante,0,alto desempenho urbano pequeno
4203006,Caçador,1,alto desempenho urbano médio
4206504,Guaramirim,1,alto desempenho urbano médio
4209201,Lacerdópolis,0,alto desempenho urbano pequeno
4204103,Caxambu do Sul,0,alto desempenho urbano pequeno
4216909,São Lourenço do Oeste,1,alto desempenho urbano médio
4211256,Morro Grande,0,alto desempenho urbano pequeno
4201505,Armazém,0,alto desempenho urbano pequeno
4218103,Timbé do Sul,0,alto desempenho urbano pequeno
4212205,Papanduva,0,alto desempenho urbano pequeno
4210605,Massaranduba,0,alto desempenho urbano pequeno
4213609,Porto União,1,alto desempenho urbano médio
4205704,Garopaba,1,alto desempenho urbano médio
4201802,Atalanta,0,alto desempenho urbano pequeno
4200051,Abdon Batista,0,alto desempenho urbano pequeno
4200507,Águas de Chapecó,0,alto desempenho urbano pequeno
4207908,Irineópolis,0,alto desempenho urbano pequeno
4203907,Capinzal,1,alto desempenho urbano médio
4208401,Itapiranga,1,alto desempenho urbano médio
4219606,Xavantina,0,alto desempenho urbano pequeno
4218400,Treze de Maio,0,alto desempenho urbano pequeno
4210035,Luzerna,0,alto desempenho urbano pequeno
4210100,Mafra,1,alto desempenho urbano médio
4215802,São Bento do Sul,1,alto desempenho urbano médio
4208906,Jaraguá do Sul,1,alto desempenho urbano médio
4214300,Rancho Queimado,0,alto desempenho urbano pequeno
4219200,Vidal Ramos,0,alto desempenho urbano pequeno
4202578,Bom Jesus do Oeste,0,alto desempenho urbano pequeno
4211801,Ouro,0,alto desempenho urbano pequeno
4202156,Belmonte,0,alto desempenho urbano pequeno
4203808,Canoinhas,1,alto desempenho urbano médio
4207809,Irani,0,alto desempenho urbano pequeno
4204400,Coronel Freitas,0,alto desempenho urbano pequeno
4217253,São Pedro de Alcântara,0,alto desempenho urbano pequeno
4215695,Santiago do Sul,0,alto desempenho urbano pequeno
4204459,Coronel Martins,0,alto desempenho urbano pequeno
4218509,Treze Tílias,0,alto desempenho urbano pequeno
4208609,Jaborá,0,alto desempenho urbano pequeno
4207577,Iomerê,0,alto desempenho urbano pequeno
4201208,Antônio Carlos,0,alto desempenho urbano pequeno
4216305,São João Batista,1,alto desempenho urbano médio
4209805,Leoberto Leal,0,alto desempenho urbano pequeno
4203105,Caibi,0,alto desempenho urbano pequeno
4206801,Ibicaré,0,alto desempenho urbano pequeno
4204301,Concórdia,1,alto desempenho urbano médio
4217758,Sul Brasil,0,alto desempenho urbano pequeno
4200309,Agronômica,0,alto desempenho urbano pequeno
4216701,São José do Cedro,0,alto desempenho urbano pequeno
4201653,Arvoredo,0,alto desempenho urbano pequeno
4204152,Celso Ramos,0,alto desempenho urbano pequeno
4216800,São José do Cerrito,2,baixo desempenho rural pequeno
4214904,Rio Fortuna,0,alto desempenho urbano pequeno
4200804,Anchieta,0,alto desempenho urbano pequeno
4212908,Pinhalzinho,1,alto desempenho urbano médio
4215307,Salete,0,alto desempenho urbano pequeno
4215554,Santa Helena,0,alto desempenho urbano pequeno
4217956,Tigrinhos,0,alto desempenho urbano pequeno
4216107,São Domingos,0,alto desempenho urbano pequeno
4209458,Lajeado Grande,0,alto desempenho urbano pequeno
4201273,Arabutã,0,alto desempenho urbano pequeno
4218954,Urupema,0,alto desempenho urbano pequeno
4210001,Luiz Alves,0,alto desempenho urbano pequeno
4213153,Planalto Alegre,0,alto desempenho urbano pequeno
4217907,Tangará,0,alto desempenho urbano pequeno
4204905,Descanso,0,alto desempenho urbano pequeno
4212007,Palma Sola,0,alto desempenho urbano pequeno
4219408,Witmarsum,0,alto desempenho urbano pequeno
4210050,Macieira,0,alto desempenho urbano pequeno
4214607,Rio do Oeste,0,alto desempenho urbano pequeno
4200200,Agrolândia,0,alto desempenho urbano pequeno
4213104,Piratuba,0,alto desempenho urbano pequeno
4200606,Águas Mornas,0,alto desempenho urbano pequeno
4219101,Vargeão,0,alto desempenho urbano pequeno
4205605,Galvão,0,alto desempenho urbano pequeno
4205357,Flor do Sertão,0,alto desempenho urbano pequeno
4210902,Modelo,0,alto desempenho urbano pequeno
4212403,Pedras Grandes,0,alto desempenho urbano pequeno
4217303,Saudades,0,alto desempenho urbano pequeno
4208955,Jardinópolis,0,alto desempenho urbano pequeno
4201703,Ascurra,0,alto desempenho urbano pequeno
4206405,Guaraciaba,0,alto desempenho urbano pequeno
4215752,São Bernardino,0,alto desempenho urbano pequeno
4207601,Ipira,0,alto desempenho urbano pequeno
4215075,Riqueza,0,alto desempenho urbano pequeno
4211892,Painel,0,alto desempenho urbano pequeno
4217501,Seara,1,alto desempenho urbano médio
4210506,Maravilha,1,alto desempenho urbano médio
4215679,Santa Terezinha,0,alto desempenho urbano pequeno
4203253,Capão Alto,0,alto desempenho urbano pequeno
4215406,Salto Veloso,0,alto desempenho urbano pequeno
4212601,Peritiba,0,alto desempenho urbano pequeno
4202131,Bela Vista do Toldo,0,alto desempenho urbano pequeno
4212239,Paraíso,0,alto desempenho urbano pequeno
4205100,Dona Emma,0,alto desempenho urbano pequeno
4209854,Lindóia do Sul,0,alto desempenho urbano pequeno
4200754,Alto Bela Vista,0,alto desempenho urbano pequeno
4207650,Iporã do Oeste,0,alto desempenho urbano pequeno
4217154,São Miguel da Boa Vista,0,alto desempenho urbano pequeno
4214151,Princesa,0,alto desempenho urbano pequeno
4206603,Guarujá do Sul,0,alto desempenho urbano pequeno
4219150,Vargem,0,alto desempenho urbano pequeno
4211652,Novo Horizonte,0,alto desempenho urbano pequeno
4217550,Serra Alta,0,alto desempenho urbano pequeno
4201604,Arroio Trinta,0,alto desempenho urbano pequeno
4215604,Santa Rosa de Lima,0,alto desempenho urbano pequeno
4207858,Irati,0,alto desempenho urbano pequeno
4204707,Cunha Porã,0,alto desempenho urbano pequeno
4215356,Saltinho,0,alto desempenho urbano pequeno
4216255,São João do Oeste,0,alto desempenho urbano pequeno
4209177,Jupiá,0,alto desempenho urbano pequeno
4309126,Gramado dos Loureiros,0,alto desempenho urbano pequeno
4301636,Balneário Pinhal,0,alto desempenho urbano pequeno
4307104,Herval,0,alto desempenho urbano pequeno
4300471,Almirante Tamandaré do Sul,0,alto desempenho urbano pequeno
4305871,Coronel Barros,0,alto desempenho urbano pequeno
4308656,Garruchos,0,alto desempenho urbano pequeno
4306932,Entre-Ijuís,0,alto desempenho urbano pequeno
4314175,Pedras Altas,0,alto desempenho urbano pequeno
4300307,Alecrim,0,alto desempenho urbano pequeno
4300455,Alegria,0,alto desempenho urbano pequeno
4310751,Ivorá,0,alto desempenho urbano pequeno
4306072,Cristal do Sul,0,alto desempenho urbano pequeno
4306767,Eldorado do Sul,1,alto desempenho urbano médio
4311205,Júlio de Castilhos,1,alto desempenho urbano médio
4323804,Xangri-lá,0,alto desempenho urbano pequeno
4309258,Guabiju,0,alto desempenho urbano pequeno
4300406,Alegrete,1,alto desempenho urbano médio
4306759,Doutor Ricardo,0,alto desempenho urbano pequeno
4308805,General Câmara,0,alto desempenho urbano pequeno
4314407,Pelotas,1,alto desempenho urbano médio
4301404,Arvorezinha,0,alto desempenho urbano pequeno
4309407,Guaporé,1,alto desempenho urbano médio
4305116,Centenário,0,alto desempenho urbano pequeno
4320305,Selbach,0,alto desempenho urbano pequeno
4318051,São Domingos do Sul,0,alto desempenho urbano pequeno
4307831,Eugênio de Castro,0,alto desempenho urbano pequeno
4305439,Chuí,0,alto desempenho urbano pequeno
4311155,Jóia,0,alto desempenho urbano pequeno
4323754,Vitória das Missões,0,alto desempenho urbano pequeno
4304630,Capão da Canoa,1,alto desempenho urbano médio
4311130,Jari,0,alto desempenho urbano pequeno
4301750,Barão do Triunfo,2,baixo desempenho rural pequeno
4313425,Novo Machado,0,alto desempenho urbano pequeno
4309951,Ibirapuitã,0,alto desempenho urbano pequeno
4304101,Campos Borges,0,alto desempenho urbano pequeno
4311759,Manoel Viana,0,alto desempenho urbano pequeno
4316402,Rosário do Sul,1,alto desempenho urbano médio
4314902,Porto Alegre,1,alto desempenho urbano médio
4315057,Porto Mauá,0,alto desempenho urbano pequeno
4304671,Capivari do Sul,0,alto desempenho urbano pequeno
4301107,Arroio dos Ratos,0,alto desempenho urbano pequeno
4312708,Nonoai,0,alto desempenho urbano pequeno
4316972,Santa Margarida do Sul,0,alto desempenho urbano pequeno
4305454,Cidreira,0,alto desempenho urbano pequeno
4316436,Saldanha Marinho,0,alto desempenho urbano pequeno
4315503,Restinga Sêca,0,alto desempenho urbano pequeno
4300604,Alvorada,1,alto desempenho urbano médio
4310652,Itati,0,alto desempenho urbano pequeno
4311007,Jaguarão,1,alto desempenho urbano médio
4317004,Santana da Boa Vista,0,alto desempenho urbano pequeno
4300646,Ametista do Sul,0,alto desempenho urbano pequeno
4313706,Palmeira das Missões,1,alto desempenho urbano médio
4304663,Capão do Leão,1,alto desempenho urbano médio
4304358,Candiota,0,alto desempenho urbano pequeno
4323457,Vila Nova do Sul,0,alto desempenho urbano pequeno
4305157,Cerro Grande,0,alto desempenho urbano pequeno
4302501,Bossoroca,0,alto desempenho urbano pequeno
4321303,Taquari,1,alto desempenho urbano médio
4317103,Sant'Ana do Livramento,1,alto desempenho urbano médio
4306320,Derrubadas,0,alto desempenho urbano pequeno
4309308,Guaíba,1,alto desempenho urbano médio
4312609,Muçum,0,alto desempenho urbano pequeno
4302006,Barros Cassal,0,alto desempenho urbano pequeno
4302907,Cacequi,0,alto desempenho urbano pequeno
4302709,Butiá,1,alto desempenho urbano médio
4312500,Mostardas,0,alto desempenho urbano pequeno
4310876,Jacuizinho,0,alto desempenho urbano pequeno
4312476,Morro Reuter,0,alto desempenho urbano pequeno
4315313,Quatro Irmãos,0,alto desempenho urbano pequeno
4304606,Canoas,1,alto desempenho urbano médio
4304622,Capão Bonito do Sul,0,alto desempenho urbano pequeno
4318507,São José do Norte,1,alto desempenho urbano médio
4313656,Palmares do Sul,0,alto desempenho urbano pequeno
4315602,Rio Grande,1,alto desempenho urbano médio
4321600,Tramandaí,1,alto desempenho urbano médio
4304853,Carlos Gomes,0,alto desempenho urbano pequeno
4302808,Caçapava do Sul,1,alto desempenho urbano médio
4315305,Quaraí,1,alto desempenho urbano médio
4302378,Bom Progresso,0,alto desempenho urbano pequeno
4300109,Agudo,0,alto desempenho urbano pequeno
4314803,Portão,1,alto desempenho urbano médio
4317301,Santa Vitória do Palmar,1,alto desempenho urbano médio
4321709,Três Coroas,1,alto desempenho urbano médio
4318200,São Francisco de Paula,1,alto desempenho urbano médio
4318705,São Leopoldo,1,alto desempenho urbano médio
4313375,Nova Santa Rita,1,alto desempenho urbano médio
4305371,Charrua,0,alto desempenho urbano pequeno
4314456,Pinhal,0,alto desempenho urbano pequeno
4306106,Cruz Alta,1,alto desempenho urbano médio
4306601,Dom Pedrito,1,alto desempenho urbano médio
4305173,Cerro Grande do Sul,0,alto desempenho urbano pequeno
4319505,São Sebastião do Caí,1,alto desempenho urbano médio
4318101,São Francisco de Assis,0,alto desempenho urbano pequeno
4319208,São Nicolau,0,alto desempenho urbano pequeno
4303004,Cachoeira do Sul,1,alto desempenho urbano médio
4300851,Arambaré,0,alto desempenho urbano pequeno
4311502,Lavras do Sul,0,alto desempenho urbano pequeno
4314050,Parobé,1,alto desempenho urbano médio
4303103,Cachoeirinha,1,alto desempenho urbano médio
4314100,Passo Fundo,1,alto desempenho urbano médio
4310538,Itaara,0,alto desempenho urbano pequeno
4321105,Tapes,0,alto desempenho urbano pequeno
4322376,Unistalda,0,alto desempenho urbano pequeno
4303509,Camaquã,1,alto desempenho urbano médio
4323002,Viamão,1,alto desempenho urbano médio
4320008,Sapucaia do Sul,1,alto desempenho urbano médio
4309571,Herveiras,0,alto desempenho urbano pequeno
4320503,Sertão,0,alto desempenho urbano pequeno
4310009,Ibirubá,1,alto desempenho urbano médio
4314787,Ponte Preta,0,alto desempenho urbano pequeno
4306502,Dom Feliciano,0,alto desempenho urbano pequeno
4303608,Cambará do Sul,0,alto desempenho urbano pequeno
4301305,Arroio Grande,0,alto desempenho urbano pequeno
4314605,Piratini,0,alto desempenho urbano pequeno
4320859,Tabaí,0,alto desempenho urbano pequeno
4307005,Erechim,1,alto desempenho urbano médio
4318309,São Gabriel,1,alto desempenho urbano médio
4311304,Lagoa Vermelha,1,alto desempenho urbano médio
4321006,Tapera,0,alto desempenho urbano pequeno
4322400,Uruguaiana,1,alto desempenho urbano médio
4310603,Itaqui,1,alto desempenho urbano médio
4308433,Forquetinha,0,alto desempenho urbano pequeno
4301875,Barra do Quaraí,0,alto desempenho urbano pequeno
4318622,São José dos Ausentes,0,alto desempenho urbano pequeno
4301602,Bagé,1,alto desempenho urbano médio
4311270,Lagoa dos Três Cantos,0,alto desempenho urbano pequeno
4313490,Novo Barreiro,0,alto desempenho urbano pequeno
4311981,Mariana Pimentel,0,alto desempenho urbano pequeno
4313409,Novo Hamburgo,1,alto desempenho urbano médio
4314308,Pejuçara,0,alto desempenho urbano pequeno
4307054,Ernestina,0,alto desempenho urbano pequeno
4308300,Fontoura Xavier,2,baixo desempenho rural pequeno
4314134,Paulo Bento,0,alto desempenho urbano pequeno
4304002,Campo Novo,0,alto desempenho urbano pequeno
4311775,Maquiné,0,alto desempenho urbano pequeno
4308508,Frederico Westphalen,1,alto desempenho urbano médio
4312377,Monte Alegre dos Campos,0,alto desempenho urbano pequeno
4305975,Coxilha,0,alto desempenho urbano pequeno
4318606,São José do Ouro,0,alto desempenho urbano pequeno
4315073,Porto Vera Cruz,0,alto desempenho urbano pequeno
4307708,Esteio,1,alto desempenho urbano médio
4321501,Torres,1,alto desempenho urbano médio
4310413,Inhacorá,0,alto desempenho urbano pequeno
4317509,Santo Ângelo,1,alto desempenho urbano médio
4306908,Encruzilhada do Sul,1,alto desempenho urbano médio
4322103,Tucunduva,0,alto desempenho urbano pequeno
4321204,Taquara,1,alto desempenho urbano médio
4309209,Gravataí,1,alto desempenho urbano médio
4305355,Charqueadas,1,alto desempenho urbano médio
4305603,Colorado,0,alto desempenho urbano pequeno
4314159,Paverama,0,alto desempenho urbano pequeno
4304705,Carazinho,1,alto desempenho urbano médio
4302659,Brochier,0,alto desempenho urbano pequeno
4311106,Jaguari,0,alto desempenho urbano pequeno
4309050,Glorinha,0,alto desempenho urbano pequeno
4316907,Santa Maria,1,alto desempenho urbano médio
4300059,Água Santa,0,alto desempenho urbano pequeno
4316808,Santa Cruz do Sul,1,alto desempenho urbano médio
4318002,São Borja,1,alto desempenho urbano médio
4300802,Antônio Prado,0,alto desempenho urbano pequeno
4321352,Tavares,0,alto desempenho urbano pequeno
4322509,Vacaria,1,alto desempenho urbano médio
4320800,Soledade,1,alto desempenho urbano médio
4311734,Mampituba,0,alto desempenho urbano pequeno
4306056,Cristal,0,alto desempenho urbano pequeno
4316709,Santa Bárbara do Sul,0,alto desempenho urbano pequeno
4301859,Barra do Guarita,0,alto desempenho urbano pequeno
4312401,Montenegro,1,alto desempenho urbano médio
4310330,Imbé,1,alto desempenho urbano médio
4312658,Não-Me-Toque,1,alto desempenho urbano médio
4312104,Mata,0,alto desempenho urbano pequeno
4304804,Carlos Barbosa,1,alto desempenho urbano médio
4320651,Silveira Martins,0,alto desempenho urbano pequeno
4307609,Estância Velha,1,alto desempenho urbano médio
4321436,Terra de Areia,0,alto desempenho urbano pequeno
4322707,Vera Cruz,1,alto desempenho urbano médio
4314506,Pinheiro Machado,0,alto desempenho urbano pequeno
4310504,Iraí,0,alto desempenho urbano pequeno
4307302,Erval Seco,0,alto desempenho urbano pequeno
4311718,Maçambará,0,alto desempenho urbano pequeno
4311809,Marau,1,alto desempenho urbano médio
4306379,Dilermando de Aguiar,0,alto desempenho urbano pequeno
4322004,Triunfo,1,alto desempenho urbano médio
4310405,Independência,0,alto desempenho urbano pequeno
4322152,Tunas,0,alto desempenho urbano pequeno
4314209,Pedro Osório,0,alto desempenho urbano pequeno
4313508,Osório,1,alto desempenho urbano médio
4301057,Arroio do Sal,0,alto desempenho urbano pequeno
4307807,Estrela,1,alto desempenho urbano médio
4311791,Maratá,0,alto desempenho urbano pequeno
4311700,Machadinho,0,alto desempenho urbano pequeno
4304689,Capela de Santana,0,alto desempenho urbano pequeno
4311627,Lindolfo Collor,0,alto desempenho urbano pequeno
4306205,Cruzeiro do Sul,0,alto desempenho urbano pequeno
4321402,Tenente Portela,0,alto desempenho urbano pequeno
4305108,Caxias do Sul,1,alto desempenho urbano médio
4311122,Jaquirana,0,alto desempenho urbano pequeno
4301958,Barra Funda,0,alto desempenho urbano pequeno
4301909,Barra do Ribeiro,0,alto desempenho urbano pequeno
4312617,Muitos Capões,0,alto desempenho urbano pequeno
4315354,Quinze de Novembro,0,alto desempenho urbano pequeno
4309654,Hulha Negra,0,alto desempenho urbano pequeno
4300034,Aceguá,0,alto desempenho urbano pequeno
4309803,Ibiaçá,0,alto desempenho urbano pequeno
4309506,Guarani das Missões,0,alto desempenho urbano pequeno
4320677,Sinimbu,0,alto desempenho urbano pequeno
4320909,Tapejara,1,alto desempenho urbano médio
4319737,São Valério do Sul,0,alto desempenho urbano pequeno
4305447,Chuvisca,0,alto desempenho urbano pequeno
4309753,Ibarama,0,alto desempenho urbano pequeno
4300638,Amaral Ferrador,0,alto desempenho urbano pequeno
4311239,Lagoa Bonita do Sul,0,alto desempenho urbano pequeno
4302220,Boa Vista do Cadeado,0,alto desempenho urbano pequeno
4302238,Boa Vista do Incra,0,alto desempenho urbano pequeno
4309605,Horizontina,1,alto desempenho urbano médio
4313441,Novo Tiradentes,0,alto desempenho urbano pequeno
4323358,Vila Lângaro,0,alto desempenho urbano pequeno
4317202,Santa Rosa,1,alto desempenho urbano médio
4322202,Tupanciretã,1,alto desempenho urbano médio
4320107,Sarandi,1,alto desempenho urbano médio
4313060,Nova Hartz,1,alto desempenho urbano médio
4315107,Porto Xavier,0,alto desempenho urbano pequeno
4323101,Vicente Dutra,0,alto desempenho urbano pequeno
4305132,Cerro Branco,0,alto desempenho urbano pequeno
4317558,Santo Antônio do Palma,0,alto desempenho urbano pequeno
4306007,Crissiumal,0,alto desempenho urbano pequeno
4311601,Liberato Salzano,0,alto desempenho urbano pequeno
4307559,Estação,0,alto desempenho urbano pequeno
4301800,Barracão,0,alto desempenho urbano pequeno
4302253,Boa Vista do Sul,0,alto desempenho urbano pequeno
4311908,Marcelino Ramos,0,alto desempenho urbano pequeno
4302303,Bom Jesus,0,alto desempenho urbano pequeno
4314035,Pareci Novo,0,alto desempenho urbano pequeno
4314704,Planalto,0,alto desempenho urbano pequeno
4300570,Alto Feliz,0,alto desempenho urbano pequeno
4312450,Morro Redondo,0,alto desempenho urbano pequeno
4306973,Erebango,0,alto desempenho urbano pequeno
4308102,Feliz,0,alto desempenho urbano pequeno
4317400,Santiago,1,alto desempenho urbano médio
4313953,Pantano Grande,0,alto desempenho urbano pequeno
4312674,Nicolau Vergueiro,0,alto desempenho urbano pequeno
4312252,Minas do Leão,0,alto desempenho urbano pequeno
4319901,Sapiranga,1,alto desempenho urbano médio
4315701,Rio Pardo,1,alto desempenho urbano médio
4314464,Pinhal da Serra,0,alto desempenho urbano pequeno
4320354,Sentinela do Sul,0,alto desempenho urbano pequeno
4317707,Santo Antônio das Missões,0,alto desempenho urbano pequeno
4308607,Garibaldi,1,alto desempenho urbano médio
4308904,Getúlio Vargas,1,alto desempenho urbano médio
4316600,Sananduva,0,alto desempenho urbano pequeno
4305959,Cotiporã,0,alto desempenho urbano pequeno
4323705,Vista Gaúcha,0,alto desempenho urbano pequeno
4302352,Bom Princípio,0,alto desempenho urbano pequeno
4316105,Ronda Alta,0,alto desempenho urbano pequeno
4305207,Cerro Largo,0,alto desempenho urbano pequeno
4320263,Segredo,0,alto desempenho urbano pequeno
4320552,Sertão Santana,0,alto desempenho urbano pequeno
4316733,Santa Cecília do Sul,0,alto desempenho urbano pequeno
4304200,Candelária,1,alto desempenho urbano médio
4313904,Panambi,1,alto desempenho urbano médio
4311403,Lajeado,1,alto desempenho urbano médio
4305124,Cerrito,0,alto desempenho urbano pequeno
4305306,Chapada,0,alto desempenho urbano pequeno
4300505,Alpestre,0,alto desempenho urbano pequeno
4319158,São Miguel das Missões,0,alto desempenho urbano pequeno
4322541,Vale Real,0,alto desempenho urbano pequeno
4315800,Roca Sales,0,alto desempenho urbano pequeno
4317905,Santo Cristo,0,alto desempenho urbano pequeno
4312054,Marques de Souza,0,alto desempenho urbano pequeno
4304309,Cândido Godói,0,alto desempenho urbano pequeno
4300877,Araricá,0,alto desempenho urbano pequeno
4316303,Roque Gonzales,0,alto desempenho urbano pequeno
4309001,Giruá,1,alto desempenho urbano médio
4315750,Riozinho,0,alto desempenho urbano pequeno
4318440,São Jorge,0,alto desempenho urbano pequeno
4310801,Ivoti,1,alto desempenho urbano médio
4317756,Santo Antônio do Planalto,0,alto desempenho urbano pequeno
4310207,Ijuí,1,alto desempenho urbano médio
4317608,Santo Antônio da Patrulha,1,alto desempenho urbano médio
4303905,Campo Bom,1,alto desempenho urbano médio
4322806,Veranópolis,1,alto desempenho urbano médio
4319125,São Martinho da Serra,0,alto desempenho urbano pequeno
4306734,Doutor Maurício Cardoso,0,alto desempenho urbano pequeno
4318424,São João da Urtiga,0,alto desempenho urbano pequeno
4313003,Nova Bréscia,0,alto desempenho urbano pequeno
4319802,São Vicente do Sul,0,alto desempenho urbano pequeno
4306924,Engenho Velho,0,alto desempenho urbano pequeno
4302154,Boa Vista das Missões,0,alto desempenho urbano pequeno
4302105,Bento Gonçalves,1,alto desempenho urbano médio
4319406,São Pedro do Sul,0,alto desempenho urbano pequeno
4316956,Santa Maria do Herval,0,alto desempenho urbano pequeno
4319307,São Paulo das Missões,0,alto desempenho urbano pequeno
4302402,Bom Retiro do Sul,0,alto desempenho urbano pequeno
4322608,Venâncio Aires,1,alto desempenho urbano médio
4306130,Cruzaltense,0,alto desempenho urbano pequeno
4318457,São José das Missões,0,alto desempenho urbano pequeno
4317806,Santo Augusto,0,alto desempenho urbano pequeno
4312906,Nova Bassano,0,alto desempenho urbano pequeno
4308052,Faxinalzinho,0,alto desempenho urbano pequeno
4310363,Imigrante,0,alto desempenho urbano pequeno
4315156,Progresso,0,alto desempenho urbano pequeno
4314779,Pontão,0,alto desempenho urbano pequeno
4320578,Sete de Setembro,0,alto desempenho urbano pequeno
4306429,Dois Irmãos das Missões,0,alto desempenho urbano pequeno
4309902,Ibiraiaras,0,alto desempenho urbano pequeno
4312302,Miraguaí,0,alto desempenho urbano pequeno
4308201,Flores da Cunha,1,alto desempenho urbano médio
4313607,Paim Filho,0,alto desempenho urbano pequeno
4313300,Nova Prata,1,alto desempenho urbano médio
4321808,Três de Maio,1,alto desempenho urbano médio
4308706,Gaurama,0,alto desempenho urbano pequeno
4316428,Sagrada Família,0,alto desempenho urbano pequeno
4303400,Caiçara,0,alto desempenho urbano pequeno
4318481,São José do Hortêncio,0,alto desempenho urbano pequeno
4304408,Canela,1,alto desempenho urbano médio
4306403,Dois Irmãos,1,alto desempenho urbano médio
4309100,Gramado,1,alto desempenho urbano médio
4308003,Faxinal do Soturno,0,alto desempenho urbano pequeno
4318804,São Lourenço do Sul,1,alto desempenho urbano médio
4305405,Chiapetta,0,alto desempenho urbano pequeno
4315008,Porto Lucena,0,alto desempenho urbano pequeno
4305900,Coronel Bicaco,0,alto desempenho urbano pequeno
4301206,Arroio do Tigre,0,alto desempenho urbano pequeno
4305801,Constantina,0,alto desempenho urbano pequeno
4300208,Ajuricaba,0,alto desempenho urbano pequeno
4304507,Canguçu,1,alto desempenho urbano médio
4310108,Igrejinha,1,alto desempenho urbano médio
4315172,Protásio Alves,0,alto desempenho urbano pequeno
4308078,Fazenda Vilanova,0,alto desempenho urbano pequeno
4318903,São Luiz Gonzaga,1,alto desempenho urbano médio
4303558,Camargo,0,alto desempenho urbano pequeno
4306957,Entre Rios do Sul,0,alto desempenho urbano pequeno
4312443,Morrinhos do Sul,0,alto desempenho urbano pequeno
4312385,Monte Belo do Sul,0,alto desempenho urbano pequeno
4315404,Redentora,2,baixo desempenho rural pequeno
4310579,Itapuca,0,alto desempenho urbano pequeno
4305702,Condor,0,alto desempenho urbano pequeno
4313102,Nova Palma,0,alto desempenho urbano pequeno
4322855,Vespasiano Corrêa,0,alto desempenho urbano pequeno
4306809,Encantado,1,alto desempenho urbano médio
4307500,Espumoso,1,alto desempenho urbano médio
4319356,São Pedro da Serra,0,alto desempenho urbano pequeno
4321857,Três Palmeiras,0,alto desempenho urbano pequeno
4306700,Dona Francisca,0,alto desempenho urbano pequeno
4322186,Tupanci do Sul,0,alto desempenho urbano pequeno
4319604,São Sepé,1,alto desempenho urbano médio
4312807,Nova Araçá,0,alto desempenho urbano pequeno
4310462,Ipiranga do Sul,0,alto desempenho urbano pequeno
4322251,Tupandi,0,alto desempenho urbano pequeno
4320701,Sobradinho,0,alto desempenho urbano pequeno
4302204,Boa Vista do Buricá,0,alto desempenho urbano pequeno
4314027,Paraíso do Sul,0,alto desempenho urbano pequeno
4318408,São Jerônimo,1,alto desempenho urbano médio
4316451,Salto do Jacuí,0,alto desempenho urbano pequeno
4310439,Ipê,0,alto desempenho urbano pequeno
4313359,Nova Roma do Sul,0,alto desempenho urbano pequeno
4321956,Trindade do Sul,0,alto desempenho urbano pequeno
4301008,Arroio do Meio,1,alto desempenho urbano médio
4321907,Três Passos,1,alto desempenho urbano médio
4304903,Casca,0,alto desempenho urbano pequeno
4322327,Turuçu,0,alto desempenho urbano pequeno
4301503,Augusto Pestana,0,alto desempenho urbano pequeno
4318499,São José do Inhacorá,0,alto desempenho urbano pequeno
4320404,Serafina Corrêa,1,alto desempenho urbano médio
4323770,Westfália,0,alto desempenho urbano pequeno
4321451,Teutônia,1,alto desempenho urbano médio
4307906,Farroupilha,1,alto desempenho urbano médio
4321329,Taquaruçu do Sul,0,alto desempenho urbano pequeno
4320206,Seberi,0,alto desempenho urbano pequeno
4319109,São Martinho,0,alto desempenho urbano pequeno
4305009,Catuípe,0,alto desempenho urbano pequeno
4322558,Vanini,0,alto desempenho urbano pequeno
4319000,São Marcos,1,alto desempenho urbano médio
4313805,Palmitinho,0,alto desempenho urbano pequeno
4307401,Esmeralda,0,alto desempenho urbano pequeno
4320321,Senador Salgado Filho,0,alto desempenho urbano pequeno
4300901,Aratiba,0,alto desempenho urbano pequeno
4320453,Sério,0,alto desempenho urbano pequeno
4314498,Pinheirinho do Vale,0,alto desempenho urbano pequeno
4314068,Passa Sete,0,alto desempenho urbano pequeno
4310900,Jacutinga,0,alto desempenho urbano pequeno
4318614,São José do Sul,0,alto desempenho urbano pequeno
4313086,Nova Pádua,0,alto desempenho urbano pequeno
4320230,Sede Nova,0,alto desempenho urbano pequeno
4311254,Lagoão,0,alto desempenho urbano pequeno
4301651,Barão,0,alto desempenho urbano pequeno
4312427,Mormaço,0,alto desempenho urbano pequeno
4308250,Floriano Peixoto,0,alto desempenho urbano pequeno
4313391,Novo Cabrais,0,alto desempenho urbano pequeno
4314423,Picada Café,0,alto desempenho urbano pequeno
4304952,Caseiros,0,alto desempenho urbano pequeno
4314753,Poço das Antas,0,alto desempenho urbano pequeno
4319372,São Pedro do Butiá,0,alto desempenho urbano pequeno
4309555,Harmonia,0,alto desempenho urbano pequeno
4322533,Vale do Sol,0,alto desempenho urbano pequeno
4310850,Jaboticaba,0,alto desempenho urbano pequeno
4322525,Vale Verde,0,alto desempenho urbano pequeno
4313037,Nova Esperança do Sul,0,alto desempenho urbano pequeno
4305504,Ciríaco,0,alto desempenho urbano pequeno
4318465,São José do Herval,0,alto desempenho urbano pequeno
4315453,Relvado,0,alto desempenho urbano pequeno
4301552,Áurea,0,alto desempenho urbano pequeno
4305587,Colinas,0,alto desempenho urbano pequeno
4313334,Nova Ramada,0,alto desempenho urbano pequeno
4304697,Capitão,0,alto desempenho urbano pequeno
4322905,Viadutos,0,alto desempenho urbano pequeno
4310306,Ilópolis,0,alto desempenho urbano pequeno
4305850,Coqueiros do Sul,0,alto desempenho urbano pequeno
4315149,Presidente Lucena,0,alto desempenho urbano pequeno
4316204,Rondinha,0,alto desempenho urbano pequeno
4321667,Três Cachoeiras,0,alto desempenho urbano pequeno
4316501,Salvador do Sul,0,alto desempenho urbano pequeno
4321626,Travesseiro,0,alto desempenho urbano pequeno
4310553,Itacurubi,0,alto desempenho urbano pequeno
4321469,Tio Hugo,0,alto desempenho urbano pequeno
4322301,Tuparendi,0,alto desempenho urbano pequeno
4312179,Mato Queimado,0,alto desempenho urbano pequeno
4315206,Putinga,0,alto desempenho urbano pequeno
4310702,Itatiba do Sul,0,alto desempenho urbano pequeno
4303202,Cacique Doble,0,alto desempenho urbano pequeno
4323200,Victor Graeff,0,alto desempenho urbano pequeno
4304655,Capão do Cipó,0,alto desempenho urbano pequeno
4312153,Mato Leitão,0,alto desempenho urbano pequeno
4314076,Passo do Sobrado,0,alto desempenho urbano pequeno
4303301,Caibaté,0,alto desempenho urbano pequeno
4315552,Rio dos Índios,0,alto desempenho urbano pequeno
4315909,Rodeio Bonito,0,alto desempenho urbano pequeno
4316006,Rolante,1,alto desempenho urbano médio
4308409,Formigueiro,0,alto desempenho urbano pequeno
4312757,Nova Alvorada,0,alto desempenho urbano pequeno
4303673,Campestre da Serra,0,alto desempenho urbano pequeno
4323507,Vista Alegre,0,alto desempenho urbano pequeno
4304713,Caraá,0,alto desempenho urbano pequeno
4323309,Vila Flores,0,alto desempenho urbano pequeno
4313011,Nova Candelária,0,alto desempenho urbano pequeno
4316758,Santa Clara do Sul,0,alto desempenho urbano pequeno
4306452,Dois Lajeados,0,alto desempenho urbano pequeno
4309704,Humaitá,0,alto desempenho urbano pequeno
4307203,Erval Grande,0,alto desempenho urbano pequeno
4301701,Barão de Cotegipe,0,alto desempenho urbano pequeno
4303707,Campina das Missões,0,alto desempenho urbano pequeno
4313201,Nova Petrópolis,1,alto desempenho urbano médio
4315131,Pouso Novo,0,alto desempenho urbano pequeno
4319703,São Valentim,0,alto desempenho urbano pequeno
4303806,Campinas do Sul,0,alto desempenho urbano pequeno
4302055,Benjamin Constant do Sul,0,alto desempenho urbano pequeno
4307864,Fagundes Varela,0,alto desempenho urbano pequeno
4314001,Paraí,0,alto desempenho urbano pequeno
4304614,Canudos do Vale,0,alto desempenho urbano pequeno
4323408,Vila Maria,0,alto desempenho urbano pequeno
4308854,Gentil,0,alto desempenho urbano pequeno
4319711,São Valentim do Sul,0,alto desempenho urbano pequeno
4312203,Maximiliano de Almeida,0,alto desempenho urbano pequeno
4312005,Mariano Moro,0,alto desempenho urbano pequeno
4301073,Arroio do Padre,0,alto desempenho urbano pequeno
4323606,Vista Alegre do Prata,0,alto desempenho urbano pequeno
4313466,Novo Xingu,0,alto desempenho urbano pequeno
4306551,Dom Pedro de Alcântara,0,alto desempenho urbano pequeno
4307450,Esperança do Sul,0,alto desempenho urbano pequeno
4307815,Estrela Velha,0,alto desempenho urbano pequeno
4308458,Fortaleza dos Valos,0,alto desempenho urbano pequeno
4311643,Linha Nova,0,alto desempenho urbano pequeno
4302584,Bozano,0,alto desempenho urbano pequeno
4305934,Coronel Pilar,0,alto desempenho urbano pequeno
4322343,Ubiretama,0,alto desempenho urbano pequeno
4319752,São Vendelino,0,alto desempenho urbano pequeno
4312351,Montauri,0,alto desempenho urbano pequeno
4314548,Pinto Bandeira,0,alto desempenho urbano pequeno
4312955,Nova Boa Vista,0,alto desempenho urbano pequeno
4321634,Três Arroios,0,alto desempenho urbano pequeno
4316477,Salvador das Missões,0,alto desempenho urbano pequeno
4321493,Toropi,0,alto desempenho urbano pequeno
5004809,Japorã,2,baixo desempenho rural pequeno
5005152,Juti,0,alto desempenho urbano pequeno
5005202,Ladário,1,alto desempenho urbano médio
5001508,Bandeirantes,0,alto desempenho urbano pequeno
5007802,Selvíria,0,alto desempenho urbano pequeno
5000708,Anastácio,1,alto desempenho urbano médio
5005608,Miranda,1,alto desempenho urbano médio
5003504,Douradina,0,alto desempenho urbano pequeno
5006903,Porto Murtinho,0,alto desempenho urbano pequeno
5006309,Paranaíba,1,alto desempenho urbano médio
5002605,Camapuã,0,alto desempenho urbano pequeno
5007109,Ribas do Rio Pardo,1,alto desempenho urbano médio
5004403,Inocência,0,alto desempenho urbano pequeno
5006408,Pedro Gomes,0,alto desempenho urbano pequeno
5005004,Jardim,1,alto desempenho urbano médio
5007901,Sidrolândia,1,alto desempenho urbano médio
5006002,Nova Alvorada do Sul,1,alto desempenho urbano médio
5001904,Bataguassu,1,alto desempenho urbano médio
5004304,Iguatemi,0,alto desempenho urbano pequeno
5003488,Dois Irmãos do Buriti,0,alto desempenho urbano pequeno
5002902,Cassilândia,1,alto desempenho urbano médio
5004908,Jaraguari,0,alto desempenho urbano pequeno
5003256,Costa Rica,1,alto desempenho urbano médio
5007505,Rochedo,0,alto desempenho urbano pequeno
5007208,Rio Brilhante,1,alto desempenho urbano médio
5003306,Coxim,1,alto desempenho urbano médio
5003702,Dourados,1,alto desempenho urbano médio
5005400,Maracaju,1,alto desempenho urbano médio
5000609,Amambai,1,alto desempenho urbano médio
5003207,Corumbá,1,alto desempenho urbano médio
5002704,Campo Grande,1,alto desempenho urbano médio
5002951,Chapadão do Sul,1,alto desempenho urbano médio
5002100,Bela Vista,1,alto desempenho urbano médio
5006358,Paranhos,2,baixo desempenho rural pequeno
5002159,Bodoquena,0,alto desempenho urbano pequeno
5002001,Batayporã,0,alto desempenho urbano pequeno
5003108,Corguinho,0,alto desempenho urbano pequeno
5007406,Rio Verde de Mato Grosso,0,alto desempenho urbano pequeno
5004106,Guia Lopes da Laguna,0,alto desempenho urbano pequeno
5006259,Novo Horizonte do Sul,0,alto desempenho urbano pequeno
5007554,Santa Rita do Pardo,0,alto desempenho urbano pequeno
5007935,Sonora,0,alto desempenho urbano pequeno
5002803,Caracol,0,alto desempenho urbano pequeno
5007950,Tacuru,2,baixo desempenho rural pequeno
5001003,Aparecida do Taboado,1,alto desempenho urbano médio
5007695,São Gabriel do Oeste,1,alto desempenho urbano médio
5002308,Brasilândia,0,alto desempenho urbano pequeno
5002209,Bonito,1,alto desempenho urbano médio
5002407,Caarapó,1,alto desempenho urbano médio
5007307,Rio Negro,0,alto desempenho urbano pequeno
5005806,Nioaque,2,baixo desempenho rural pequeno
5007703,Sete Quedas,0,alto desempenho urbano pequeno
5000906,Antônio João,0,alto desempenho urbano pequeno
5006200,Nova Andradina,1,alto desempenho urbano médio
5006606,Ponta Porã,1,alto desempenho urbano médio
5003900,Figueirão,0,alto desempenho urbano pequeno
5008008,Terenos,0,alto desempenho urbano pequeno
5005707,Naviraí,1,alto desempenho urbano médio
5003801,Fátima do Sul,1,alto desempenho urbano médio
5004700,Ivinhema,1,alto desempenho urbano médio
5008404,Vicentina,0,alto desempenho urbano pequeno
5000807,Anaurilândia,0,alto desempenho urbano pequeno
5005103,Jateí,0,alto desempenho urbano pequeno
5004502,Itaporã,1,alto desempenho urbano médio
5008305,Três Lagoas,1,alto desempenho urbano médio
5000203,Água Clara,1,alto desempenho urbano médio
5001102,Aquidauana,1,alto desempenho urbano médio
5004601,Itaquiraí,0,alto desempenho urbano pequeno
5001243,Aral Moreira,0,alto desempenho urbano pequeno
5003751,Eldorado,0,alto desempenho urbano pequeno
5006275,Paraíso das Águas,0,alto desempenho urbano pequeno
5000252,Alcinópolis,0,alto desempenho urbano pequeno
5007976,Taquarussu,0,alto desempenho urbano pequeno
5003157,Coronel Sapucaia,2,baixo desempenho rural pequeno
5004007,Glória de Dourados,0,alto desempenho urbano pequeno
5005251,Laguna Carapã,0,alto desempenho urbano pequeno
5005681,Mundo Novo,1,alto desempenho urbano médio
5000856,Angélica,0,alto desempenho urbano pequeno
5003454,Deodápolis,0,alto desempenho urbano pequeno
5101837,Boa Esperança do Norte,0,alto desempenho urbano pequeno
5108105,Tesouro,0,alto desempenho urbano pequeno
5101209,Araguainha,0,alto desempenho urbano pequeno
5107578,Rondolândia,0,alto desempenho urbano pequeno
5101852,Bom Jesus do Araguaia,0,alto desempenho urbano pequeno
5106778,Porto Alegre do Norte,0,alto desempenho urbano pequeno
5106505,Poconé,1,alto desempenho urbano médio
5102702,Canarana,1,alto desempenho urbano médio
5103437,Curvelândia,0,alto desempenho urbano pequeno
5107859,São Félix do Araguaia,2,baixo desempenho rural pequeno
5108501,Vera,0,alto desempenho urbano pequeno
5102694,Canabrava do Norte,0,alto desempenho urbano pequeno
5106422,Peixoto de Azevedo,1,alto desempenho urbano médio
5103353,Confresa,1,alto desempenho urbano médio
5105309,Luciara,0,alto desempenho urbano pequeno
5100102,Acorizal,2,baixo desempenho rural pequeno
5102603,Campinápolis,2,baixo desempenho rural pequeno
5107776,Santa Terezinha,2,baixo desempenho rural pequeno
5100409,Alto Garças,0,alto desempenho urbano pequeno
5103361,Conquista D'Oeste,0,alto desempenho urbano pequeno
5103254,Colniza,2,baixo desempenho rural pequeno
5104609,Itiquira,0,alto desempenho urbano pequeno
5102793,Carlinda,0,alto desempenho urbano pequeno
5106828,Porto Esperidião,2,baixo desempenho rural pequeno
5108857,Nova Marilândia,0,alto desempenho urbano pequeno
5106307,Paranatinga,1,alto desempenho urbano médio
5103858,Gaúcha do Norte,2,baixo desempenho rural pequeno
5104500,Indiavaí,0,alto desempenho urbano pequeno
5105150,Juína,1,alto desempenho urbano médio
5106174,Nova Nazaré,2,baixo desempenho rural pequeno
5105002,Jauru,0,alto desempenho urbano pequeno
5107008,Poxoréu,2,baixo desempenho rural pequeno
5105507,Vila Bela da Santíssima Trindade,2,baixo desempenho rural pequeno
5102686,Campos de Júlio,0,alto desempenho urbano pequeno
5106000,Nortelândia,0,alto desempenho urbano pequeno
5108600,Vila Rica,2,baixo desempenho rural pequeno
5102504,Cáceres,1,alto desempenho urbano médio
5103007,Chapada dos Guimarães,1,alto desempenho urbano médio
5107206,Rio Branco,0,alto desempenho urbano pequeno
5108402,Várzea Grande,1,alto desempenho urbano médio
5101258,Araputanga,0,alto desempenho urbano pequeno
5100805,Apiacás,0,alto desempenho urbano pequeno
5105200,Juscimeira,0,alto desempenho urbano pequeno
5107958,Tangará da Serra,1,alto desempenho urbano médio
5108352,Vale de São Domingos,0,alto desempenho urbano pequeno
5103205,Colíder,1,alto desempenho urbano médio
5107198,Ribeirãozinho,0,alto desempenho urbano pequeno
5107040,Primavera do Leste,1,alto desempenho urbano médio
5107354,São José do Xingu,0,alto desempenho urbano pequeno
5101704,Barra do Bugres,1,alto desempenho urbano médio
5106232,Nova Olímpia,0,alto desempenho urbano pequeno
5107941,Tabaporã,0,alto desempenho urbano pequeno
5101902,Brasnorte,1,alto desempenho urbano médio
5107263,Santo Afonso,0,alto desempenho urbano pequeno
5105622,Mirassol d'Oeste,1,alto desempenho urbano médio
5103502,Diamantino,1,alto desempenho urbano médio
5107602,Rondonópolis,1,alto desempenho urbano médio
5105101,Juara,1,alto desempenho urbano médio
5100250,Alta Floresta,1,alto desempenho urbano médio
5107800,Santo Antônio de Leverger,2,baixo desempenho rural pequeno
5103403,Cuiabá,1,alto desempenho urbano médio
5107701,Rosário Oeste,2,baixo desempenho rural pequeno
5106265,Novo Mundo,0,alto desempenho urbano pequeno
5107743,Santa Cruz do Xingu,0,alto desempenho urbano pequeno
5106182,Nova Lacerda,0,alto desempenho urbano pequeno
5104906,Jangada,2,baixo desempenho rural pequeno
5106208,Nova Brasilândia,0,alto desempenho urbano pequeno
5102678,Campo Verde,1,alto desempenho urbano médio
5108006,Tapurah,0,alto desempenho urbano pequeno
5104807,Jaciara,1,alto desempenho urbano médio
5106216,Nova Canaã do Norte,0,alto desempenho urbano pequeno
5105903,Nobres,1,alto desempenho urbano médio
5107909,Sinop,1,alto desempenho urbano médio
5106372,Pedra Preta,0,alto desempenho urbano pequeno
5103056,Cláudia,0,alto desempenho urbano pequeno
5104559,Itaúba,0,alto desempenho urbano pequeno
5103304,Comodoro,1,alto desempenho urbano médio
5103379,Cotriguaçu,2,baixo desempenho rural pequeno
5107065,Querência,1,alto desempenho urbano médio
5103452,Denise,0,alto desempenho urbano pequeno
5100201,Água Boa,1,alto desempenho urbano médio
5108055,Terra Nova do Norte,0,alto desempenho urbano pequeno
5106455,Planalto da Serra,0,alto desempenho urbano pequeno
5106281,Novo São Joaquim,0,alto desempenho urbano pequeno
5108303,União do Sul,0,alto desempenho urbano pequeno
5101605,Barão de Melgaço,2,baixo desempenho rural pequeno
5101407,Aripuanã,1,alto desempenho urbano médio
5105176,Juruena,0,alto desempenho urbano pequeno
5101803,Barra do Garças,1,alto desempenho urbano médio
5104104,Guarantã do Norte,1,alto desempenho urbano médio
5107792,Santo Antônio do Leste,0,alto desempenho urbano pequeno
5106299,Paranaíta,0,alto desempenho urbano pequeno
5102637,Campo Novo do Parecis,1,alto desempenho urbano médio
5105580,Marcelândia,0,alto desempenho urbano pequeno
5101308,Arenápolis,0,alto desempenho urbano pequeno
5104526,Ipiranga do Norte,0,alto desempenho urbano pequeno
5108907,Nova Maringá,0,alto desempenho urbano pequeno
5102850,Castanheira,0,alto desempenho urbano pequeno
5106273,Novo Horizonte do Norte,0,alto desempenho urbano pequeno
5107180,Ribeirão Cascalheira,2,baixo desempenho rural pequeno
5105259,Lucas do Rio Verde,1,alto desempenho urbano médio
5106224,Nova Mutum,1,alto desempenho urbano médio
5107768,Santa Rita do Trivelato,0,alto desempenho urbano pequeno
5103700,Feliz Natal,0,alto desempenho urbano pequeno
5107883,Serra Nova Dourada,0,alto desempenho urbano pequeno
5105606,Matupá,1,alto desempenho urbano médio
5108808,Nova Guarita,0,alto desempenho urbano pequeno
5106752,Pontes e Lacerda,1,alto desempenho urbano médio
5100508,Alto Paraguai,0,alto desempenho urbano pequeno
5106109,Nossa Senhora do Livramento,2,baixo desempenho rural pequeno
5106653,Pontal do Araguaia,0,alto desempenho urbano pequeno
5107875,Sapezal,1,alto desempenho urbano médio
5106315,Novo Santo Antônio,0,alto desempenho urbano pequeno
5107248,Santa Carmem,0,alto desempenho urbano pequeno
5100607,Alto Taquari,0,alto desempenho urbano pequeno
5106257,Nova Xavantina,1,alto desempenho urbano médio
5106158,Nova Bandeirantes,0,alto desempenho urbano pequeno
5107305,São José do Rio Claro,0,alto desempenho urbano pequeno
5107404,São Pedro da Cipa,0,alto desempenho urbano pequeno
5106240,Nova Ubiratã,0,alto desempenho urbano pequeno
5100300,Alto Araguaia,1,alto desempenho urbano médio
5106802,Porto dos Gaúchos,0,alto desempenho urbano pequeno
5107156,Reserva do Cabaçal,0,alto desempenho urbano pequeno
5108956,Nova Monte Verde,0,alto desempenho urbano pequeno
5106703,Ponte Branca,0,alto desempenho urbano pequeno
5106190,Nova Santa Helena,0,alto desempenho urbano pequeno
5107925,Sorriso,1,alto desempenho urbano médio
5103106,Cocalinho,0,alto desempenho urbano pequeno
5107297,São José do Povo,0,alto desempenho urbano pequeno
5104203,Guiratinga,0,alto desempenho urbano pequeno
5103809,Figueirópolis D'Oeste,0,alto desempenho urbano pequeno
5105234,Lambari D'Oeste,0,alto desempenho urbano pequeno
5103601,Dom Aquino,0,alto desempenho urbano pequeno
5103908,General Carneiro,0,alto desempenho urbano pequeno
5104542,Itanhangá,0,alto desempenho urbano pequeno
5106851,Porto Estrela,2,baixo desempenho rural pequeno
5107107,São José dos Quatro Marcos,0,alto desempenho urbano pequeno
5103957,Glória D'Oeste,0,alto desempenho urbano pequeno
5100359,Alto Boa Vista,0,alto desempenho urbano pequeno
5107750,Salto do Céu,0,alto desempenho urbano pequeno
5108204,Torixoréu,0,alto desempenho urbano pequeno
5101001,Araguaiana,0,alto desempenho urbano pequeno
5200506,Aloândia,0,alto desempenho urbano pequeno
5219308,Santa Helena de Goiás,1,alto desempenho urbano médio
5213400,Moiporá,0,alto desempenho urbano pequeno
5214804,Nova Aurora,0,alto desempenho urbano pequeno
5215801,Palmelo,0,alto desempenho urbano pequeno
5209408,Guarani de Goiás,0,alto desempenho urbano pequeno
5211008,Itapirapuã,0,alto desempenho urbano pequeno
5221577,Uirapuru,0,alto desempenho urbano pequeno
5209150,Gouvelândia,0,alto desempenho urbano pequeno
5205455,Cezarina,0,alto desempenho urbano pequeno
5219753,Santo Antônio do Descoberto,1,alto desempenho urbano médio
5202155,Araguapaz,0,alto desempenho urbano pequeno
5208509,Goiandira,0,alto desempenho urbano pequeno
5219803,São Domingos,2,baixo desempenho rural pequeno
5203609,Brazabrantes,0,alto desempenho urbano pequeno
5200258,Águas Lindas de Goiás,1,alto desempenho urbano médio
5203575,Bonópolis,0,alto desempenho urbano pequeno
5220454,Senador Canedo,1,alto desempenho urbano médio
5203962,Buritinópolis,0,alto desempenho urbano pequeno
5212709,Mambaí,0,alto desempenho urbano pequeno
5214002,Mozarlândia,0,alto desempenho urbano pequeno
5205497,Cidade Ocidental,1,alto desempenho urbano médio
5215231,Novo Gama,1,alto desempenho urbano médio
5209457,Guarinos,0,alto desempenho urbano pequeno
5218003,Porangatu,1,alto desempenho urbano médio
5209606,Heitoraí,0,alto desempenho urbano pequeno
5201801,Aragoiânia,0,alto desempenho urbano pequeno
5220504,Serranópolis,0,alto desempenho urbano pequeno
5206503,Cromínia,0,alto desempenho urbano pequeno
5200175,Água Fria de Goiás,0,alto desempenho urbano pequeno
5221080,Teresina de Goiás,0,alto desempenho urbano pequeno
5221858,Valparaíso de Goiás,1,alto desempenho urbano médio
5212105,Joviânia,0,alto desempenho urbano pequeno
5203559,Bonfinópolis,0,alto desempenho urbano pequeno
5215603,Padre Bernardo,2,baixo desempenho rural pequeno
5220702,Sítio d'Abadia,0,alto desempenho urbano pequeno
5221197,Terezópolis de Goiás,0,alto desempenho urbano pequeno
5200134,Acreúna,1,alto desempenho urbano médio
5219902,São Francisco de Goiás,0,alto desempenho urbano pequeno
5216809,Petrolina de Goiás,0,alto desempenho urbano pequeno
5213772,Montividiu do Norte,0,alto desempenho urbano pequeno
5212204,Jussara,1,alto desempenho urbano médio
5204508,Caldas Novas,1,alto desempenho urbano médio
5200050,Abadia de Goiás,0,alto desempenho urbano pequeno
5205307,Cavalcante,2,baixo desempenho rural pequeno
5212956,Matrinchã,0,alto desempenho urbano pequeno
5201454,Aparecida do Rio Doce,0,alto desempenho urbano pequeno
5203302,Bela Vista de Goiás,1,alto desempenho urbano médio
5201405,Aparecida de Goiânia,1,alto desempenho urbano médio
5214903,Nova Roma,0,alto desempenho urbano pequeno
5201504,Aporé,0,alto desempenho urbano pequeno
5213806,Morrinhos,1,alto desempenho urbano médio
5216403,Paraúna,0,alto desempenho urbano pequeno
5205521,Colinas do Sul,0,alto desempenho urbano pequeno
5208004,Formosa,1,alto desempenho urbano médio
5211909,Jataí,1,alto desempenho urbano médio
5203104,Baliza,0,alto desempenho urbano pequeno
5212501,Luziânia,1,alto desempenho urbano médio
5209200,Guapó,0,alto desempenho urbano pequeno
5214838,Nova Crixás,0,alto desempenho urbano pequeno
5209903,Iaciara,2,baixo desempenho rural pequeno
5210109,Ipameri,1,alto desempenho urbano médio
5204953,Campos Verdes,0,alto desempenho urbano pequeno
5201702,Aragarças,0,alto desempenho urbano pequeno
5204201,Cachoeira de Goiás,0,alto desempenho urbano pequeno
5205109,Catalão,1,alto desempenho urbano médio
5215504,Ouvidor,0,alto desempenho urbano pequeno
5204904,Campos Belos,0,alto desempenho urbano pequeno
5200803,Alvorada do Norte,0,alto desempenho urbano pequeno
5213756,Montividiu,0,alto desempenho urbano pequeno
5217609,Planaltina,1,alto desempenho urbano médio
5221403,Trindade,1,alto desempenho urbano médio
5206404,Crixás,0,alto desempenho urbano pequeno
5207907,Flores de Goiás,2,baixo desempenho rural pequeno
5209952,Indiara,0,alto desempenho urbano pequeno
5213053,Mimoso de Goiás,0,alto desempenho urbano pequeno
5220108,São Luís de Montes Belos,1,alto desempenho urbano médio
5213707,Montes Claros de Goiás,0,alto desempenho urbano pequeno
5208707,Goiânia,1,alto desempenho urbano médio
5200555,Alto Horizonte,0,alto desempenho urbano pequeno
5207501,Estrela do Norte,0,alto desempenho urbano pequeno
5218508,Quirinópolis,1,alto desempenho urbano médio
5217401,Pires do Rio,1,alto desempenho urbano médio
5214507,Nerópolis,1,alto desempenho urbano médio
5217104,Piracanjuba,1,alto desempenho urbano médio
5206206,Cristalina,1,alto desempenho urbano médio
5221551,Turvelândia,0,alto desempenho urbano pequeno
5208905,Goiás,1,alto desempenho urbano médio
5215702,Palmeiras de Goiás,1,alto desempenho urbano médio
5218607,Rialma,0,alto desempenho urbano pequeno
5209101,Goiatuba,1,alto desempenho urbano médio
5205208,Caturaí,0,alto desempenho urbano pequeno
5209804,Hidrolina,0,alto desempenho urbano pequeno
5209705,Hidrolândia,1,alto desempenho urbano médio
5208806,Goianira,1,alto desempenho urbano médio
5221601,Uruaçu,1,alto desempenho urbano médio
5203906,Buriti Alegre,0,alto desempenho urbano pequeno
5212808,Mara Rosa,0,alto desempenho urbano pequeno
5204003,Cabeceiras,0,alto desempenho urbano pequeno
5221007,Taquaral de Goiás,0,alto desempenho urbano pequeno
5200209,Água Limpa,0,alto desempenho urbano pequeno
5211503,Itumbiara,1,alto desempenho urbano médio
5204656,Campinaçu,0,alto desempenho urbano pequeno
5200902,Amorinópolis,0,alto desempenho urbano pequeno
5205901,Corumbaíba,0,alto desempenho urbano pequeno
5208103,Formoso,0,alto desempenho urbano pequeno
5202809,Avelinópolis,0,alto desempenho urbano pequeno
5206701,Damianópolis,0,alto desempenho urbano pequeno
5205802,Corumbá de Goiás,0,alto desempenho urbano pequeno
5201108,Anápolis,1,alto desempenho urbano médio
5218102,Portelândia,0,alto desempenho urbano pequeno
5204557,Caldazinha,0,alto desempenho urbano pequeno
5204102,Cachoeira Alta,0,alto desempenho urbano pequeno
5214606,Niquelândia,1,alto desempenho urbano médio
5220405,São Simão,1,alto desempenho urbano médio
5204250,Cachoeira Dourada,0,alto desempenho urbano pequeno
5217302,Pirenópolis,2,baixo desempenho rural pequeno
5209291,Guaraíta,0,alto desempenho urbano pequeno
5204300,Caçu,0,alto desempenho urbano pequeno
5217708,Pontalina,0,alto desempenho urbano pequeno
5219209,Santa Cruz de Goiás,0,alto desempenho urbano pequeno
5221502,Turvânia,0,alto desempenho urbano pequeno
5213509,Monte Alegre de Goiás,2,baixo desempenho rural pequeno
5204706,Campinorte,0,alto desempenho urbano pequeno
5207535,Faina,0,alto desempenho urbano pequeno
5200852,Americano do Brasil,0,alto desempenho urbano pequeno
5222302,Vila Propício,0,alto desempenho urbano pequeno
5208400,Goianápolis,0,alto desempenho urbano pequeno
5220157,São Luiz do Norte,0,alto desempenho urbano pequeno
5216007,Panamá,0,alto desempenho urbano pequeno
5221700,Uruana,0,alto desempenho urbano pequeno
5218300,Posse,1,alto desempenho urbano médio
5202601,Aurilândia,0,alto desempenho urbano pequeno
5209937,Inaciolândia,0,alto desempenho urbano pequeno
5200308,Alexânia,1,alto desempenho urbano médio
5203500,Bom Jesus de Goiás,1,alto desempenho urbano médio
5206602,Cumari,0,alto desempenho urbano pequeno
5213087,Minaçu,1,alto desempenho urbano médio
5207352,Edealina,0,alto desempenho urbano pequeno
5207808,Firminópolis,0,alto desempenho urbano pequeno
5211305,Itarumã,0,alto desempenho urbano pequeno
5218706,Rianápolis,0,alto desempenho urbano pequeno
5204409,Caiapônia,0,alto desempenho urbano pequeno
5211701,Jandaia,0,alto desempenho urbano pequeno
5219258,Santa Fé de Goiás,0,alto desempenho urbano pequeno
5201603,Araçu,0,alto desempenho urbano pequeno
5205703,Córrego do Ouro,0,alto desempenho urbano pequeno
5212303,Leopoldo de Bulhões,0,alto desempenho urbano pequeno
5210208,Iporá,1,alto desempenho urbano médio
5221809,Urutaí,0,alto desempenho urbano pequeno
5216452,Perolândia,0,alto desempenho urbano pequeno
5219100,Santa Bárbara de Goiás,0,alto desempenho urbano pequeno
5219001,Sanclerlândia,0,alto desempenho urbano pequeno
5217203,Piranhas,0,alto desempenho urbano pequeno
5207253,Doverlândia,0,alto desempenho urbano pequeno
5222054,Vicentinópolis,0,alto desempenho urbano pequeno
5218904,Rubiataba,0,alto desempenho urbano pequeno
5213004,Maurilândia,0,alto desempenho urbano pequeno
5204607,Campestre de Goiás,0,alto desempenho urbano pequeno
5210901,Itapaci,0,alto desempenho urbano pequeno
5205000,Carmo do Rio Verde,0,alto desempenho urbano pequeno
5219407,Santa Rita do Araguaia,0,alto desempenho urbano pequeno
5210406,Itaberaí,1,alto desempenho urbano médio
5203401,Bom Jardim de Goiás,0,alto desempenho urbano pequeno
5218789,Rio Quente,0,alto desempenho urbano pequeno
5200100,Abadiânia,0,alto desempenho urbano pequeno
5214408,Nazário,0,alto desempenho urbano pequeno
5219506,Santa Rosa de Goiás,0,alto desempenho urbano pequeno
5208301,Divinópolis de Goiás,0,alto desempenho urbano pequeno
5202502,Aruanã,0,alto desempenho urbano pequeno
5204805,Campo Alegre de Goiás,0,alto desempenho urbano pequeno
5221304,Três Ranchos,0,alto desempenho urbano pequeno
5201207,Anhanguera,0,alto desempenho urbano pequeno
5219357,Santa Isabel,0,alto desempenho urbano pequeno
5213103,Mineiros,1,alto desempenho urbano médio
5208608,Goianésia,1,alto desempenho urbano médio
5205471,Chapadão do Céu,1,alto desempenho urbano médio
5215652,Palestina de Goiás,0,alto desempenho urbano pequeno
5205513,Cocalzinho de Goiás,0,alto desempenho urbano pequeno
5210000,Inhumas,1,alto desempenho urbano médio
5212253,Lagoa Santa,0,alto desempenho urbano pequeno
5203203,Barro Alto,0,alto desempenho urbano pequeno
5200159,Adelândia,0,alto desempenho urbano pequeno
5211602,Ivolândia,0,alto desempenho urbano pequeno
5205059,Castelândia,0,alto desempenho urbano pequeno
5220009,São João d'Aliança,0,alto desempenho urbano pequeno
5207402,Edéia,0,alto desempenho urbano pequeno
5211206,Itapuranga,0,alto desempenho urbano pequeno
5210604,Itaguaru,0,alto desempenho urbano pequeno
5203807,Britânia,0,alto desempenho urbano pequeno
5210802,Itajá,0,alto desempenho urbano pequeno
5220264,São Miguel do Passa Quatro,0,alto desempenho urbano pequeno
5214861,Nova Glória,0,alto desempenho urbano pequeno
5218391,Professor Jamil,0,alto desempenho urbano pequeno
5211800,Jaraguá,1,alto desempenho urbano médio
5219712,Santo Antônio da Barra,0,alto desempenho urbano pequeno
5200605,Alto Paraíso de Goiás,0,alto desempenho urbano pequeno
5200829,Amaralina,0,alto desempenho urbano pequeno
5218052,Porteirão,0,alto desempenho urbano pequeno
5215207,Novo Brasil,0,alto desempenho urbano pequeno
5222203,Vila Boa,0,alto desempenho urbano pequeno
5213905,Mossâmedes,0,alto desempenho urbano pequeno
5215256,Novo Planalto,0,alto desempenho urbano pequeno
5219704,Santa Terezinha de Goiás,0,alto desempenho urbano pequeno
5216304,Paranaiguara,0,alto desempenho urbano pequeno
5220686,Simolândia,0,alto desempenho urbano pequeno
5220603,Silvânia,1,alto desempenho urbano médio
5218805,Rio Verde,1,alto desempenho urbano médio
5210562,Itaguari,0,alto desempenho urbano pequeno
5215009,Nova Veneza,0,alto desempenho urbano pequeno
5206909,Davinópolis,0,alto desempenho urbano pequeno
5204854,Campo Limpo de Goiás,0,alto desempenho urbano pequeno
5220207,São Miguel do Araguaia,0,alto desempenho urbano pequeno
5215306,Orizona,0,alto desempenho urbano pequeno
5205406,Ceres,1,alto desempenho urbano médio
5220058,São João da Paraúna,0,alto desempenho urbano pequeno
5210307,Israelândia,0,alto desempenho urbano pequeno
5219456,Santa Rita do Novo Destino,0,alto desempenho urbano pequeno
5206305,Cristianópolis,0,alto desempenho urbano pequeno
5222005,Vianópolis,0,alto desempenho urbano pequeno
5215900,Palminópolis,0,alto desempenho urbano pequeno
5220280,São Patrício,0,alto desempenho urbano pequeno
5214705,Nova América,0,alto desempenho urbano pequeno
5221452,Trombas,0,alto desempenho urbano pequeno
5219738,Santo Antônio de Goiás,0,alto desempenho urbano pequeno
5201306,Anicuns,0,alto desempenho urbano pequeno
5202353,Arenópolis,0,alto desempenho urbano pequeno
5212907,Marzagão,0,alto desempenho urbano pequeno
5214101,Mutunópolis,0,alto desempenho urbano pequeno
5206800,Damolândia,0,alto desempenho urbano pequeno
5214879,Nova Iguaçu de Goiás,0,alto desempenho urbano pequeno
5210158,Ipiranga de Goiás,0,alto desempenho urbano pequeno
5203939,Buriti de Goiás,0,alto desempenho urbano pequeno
5214051,Mundo Novo,0,alto desempenho urbano pequeno
5215405,Ouro Verde de Goiás,0,alto desempenho urbano pequeno
5219605,Santa Tereza de Goiás,0,alto desempenho urbano pequeno
5216908,Pilar de Goiás,0,alto desempenho urbano pequeno
5211404,Itauçu,0,alto desempenho urbano pequeno
5207600,Fazenda Nova,0,alto desempenho urbano pequeno
5212006,Jaupaci,0,alto desempenho urbano pequeno
5212600,Mairipotaba,0,alto desempenho urbano pequeno
5221908,Varjão,0,alto desempenho urbano pequeno
5208152,Gameleira de Goiás,0,alto desempenho urbano pequeno
5213855,Morro Agudo de Goiás,0,alto desempenho urbano pequeno
5207105,Diorama,0,alto desempenho urbano pequeno
5212055,Jesúpolis,0,alto desempenho urbano pequeno
