co_municipio,sg_uf,n_alunos,taxa_observada,taxa_prevista,erro
1100015,RO,15,0.8,0.6539146134873131,-0.146085386512687
1100023,RO,55,0.7090909090909091,0.7099246790344961,0.0008337699435869705
1100031,RO,1,1.0,0.7332349466303427,-0.2667650533696573
1100049,RO,43,0.9069767441860465,0.6840513719994443,-0.22292537218660213
1100056,RO,16,0.8125,0.7444383957092527,-0.06806160429074726
1100064,RO,5,0.8,0.6550221536955865,-0.14497784630441357
1100072,RO,9,1.0,0.7766475301425003,-0.22335246985749968
1100080,RO,9,0.6666666666666666,0.628741169162743,-0.0379254975039236
1100098,RO,11,0.8181818181818182,0.6685279656238042,-0.149653852558014
1100106,RO,20,0.55,0.45327511651853536,-0.09672488348146469
1100114,RO,21,0.8571428571428571,0.7293560960466179,-0.1277867610962392
1100122,RO,71,0.704225352112676,0.6053769218059453,-0.09884843030673074
1100130,RO,16,0.5,0.6446526535720206,0.14465265357202062
1100148,RO,7,1.0,0.7186896876247925,-0.28131031237520754
1100155,RO,24,0.7083333333333334,0.7131437980058104,0.004810464672477033
1100189,RO,19,0.5789473684210527,0.7600412706813195,0.1810939022602669
1100205,RO,231,0.6190476190476191,0.4628778696483842,-0.1561697493992349
1100254,RO,5,0.8,0.686763892357872,-0.11323610764212799
1100262,RO,1,1.0,0.7637705623402663,-0.2362294376597337
1100288,RO,36,0.7777777777777778,0.7018541840584125,-0.0759235937193653
1100296,RO,3,0.6666666666666666,0.733548502488257,0.06688183582159035
1100304,RO,55,0.8545454545454545,0.6526868245311096,-0.2018586300143449
1100320,RO,7,0.7142857142857143,0.6963741989911145,-0.017911515294599778
1100338,RO,10,0.8,0.6282663355248114,-0.17173366447518867
1100346,RO,7,0.5714285714285714,0.6792218609043689,0.10779328947579747
1100379,RO,5,1.0,0.7550677054437059,-0.24493229455629406
1100403,RO,8,0.875,0.7002976438841595,-0.1747023561158405
1100452,RO,18,0.7777777777777778,0.593860484738518,-0.18391729303925974
1100502,RO,5,1.0,0.6877585590057198,-0.3122414409942802
1100601,RO,3,1.0,0.7965973413610922,-0.20340265863890783
1100700,RO,13,0.9230769230769231,0.7048221136333657,-0.21825480944355746
1100809,RO,22,0.6363636363636364,0.5397891386196203,-0.09657449774401605
1100908,RO,2,0.5,0.706711803288588,0.20671180328858796
1100924,RO,9,1.0,0.6738294059607318,-0.3261705940392682
1100940,RO,4,0.75,0.7423359247690561,-0.007664075230943923
1101005,RO,7,1.0,0.7716772346437362,-0.22832276535626383
1101104,RO,11,0.9090909090909091,0.7048208154005637,-0.20427009369034532
1101203,RO,5,0.8,0.7527060667567044,-0.04729393324329567
1101302,RO,10,0.9,0.7594412516477312,-0.14055874835226878
1101401,RO,4,1.0,0.7323117962136428,-0.26768820378635716
1101435,RO,4,0.5,0.7624117488878459,0.2624117488878459
1101450,RO,1,1.0,0.7648284672388691,-0.2351715327611309
1101468,RO,2,1.0,0.7168363917435002,-0.2831636082564998
1101476,RO,2,1.0,0.7528167860350805,-0.2471832139649195
1101484,RO,3,0.6666666666666666,0.6214602848954316,-0.04520638177123504
1101492,RO,16,0.75,0.7137219088799821,-0.0362780911200179
1101500,RO,4,0.75,0.6965755723068413,-0.053424427693158694
1101559,RO,3,1.0,0.7573674926428069,-0.2426325073571931
1101609,RO,2,1.0,0.6685624409291958,-0.3314375590708042
1101708,RO,3,0.6666666666666666,0.7049937049802835,0.038327038313616835
1101757,RO,2,0.5,0.6062675951750904,0.10626759517509043
1101807,RO,4,0.75,0.686733617082188,-0.06326638291781195
1200013,AC,5,0.6,0.5188084525191442,-0.08119154748085577
1200054,AC,2,0.0,0.4616608677137802,0.4616608677137802
1200104,AC,18,0.7777777777777778,0.4600117743070942,-0.31776600347068357
1200138,AC,9,0.2222222222222222,0.3262780220373874,0.10405579981516522
1200179,AC,10,0.4,0.42927195217612485,0.029271952176124827
1200203,AC,43,0.7209302325581395,0.48865398763803536,-0.23227624492010412
1200252,AC,16,0.8125,0.47545747848991976,-0.33704252151008024
1200302,AC,19,0.8421052631578947,0.578641674538597,-0.26346358861929764
1200328,AC,5,1.0,0.42948516038864276,-0.5705148396113573
1200336,AC,13,0.46153846153846156,0.44905794971237173,-0.012480511826089835
1200344,AC,7,0.8571428571428571,0.47781523568746387,-0.3793276214553932
1200351,AC,7,0.8571428571428571,0.5438422643425828,-0.31330059280027434
1200385,AC,15,0.6,0.4150541184721056,-0.18494588152789437
1200393,AC,10,0.4,0.49285903426635447,0.09285903426635445
1200401,AC,191,0.6910994764397905,0.5337154577945287,-0.15738401864526186
1200427,AC,7,0.7142857142857143,0.4514410183155172,-0.2628446959701971
1200435,AC,7,0.8571428571428571,0.41526749811870517,-0.4418753590241519
1200450,AC,10,0.7,0.39699147882494634,-0.3030085211750536
1200500,AC,22,0.8181818181818182,0.5971368362517929,-0.2210449819300253
1200609,AC,23,0.6956521739130435,0.4747310186895546,-0.22092115522348887
1200708,AC,11,0.36363636363636365,0.5068618426007071,0.14322547896434346
1200807,AC,8,0.5,0.40665843153488523,-0.09334156846511477
1300029,AM,7,0.5714285714285714,0.5004469506528267,-0.07098162077574466
1300060,AM,11,0.7272727272727273,0.6083366782009215,-0.11893604907180577
1300086,AM,2,1.0,0.4336280326906354,-0.5663719673093646
1300102,AM,6,0.8333333333333334,0.6512598089007433,-0.18207352443259006
1300144,AM,8,0.5,0.47918161067495557,-0.02081838932504443
1300201,AM,6,0.6666666666666666,0.5335534281551418,-0.1331132385115248
1300300,AM,18,0.6111111111111112,0.3280018570183909,-0.28310925409272025
1300409,AM,13,0.6153846153846154,0.46364724170198396,-0.15173737368263146
1300508,AM,22,0.36363636363636365,0.28311749893462285,-0.0805188647017408
1300607,AM,23,0.5217391304347826,0.4672448882449056,-0.054494242189876974
1300631,AM,11,0.8181818181818182,0.5349393347519958,-0.2832424834298224
1300680,AM,13,0.38461538461538464,0.31536978350239697,-0.06924560111298766
1300706,AM,19,0.5789473684210527,0.3979637072776206,-0.18098366114343206
1300805,AM,16,0.3125,0.2681102995817091,-0.04438970041829088
1300839,AM,8,0.5,0.3341354341608476,-0.16586456583915238
1300904,AM,10,0.7,0.5208953976135702,-0.17910460238642978
1301001,AM,12,0.5833333333333334,0.4396820826272352,-0.1436512507060982
1301100,AM,14,0.2857142857142857,0.3215343913214474,0.0358201056071617
1301159,AM,4,0.75,0.3247223106337889,-0.4252776893662111
1301209,AM,40,0.45,0.3479523642828065,-0.1020476357171935
1301308,AM,13,0.3076923076923077,0.43948617624164166,0.13179386854933395
1301407,AM,23,0.34782608695652173,0.3207607601666963,-0.027065326789825428
1301506,AM,5,0.6,0.5563262231100401,-0.04367377688995988
1301605,AM,19,0.631578947368421,0.39499717906135406,-0.23658176830706695
1301654,AM,8,0.375,0.45516982448943494,0.08016982448943494
1301704,AM,35,0.6,0.4743005876328577,-0.12569941236714227
1301803,AM,9,0.6666666666666666,0.5139328101889253,-0.1527338564777413
1301852,AM,29,0.41379310344827586,0.33432725518613726,-0.0794658482621386
1301902,AM,67,0.5223880597014925,0.4256315376867484,-0.0967565220147441
1301951,AM,7,0.8571428571428571,0.7015540580727199,-0.15558879907013723
1302009,AM,5,0.6,0.30979213856071935,-0.2902078614392806
1302108,AM,6,1.0,0.7807074084024931,-0.21929259159750691
1302207,AM,8,0.625,0.4983187948028039,-0.1266812051971961
1302306,AM,10,0.5,0.3680256886413998,-0.13197431135860022
1302405,AM,25,0.68,0.48867458118599105,-0.191325418814009
1302504,AM,65,0.5384615384615384,0.3917049055046423,-0.14675663295689612
1302553,AM,7,0.42857142857142855,0.26728268871659416,-0.16128873985483438
1302603,AM,1001,0.5614385614385614,0.4168360533137023,-0.14460250812485909
1302702,AM,27,0.6296296296296297,0.4464030975475669,-0.18322653208206274
1302801,AM,4,0.25,0.36206459735311514,0.11206459735311514
1302900,AM,32,0.53125,0.3978161124131638,-0.13343388758683622
1303007,AM,6,1.0,0.46747306308130665,-0.5325269369186933
1303106,AM,18,0.6111111111111112,0.39191051077179306,-0.2192006003393181
1303205,AM,12,0.5833333333333334,0.5523428687324398,-0.030990464600893608
1303304,AM,12,0.5,0.511607388734868,0.011607388734867996
1303403,AM,60,0.6166666666666667,0.5247833713264058,-0.09188329534026085
1303502,AM,8,0.625,0.4249339907405403,-0.20006600925945972
1303536,AM,25,0.48,0.33154024904396423,-0.14845975095603575
1303569,AM,19,0.42105263157894735,0.4325087982682967,0.011456166689349345
1303601,AM,12,0.6666666666666666,0.3462275554719422,-0.3204391111947244
1303700,AM,23,0.782608695652174,0.44426747329958277,-0.3383412223525912
1303809,AM,29,0.4827586206896552,0.29247090889995664,-0.19028771178969855
1303908,AM,26,0.5,0.38897945604741035,-0.11102054395258965
1303957,AM,6,0.8333333333333334,0.4297380804748589,-0.4035952528584745
1304005,AM,9,0.6666666666666666,0.41262818798429163,-0.254038478682375
1304062,AM,54,0.6666666666666666,0.37545560703074804,-0.2912110596359186
1304104,AM,10,0.7,0.6085049718476503,-0.09149502815234967
1304203,AM,57,0.5789473684210527,0.3817137422232912,-0.19723362619776147
1304237,AM,18,0.6111111111111112,0.3806150580746315,-0.2304960530364797
1304260,AM,12,0.6666666666666666,0.3376960021343319,-0.32897066453233476
1304302,AM,6,1.0,0.6684096754799852,-0.3315903245200148
1304401,AM,15,0.3333333333333333,0.39278531651616494,0.059451983182831625
1400027,RR,9,0.8888888888888888,0.42552814276947504,-0.4633607461194138
1400050,RR,9,0.6666666666666666,0.38499025147339283,-0.2816764151932738
1400100,RR,278,0.5863309352517986,0.45219111719386734,-0.13413981805793124
1400159,RR,13,0.38461538461538464,0.2755595249542631,-0.10905585966112152
1400175,RR,11,0.5454545454545454,0.32593062882087387,-0.21952391663367155
1400209,RR,22,0.45454545454545453,0.32281127393425224,-0.1317341806112023
1400233,RR,9,0.6666666666666666,0.30070372430343817,-0.36596294236322846
1400282,RR,7,0.42857142857142855,0.3991818766643038,-0.029389551907124722
1400308,RR,10,0.6,0.39062901693570673,-0.20937098306429325
1400407,RR,9,0.6666666666666666,0.4187041658507949,-0.24796250081587173
1400456,RR,9,0.5555555555555556,0.28835760026457896,-0.2671979552909766
1400472,RR,23,0.391304347826087,0.358831476573635,-0.03247287125245196
1400506,RR,1,1.0,0.3731018603758005,-0.6268981396241995
1400605,RR,10,0.8,0.4262496967902004,-0.37375030320979963
1400704,RR,3,0.6666666666666666,0.3364465896527647,-0.33022007701390194
1500107,PA,53,0.5283018867924528,0.3178611091876216,-0.2104407776048312
1500131,PA,5,0.8,0.5849461818586312,-0.2150538181413688
1500206,PA,23,0.43478260869565216,0.3771804328649505,-0.05760217583070165
1500305,PA,29,0.4827586206896552,0.3773736917709505,-0.10538492891870471
1500347,PA,13,0.6923076923076923,0.4571465259255457,-0.23516116638214657
1500404,PA,49,0.3469387755102041,0.3362994771544062,-0.010639298355797855
1500503,PA,12,0.5833333333333334,0.3472134632733918,-0.23611987005994156
1500602,PA,71,0.4647887323943662,0.3252775739534769,-0.1395111584408893
1500701,PA,10,0.3,0.2887950166267189,-0.011204983373281074
1500800,PA,177,0.615819209039548,0.45964894898769715,-0.15617026005185086
1500859,PA,20,0.4,0.3657906537333948,-0.03420934626660521
1500909,PA,24,0.5,0.419589675515511,-0.08041032448448898
1500958,PA,12,0.75,0.5215237131517774,-0.22847628684822263
1501006,PA,6,1.0,0.46195462145301697,-0.538045378546983
1501105,PA,13,0.6923076923076923,0.44863431621208166,-0.24367337609561063
1501204,PA,20,0.4,0.4090326554686322,0.00903265546863219
1501253,PA,2,0.0,0.5423944394343442,0.5423944394343442
1501303,PA,51,0.6666666666666666,0.32796436782353505,-0.3387022988431316
1501402,PA,371,0.6226415094339622,0.42040309852102115,-0.2022384109129411
1501451,PA,5,0.4,0.499903576327832,0.09990357632783198
1501501,PA,35,0.7428571428571429,0.5623112449565757,-0.1805458979005672
1501576,PA,6,0.8333333333333334,0.49047506736658936,-0.342858265966744
1501600,PA,2,1.0,0.47176707044882626,-0.5282329295511737
1501709,PA,64,0.609375,0.34488910360312836,-0.26448589639687164
1501725,PA,11,0.9090909090909091,0.7743614845937065,-0.1347294244972026
1501758,PA,2,1.0,0.6980169460137163,-0.30198305398628367
1501782,PA,21,0.5238095238095238,0.4416107367718912,-0.08219878703763261
1501808,PA,50,0.52,0.43849124264745803,-0.08150875735254198
1501907,PA,13,0.7692307692307693,0.432432961285922,-0.33679780794484726
1501956,PA,7,0.42857142857142855,0.46049366279846443,0.031922234227035884
1502004,PA,4,0.75,0.38913479218285363,-0.36086520781714637
1502103,PA,50,0.36,0.3055359955953911,-0.05446400440460891
1502152,PA,57,0.8421052631578947,0.5924562412664443,-0.24964902189145044
1502202,PA,24,0.8333333333333334,0.497757086996289,-0.33557624633704436
1502301,PA,18,0.6111111111111112,0.3843279838040969,-0.22678312730701428
1502400,PA,83,0.40963855421686746,0.3062521272835888,-0.10338642693327865
1502509,PA,8,0.5,0.42385973448906833,-0.07614026551093167
1502608,PA,3,0.3333333333333333,0.3884612306313286,0.055127897297995276
1502707,PA,17,0.6470588235294118,0.4464096209901237,-0.20064920253928809
1502756,PA,15,0.7333333333333333,0.5609530357483946,-0.17238029758493867
1502764,PA,9,0.6666666666666666,0.4638864202101497,-0.20278024645651693
1502772,PA,9,0.8888888888888888,0.6321035634489338,-0.256785325439955
1502806,PA,41,0.36585365853658536,0.2591011776001954,-0.10675248093638995
1502855,PA,5,0.4,0.38901318394319534,-0.010986816056804682
1502905,PA,13,0.5384615384615384,0.4466581329821181,-0.09180340547942034
1502939,PA,30,0.7333333333333333,0.6517124259335775,-0.0816209073997558
1502954,PA,13,0.5384615384615384,0.4250364686277855,-0.11342506983375295
1503002,PA,6,0.6666666666666666,0.5068980036144702,-0.1597686630521964
1503044,PA,9,0.6666666666666666,0.5865074714431955,-0.08015919522347115
1503077,PA,9,0.3333333333333333,0.38060489555273946,0.04727156221940615
1503093,PA,18,0.5555555555555556,0.4074689679023312,-0.14808658765322436
1503101,PA,31,0.5806451612903226,0.38804885633982145,-0.19259630495050117
1503200,PA,19,0.3684210526315789,0.33353377712436094,-0.034887275507217985
1503309,PA,29,0.4482758620689655,0.3579462818500339,-0.09032958021893162
1503408,PA,7,0.42857142857142855,0.40744190606708613,-0.021129522504342413
1503457,PA,20,0.55,0.3740805416316026,-0.17591945836839745
1503507,PA,4,0.75,0.3831595110250454,-0.3668404889749546
1503606,PA,69,0.7246376811594203,0.5067895414752565,-0.21784813968416383
1503705,PA,16,0.5625,0.37846875134321856,-0.18403124865678144
1503754,PA,8,0.625,0.31178710295668816,-0.31321289704331184
1503804,PA,18,0.4444444444444444,0.37346831609485404,-0.07097612834959038
1503903,PA,31,0.8064516129032258,0.5765474731089771,-0.22990413979424862
1504000,PA,12,0.4166666666666667,0.39741958286112816,-0.019247083805538523
1504059,PA,13,0.6923076923076923,0.4534086784346295,-0.23889901387306278
1504109,PA,1,1.0,0.512361779647297,-0.487638220352703
1504208,PA,132,0.5227272727272727,0.3852192940744307,-0.13750797865284203
1504307,PA,12,0.5833333333333334,0.4019192691347609,-0.18141406419857248
1504406,PA,9,0.6666666666666666,0.3600519051883855,-0.30661476147828115
1504422,PA,69,0.5797101449275363,0.4019823744674379,-0.17772777046009836
1504455,PA,9,0.7777777777777778,0.4039094130118171,-0.3738683647659607
1504505,PA,20,0.5,0.29987995583497246,-0.20012004416502754
1504604,PA,19,0.631578947368421,0.3644878904962087,-0.2670910568722123
1504703,PA,29,0.6551724137931034,0.3040492364227494,-0.35112317737035403
1504752,PA,6,0.8333333333333334,0.41416423995427526,-0.4191690933790581
1504802,PA,31,0.5483870967741935,0.4177350881025029,-0.13065200867169058
1504901,PA,17,0.5882352941176471,0.40570504178857886,-0.18253025232906822
1504950,PA,12,0.4166666666666667,0.4146082736814098,-0.002058392985256896
1504976,PA,6,0.8333333333333334,0.4456369856248518,-0.38769634770848155
1505007,PA,1,1.0,0.4748116798369358,-0.5251883201630643
1505031,PA,28,0.6428571428571429,0.5453610290720075,-0.09749611378513545
1505064,PA,22,0.45454545454545453,0.4261856920575008,-0.028359762487953744
1505106,PA,18,0.8888888888888888,0.48498291709402724,-0.4039059717948616
1505205,PA,17,0.4117647058823529,0.273475592204152,-0.1382891136782009
1505304,PA,39,0.358974358974359,0.2998557733748808,-0.05911858559947819
1505403,PA,3,0.3333333333333333,0.47566709540316077,0.14233376206982745
1505437,PA,20,0.6,0.48084235084797033,-0.11915764915202964
1505486,PA,22,0.6363636363636364,0.43345355718760153,-0.20291007917603482
1505494,PA,4,0.75,0.4486426707423227,-0.3013573292576773
1505502,PA,58,0.7068965517241379,0.5140672234484247,-0.1928293282757132
1505536,PA,144,0.5138888888888888,0.41412989684609053,-0.09975899204279831
1505551,PA,3,0.6666666666666666,0.5310682395573499,-0.1355984271093167
1505601,PA,1,1.0,0.6918586788269112,-0.3081413211730888
1505635,PA,10,1.0,0.5256163802466969,-0.4743836197533031
1505650,PA,4,0.75,0.48625456700080927,-0.26374543299919073
1505700,PA,12,0.6666666666666666,0.408718781490726,-0.25794788517594064
1505809,PA,39,0.5897435897435898,0.31208033676880753,-0.2776632529747822
1505908,PA,16,0.625,0.5691557982444538,-0.05584420175554616
1506005,PA,22,0.5909090909090909,0.3586043636903388,-0.23230472721875212
1506104,PA,7,0.8571428571428571,0.5075636323759444,-0.3495792247669127
1506112,PA,8,0.375,0.5071023046814794,0.13210230468147943
1506138,PA,51,0.5686274509803921,0.5038836659158964,-0.06474378506449574
1506161,PA,8,0.625,0.44743706783457976,-0.17756293216542024
1506187,PA,17,0.5294117647058824,0.6344083379729943,0.10499657326711198
1506195,PA,9,0.5555555555555556,0.4989626566326541,-0.05659289892290148
1506203,PA,23,0.5652173913043478,0.4420062888592416,-0.12321110244510619
1506302,PA,9,0.6666666666666666,0.4736296436467209,-0.19303702301994574
1506351,PA,12,0.4166666666666667,0.4406161385574925,0.023949471890825802
1506401,PA,4,0.75,0.40338653661602536,-0.34661346338397464
1506500,PA,39,0.5641025641025641,0.3638785856310231,-0.200223978471541
1506559,PA,11,0.9090909090909091,0.5495116185282269,-0.3595792905626821
1506583,PA,14,0.7857142857142857,0.4566875092740803,-0.3290267764402054
1506609,PA,8,0.5,0.4281994136413129,-0.07180058635868708
1506708,PA,29,0.7586206896551724,0.5320142614193687,-0.22660642823580368
1506807,PA,188,0.574468085106383,0.4068997894176565,-0.16756829568872655
1506906,PA,2,0.5,0.45483743420700556,-0.045162565792994436
1507003,PA,12,0.75,0.3711206372180662,-0.3788793627819338
1507102,PA,7,0.7142857142857143,0.5910252277585084,-0.12326048652720589
1507151,PA,11,0.6363636363636364,0.4071794183985155,-0.22918421796512084
1507201,PA,6,0.5,0.32760973331000864,-0.17239026668999136
1507300,PA,22,0.5,0.3381394531295394,-0.1618605468704606
1507409,PA,3,0.6666666666666666,0.43341586921571645,-0.23325079745095018
1507458,PA,13,0.46153846153846156,0.47152395873411557,0.009985497195654003
1507466,PA,1,0.0,0.38459577706040354,0.38459577706040354
1507474,PA,3,0.6666666666666666,0.3468988511436697,-0.31976781552299693
1507508,PA,7,0.7142857142857143,0.3510065103206544,-0.3632792039650599
1507607,PA,36,0.5277777777777778,0.4397690349890899,-0.08800874278868787
1507706,PA,19,0.47368421052631576,0.3699721434202342,-0.10371206710608155
1507755,PA,5,1.0,0.617270846916444,-0.38272915308355604
1507805,PA,14,0.7142857142857143,0.3884455944173934,-0.3258401198683209
1507904,PA,22,0.8636363636363636,0.5058845821948553,-0.3577517814415083
1507953,PA,37,0.5675675675675675,0.335421147448839,-0.23214642011872855
1507961,PA,3,0.3333333333333333,0.4093704552308028,0.07603712189746947
1507979,PA,10,0.9,0.549232385694784,-0.35076761430521597
1508001,PA,43,0.5813953488372093,0.4267904391533077,-0.15460490968390161
1508035,PA,10,1.0,0.5280211831931533,-0.4719788168068467
1508050,PA,11,0.8181818181818182,0.6104255667594445,-0.20775625142237375
1508084,PA,29,0.6896551724137931,0.49031839516289255,-0.1993367772509006
1508100,PA,48,0.625,0.41292383324090354,-0.21207616675909646
1508126,PA,15,0.6666666666666666,0.6678655819631099,0.001198915296443226
1508159,PA,19,0.5789473684210527,0.4981795625527693,-0.08076780586828336
1508209,PA,16,0.6875,0.5433931300319973,-0.1441068699680027
1508308,PA,25,0.24,0.3946742151952414,0.15467421519524138
1508357,PA,14,0.6428571428571429,0.6541147718888096,0.011257629031666716
1508407,PA,29,0.6206896551724138,0.4812243247027272,-0.13946533046968662
1600055,AP,1,1.0,0.5629484505827967,-0.43705154941720326
1600105,AP,6,0.5,0.3380754595572113,-0.1619245404427887
1600154,AP,7,0.8571428571428571,0.42381932556499147,-0.43332353157786563
1600204,AP,10,0.8,0.3496016392527365,-0.4503983607472635
1600212,AP,1,1.0,0.49089449160964777,-0.5091055083903522
1600238,AP,7,0.5714285714285714,0.7069359042470411,0.13550733281846972
1600253,AP,2,0.5,0.48444523388667105,-0.015554766113328955
1600279,AP,14,0.7857142857142857,0.5535713783252162,-0.2321429073890695
1600303,AP,266,0.5827067669172933,0.41352955243794226,-0.16917721447935102
1600402,AP,16,0.8125,0.4724506628813115,-0.3400493371186885
1600501,AP,15,0.26666666666666666,0.20071287006008673,-0.06595379660657993
1600535,AP,11,0.6363636363636364,0.6054262401641614,-0.030937396199474998
1600550,AP,4,0.25,0.4228004041310184,0.17280040413101838
1600600,AP,63,0.6666666666666666,0.49852846388862854,-0.1681382027780381
1600709,AP,13,0.6153846153846154,0.5488844213869165,-0.06650019399769891
1600808,AP,7,0.42857142857142855,0.37244400516266524,-0.05612742340876331
1700251,TO,3,1.0,0.7249456248940703,-0.27505437510592967
1700301,TO,9,0.2222222222222222,0.36332073542745286,0.14109851320523065
1700350,TO,2,1.0,0.6985216609673803,-0.30147833903261967
1700400,TO,7,0.5714285714285714,0.5200450927460508,-0.05138347868252058
1700707,TO,2,1.0,0.5655295989997072,-0.43447040100029277
1701002,TO,4,0.25,0.4719391771184518,0.2219391771184518
1701051,TO,1,1.0,0.5383484944088968,-0.46165150559110324
1701101,TO,6,0.3333333333333333,0.46731625602595095,0.13398292269261763
1701309,TO,5,0.6,0.4181152603157342,-0.18188473968426577
1701903,TO,2,1.0,0.47170661603319497,-0.528293383966805
1702000,TO,5,0.4,0.5024270343982955,0.10242703439829548
1702109,TO,89,0.6404494382022472,0.41120804508324243,-0.22924139311900477
1702158,TO,4,0.5,0.3991486563217539,-0.10085134367824611
1702208,TO,21,0.42857142857142855,0.45375007028875475,0.0251786417173262
1702307,TO,8,0.5,0.5678499428597935,0.06784994285979351
1702406,TO,1,1.0,0.5292545208046627,-0.47074547919533727
1702554,TO,8,0.5,0.6085916176072527,0.10859161760725267
1702901,TO,3,0.6666666666666666,0.4366398994698883,-0.23002676719677834
1703008,TO,1,1.0,0.3006229497213361,-0.6993770502786639
1703057,TO,3,0.3333333333333333,0.45241956015041,0.1190862268170767
1703073,TO,4,0.75,0.27508843452355125,-0.47491156547644875
1703107,TO,5,0.6,0.46464131372318473,-0.13535868627681524
1703305,TO,3,0.3333333333333333,0.33008779989322085,-0.003245533440112469
1703602,TO,4,0.25,0.5194503922490673,0.2694503922490673
1703800,TO,3,1.0,0.4723434911428111,-0.527656508857189
1703826,TO,1,1.0,0.5558205059668442,-0.4441794940331558
1703842,TO,7,0.7142857142857143,0.39010195015856136,-0.32418376412715294
1703867,TO,3,0.6666666666666666,0.5689082040736817,-0.09775846259298493
1703883,TO,1,0.0,0.36145157054664545,0.36145157054664545
1703891,TO,5,0.8,0.47866849164359576,-0.3213315083564043
1703909,TO,3,0.6666666666666666,0.39797894783694837,-0.26868771882971826
1704105,TO,3,0.6666666666666666,0.5103825009608683,-0.15628416570579828
1704600,TO,2,0.5,0.4650465803993058,-0.0349534196006942
1705508,TO,18,0.8888888888888888,0.48849004227418497,-0.4003988466147039
1705557,TO,2,0.5,0.6227985350349287,0.12279853503492866
1705607,TO,4,0.5,0.36642205773898134,-0.13357794226101866
1706001,TO,5,0.8,0.4571003994460293,-0.34289960055397073
1706100,TO,1,1.0,0.5197448012814632,-0.48025519871853684
1706258,TO,3,1.0,0.5020747527774074,-0.49792524722259257
1706506,TO,4,0.5,0.42698942241129767,-0.07301057758870233
1707009,TO,5,0.6,0.5183022540504514,-0.0816977459495486
1707108,TO,6,1.0,0.5656281040546816,-0.43437189594531844
1707207,TO,3,0.6666666666666666,0.5333451114228481,-0.1333215552438185
1707306,TO,2,0.5,0.5644300563354263,0.06443005633542631
1707405,TO,1,1.0,0.504525022871653,-0.495474977128347
1707553,TO,4,0.5,0.6448054494569568,0.14480544945695684
1707652,TO,2,1.0,0.6528075768390617,-0.34719242316093835
1707702,TO,4,0.0,0.2582019114958787,0.2582019114958787
1708205,TO,9,0.7777777777777778,0.4602063573603447,-0.3175714204174331
1708254,TO,1,0.0,0.577914359077289,0.577914359077289
1709005,TO,6,0.5,0.27472917823133797,-0.22527082176866203
1709302,TO,13,0.6153846153846154,0.38073977153627026,-0.23464484384834516
1709500,TO,38,0.631578947368421,0.4405363195603648,-0.1910426278080562
1710508,TO,2,1.0,0.5821562948479992,-0.41784370515200076
1710706,TO,3,0.3333333333333333,0.3471211705359025,0.013787837202569209
1710904,TO,2,1.0,0.5319659996789953,-0.46803400032100473
1711100,TO,4,1.0,0.44143829168833976,-0.5585617083116603
1711506,TO,3,0.6666666666666666,0.670879031573589,0.004212364906922339
1711803,TO,2,0.0,0.48300734796871087,0.48300734796871087
1711902,TO,11,0.5454545454545454,0.3891278787104823,-0.1563266667440631
1711951,TO,3,0.6666666666666666,0.3004334929701965,-0.3662331736964701
1712009,TO,5,0.4,0.4432135190281671,0.04321351902816706
1712157,TO,2,1.0,0.6949471284293971,-0.3050528715706029
1712405,TO,3,0.3333333333333333,0.40431376872646957,0.07098043539313625
1712454,TO,4,0.75,0.5491301751919172,-0.2008698248080828
1712504,TO,2,1.0,0.39922376875427285,-0.6007762312457272
1712702,TO,2,0.5,0.34885102544799285,-0.15114897455200715
1712801,TO,3,0.6666666666666666,0.3535124892749862,-0.31315417739168044
1713205,TO,8,0.625,0.4363643918612441,-0.1886356081387559
1713304,TO,6,0.8333333333333334,0.5004795986336245,-0.3328537346997089
1713601,TO,4,0.75,0.41433206393202343,-0.33566793606797657
1713700,TO,1,0.0,0.47050088829302283,0.47050088829302283
1713809,TO,3,0.3333333333333333,0.4600124743226039,0.12667914098927058
1713957,TO,2,0.5,0.4544509285880824,-0.04554907141191761
1714203,TO,3,0.6666666666666666,0.4691854636943554,-0.19748120297231125
1714302,TO,2,0.5,0.5700539227724747,0.07005392277247469
1714880,TO,7,0.2857142857142857,0.4065711285755093,0.12085684286122361
1715002,TO,1,1.0,0.5655983967432465,-0.4344016032567535
1715101,TO,2,0.5,0.4208432741882514,-0.0791567258117486
1715150,TO,2,1.0,0.6809684076418029,-0.3190315923581971
1715259,TO,2,0.0,0.6323291708865852,0.6323291708865852
1715507,TO,2,1.0,0.5497254255980549,-0.45027457440194507
1715705,TO,2,0.5,0.2626621587646738,-0.2373378412353262
1715754,TO,5,1.0,0.6537422898812889,-0.3462577101187111
1716109,TO,25,0.64,0.5728322454903694,-0.06716775450963064
1716208,TO,9,0.7777777777777778,0.5975850105929271,-0.18019276718485067
1716505,TO,8,0.875,0.47529364811944047,-0.39970635188055953
1716653,TO,1,1.0,0.5554201699548579,-0.4445798300451421
1716703,TO,2,0.5,0.5150479709498109,0.015047970949810918
1717008,TO,2,0.5,0.5339910385056409,0.03399103850564089
1717503,TO,2,0.5,0.4759983229586328,-0.024001677041367186
1717800,TO,3,1.0,0.4943924635208237,-0.5056075364791763
1717909,TO,9,0.4444444444444444,0.41640502923441847,-0.028039415210025953
1718006,TO,2,0.5,0.43035447496704454,-0.06964552503295546
1718204,TO,26,0.6538461538461539,0.4082507561294736,-0.24559539771668026
1718303,TO,3,0.3333333333333333,0.4361171101434596,0.10278377681012629
1718402,TO,2,0.5,0.6072071980702606,0.10720719807026058
1718451,TO,1,1.0,0.40931504097614174,-0.5906849590238583
1718501,TO,4,0.75,0.49423948593795475,-0.25576051406204525
1718550,TO,7,0.7142857142857143,0.5456308144600797,-0.16865489982563464
1718659,TO,1,0.0,0.2789449997230617,0.2789449997230617
1718709,TO,1,1.0,0.43577337288450474,-0.5642266271154952
1718758,TO,4,0.75,0.3649750329460653,-0.3850249670539347
1718808,TO,4,0.25,0.4661954522580482,0.2161954522580482
1718840,TO,3,1.0,0.5656302670768377,-0.4343697329231623
1718865,TO,3,0.0,0.3007550617415458,0.3007550617415458
1718881,TO,3,1.0,0.4750772514190659,-0.524922748580934
1718907,TO,3,1.0,0.4329590889780663,-0.5670409110219337
1719004,TO,4,0.75,0.42472450532454264,-0.32527549467545736
1720002,TO,1,1.0,0.6803227606543479,-0.31967723934565206
1720101,TO,2,0.0,0.4102883950973442,0.4102883950973442
1720200,TO,11,0.8181818181818182,0.35962741956025823,-0.45855439862156
1720499,TO,3,0.3333333333333333,0.5945060890095538,0.2611727556762205
1720655,TO,3,0.6666666666666666,0.3939160029911373,-0.2727506636755293
1720804,TO,5,0.8,0.46064338124534354,-0.3393566187546565
1720903,TO,11,0.8181818181818182,0.4572915276463778,-0.3608902905354404
1720937,TO,1,1.0,0.6261537594587252,-0.3738462405412748
1720978,TO,3,1.0,0.5460336680170398,-0.4539663319829602
1721000,TO,125,0.664,0.41523311196226875,-0.24876688803773128
1721109,TO,3,0.6666666666666666,0.4885134943953788,-0.17815317227128785
1721208,TO,12,0.5,0.34359861601070124,-0.15640138398929876
1721257,TO,1,1.0,0.5233370931045955,-0.47666290689540447
1721307,TO,1,1.0,0.4608156008188583,-0.5391843991811417
1722081,TO,5,0.4,0.48021268310959353,0.08021268310959351
1722107,TO,7,0.8571428571428571,0.3866089236016693,-0.4705339335411878
2100055,MA,54,0.7777777777777778,0.527933298132605,-0.24984447964517276
2100154,MA,5,0.6,0.5434011374393822,-0.056598862560617746
2100204,MA,5,0.6,0.545292314768639,-0.054707685231360936
2100303,MA,13,0.6923076923076923,0.48468325343009144,-0.20762443887760085
2100436,MA,11,0.7272727272727273,0.44092966400705635,-0.28634306326567094
2100477,MA,18,0.6666666666666666,0.5582962040797987,-0.10837046258686789
2100501,MA,6,0.8333333333333334,0.5041199679599633,-0.3292133653733701
2100550,MA,9,0.5555555555555556,0.4503349947832459,-0.10522056077230968
2100600,MA,19,0.5789473684210527,0.4487976203417991,-0.13014974807925356
2100709,MA,4,0.75,0.5300948285892241,-0.21990517141077592
2100808,MA,9,0.4444444444444444,0.3296999036956441,-0.1147445407488003
2100832,MA,10,0.1,0.4156411115983606,0.3156411115983606
2100873,MA,4,1.0,0.8371112621839955,-0.16288873781600455
2100907,MA,21,0.9047619047619048,0.6453727501408588,-0.25938915462104595
2100956,MA,6,1.0,0.5942384313401265,-0.40576156865987345
2101004,MA,11,0.9090909090909091,0.5621324788247054,-0.34695843026620365
2101103,MA,6,0.8333333333333334,0.7040545780497022,-0.1292787552836312
2101202,MA,32,0.84375,0.5259446888621334,-0.3178053111378666
2101251,MA,7,0.42857142857142855,0.46533435755313407,0.03676292898170552
2101301,MA,8,0.625,0.6531132754251613,0.028113275425161288
2101350,MA,1,1.0,0.7200942777946419,-0.27990572220535814
2101400,MA,45,0.5333333333333333,0.35982892618289763,-0.1735044071504357
2101509,MA,5,0.6,0.5175835023202947,-0.08241649767970527
2101608,MA,34,0.5882352941176471,0.4983834402369291,-0.08985185388071798
2101707,MA,33,0.8484848484848485,0.6042466205267013,-0.2442382279581472
2101731,MA,2,1.0,0.5735612599483394,-0.4264387400516606
2101772,MA,3,1.0,0.6296156969847071,-0.3703843030152929
2101806,MA,6,1.0,0.5428756546231613,-0.45712434537683866
2101905,MA,10,0.8,0.5599424569177114,-0.24005754308228866
2101939,MA,2,1.0,0.6860322631057278,-0.31396773689427215
2101970,MA,2,0.5,0.7297381467090541,0.22973814670905413
2102002,MA,17,1.0,0.7687983741775819,-0.2312016258224181
2102036,MA,19,0.9473684210526315,0.6460007241907348,-0.3013676968618967
2102077,MA,1,1.0,0.9256748329406304,-0.07432516705936965
2102101,MA,15,0.26666666666666666,0.5361670935731705,0.26950042690650383
2102150,MA,1,0.0,0.5542771263801005,0.5542771263801005
2102200,MA,25,0.76,0.6325926405693914,-0.12740735943060866
2102309,MA,10,0.6,0.504412724154212,-0.09558727584578797
2102325,MA,37,0.5675675675675675,0.3553937007515966,-0.21217386681597095
2102358,MA,4,0.5,0.4290737388956145,-0.07092626110438549
2102374,MA,7,0.42857142857142855,0.5005986691372711,0.07202724056584259
2102408,MA,6,0.8333333333333334,0.5343213438136214,-0.299011989519712
2102507,MA,2,0.5,0.45020489362724075,-0.049795106372759246
2102556,MA,10,0.9,0.6019029017225546,-0.29809709827744546
2102606,MA,15,1.0,0.6265528700399996,-0.3734471299600004
2102705,MA,5,0.6,0.6335488939843011,0.033548893984301165
2102754,MA,8,1.0,0.7739474619089352,-0.22605253809106485
2102804,MA,6,0.5,0.44080472086474626,-0.05919527913525374
2102903,MA,11,0.6363636363636364,0.5590295710571184,-0.07733406530651799
2103000,MA,71,0.6338028169014085,0.45400575410019717,-0.17979706280121133
2103109,MA,2,0.5,0.5368917602919512,0.03689176029195118
2103125,MA,3,1.0,0.8617198142281163,-0.13828018577188372
2103158,MA,7,1.0,0.7919467306455406,-0.20805326935445945
2103174,MA,8,1.0,0.4777969842906456,-0.5222030157093545
2103208,MA,32,0.75,0.5230709184520088,-0.22692908154799118
2103257,MA,9,0.8888888888888888,0.7174620329552943,-0.17142685593359452
2103307,MA,59,0.4915254237288136,0.46506096868808017,-0.026464455040733414
2103406,MA,21,1.0,0.752073698033338,-0.247926301966662
2103505,MA,14,0.7857142857142857,0.4344130727861372,-0.3513012129281485
2103554,MA,5,0.4,0.4426055887698574,0.04260558876985737
2103604,MA,22,0.36363636363636365,0.38796807192370153,0.024331708287337883
2103703,MA,17,0.6470588235294118,0.5192764103982227,-0.1277824131311891
2103752,MA,7,0.7142857142857143,0.664585267815267,-0.04970044647044736
2103802,MA,7,0.2857142857142857,0.4486649659802033,0.16295068026591758
2103901,MA,4,1.0,0.7150482652412775,-0.2849517347587225
2104008,MA,10,0.7,0.7169460071297075,0.016946007129707508
2104057,MA,22,0.6363636363636364,0.5582468227555764,-0.07811681360806
2104073,MA,5,0.8,0.6368051407979431,-0.1631948592020569
2104081,MA,3,1.0,0.5626839985616815,-0.4373160014383185
2104099,MA,15,0.9333333333333333,0.7105957935291257,-0.22273753980420763
2104107,MA,5,0.8,0.6465988658667837,-0.15340113413321632
2104206,MA,8,0.75,0.5893021071141845,-0.16069789288581549
2104305,MA,11,1.0,0.8372051467855353,-0.16279485321446474
2104404,MA,7,1.0,0.5248215806088181,-0.4751784193911819
2104503,MA,6,0.8333333333333334,0.7149125927085341,-0.11842074062479924
2104552,MA,9,0.5555555555555556,0.5419642145976196,-0.013591340957936016
2104602,MA,7,0.8571428571428571,0.5404023217930746,-0.3167405353497825
2104628,MA,4,1.0,0.8123357954958342,-0.18766420450416577
2104651,MA,5,0.8,0.6391068147073762,-0.16089318529262386
2104677,MA,13,0.6923076923076923,0.5446723372299083,-0.14763535507778403
2104701,MA,1,1.0,0.6086417990677863,-0.39135820093221374
2104800,MA,44,0.4318181818181818,0.4405078594473317,0.00868967762914985
2104909,MA,5,0.6,0.8035957692281486,0.2035957692281486
2105005,MA,22,0.7272727272727273,0.47351659264140983,-0.25375613463131746
2105104,MA,6,0.16666666666666666,0.5524755255286278,0.38580885886196115
2105153,MA,6,0.8333333333333334,0.7207736406320647,-0.11255969270126864
2105203,MA,4,1.0,0.8300023907382278,-0.1699976092617722
2105302,MA,120,0.6,0.4298515480417065,-0.17014845195829348
2105351,MA,5,1.0,0.7547515029265325,-0.24524849707346752
2105401,MA,31,0.7741935483870968,0.576727246572061,-0.19746630181503577
2105427,MA,14,0.7142857142857143,0.6453896801070222,-0.06889603417869206
2105450,MA,6,0.8333333333333334,0.5533806923309758,-0.2799526410023576
2105476,MA,8,0.875,0.5590335229488567,-0.31596647705114334
2105500,MA,6,0.6666666666666666,0.5016773394890822,-0.1649893271775844
2105609,MA,5,0.6,0.6685563177160669,0.06855631771606696
2105658,MA,5,1.0,0.7614367741247815,-0.2385632258752185
2105708,MA,15,1.0,0.6715342252028761,-0.3284657747971239
2105807,MA,4,0.75,0.8587801874389395,0.10878018743893947
2105906,MA,8,0.75,0.5439666808871602,-0.20603331911283984
2105922,MA,3,1.0,0.749399106045011,-0.25060089395498897
2105948,MA,6,1.0,0.7383564518718838,-0.2616435481281162
2105963,MA,6,1.0,0.8471373126750037,-0.1528626873249963
2105989,MA,4,0.5,0.6343992980574651,0.1343992980574651
2106003,MA,6,1.0,0.7593691414273914,-0.24063085857260857
2106102,MA,3,0.6666666666666666,0.5778138824765416,-0.08885278419012499
2106201,MA,10,0.8,0.6636323592600873,-0.1363676407399127
2106300,MA,7,0.7142857142857143,0.6920942263554958,-0.022191487930218523
2106326,MA,12,0.75,0.4509297119091862,-0.2990702880908138
2106359,MA,1,0.0,0.5396560056087897,0.5396560056087897
2106375,MA,7,0.8571428571428571,0.7444739169536552,-0.11266894018920193
2106409,MA,14,0.5714285714285714,0.6737166435522681,0.10228807212369673
2106508,MA,6,0.8333333333333334,0.441863563788958,-0.39146976954437535
2106607,MA,16,0.625,0.6443668000520679,0.019366800052067923
2106631,MA,4,0.75,0.49487420785553776,-0.25512579214446224
2106672,MA,3,1.0,0.7867784970069382,-0.21322150299306175
2106706,MA,4,0.5,0.4984960470472189,-0.0015039529527811069
2106755,MA,13,0.9230769230769231,0.4818509178716466,-0.44122600520527655
2106805,MA,4,0.5,0.5140233350065921,0.014023335006592141
2106904,MA,8,0.75,0.4910953020439541,-0.2589046979560459
2107001,MA,4,0.25,0.49061080894453624,0.24061080894453624
2107100,MA,10,0.9,0.5869575188412803,-0.3130424811587197
2107209,MA,10,0.8,0.44987223363522516,-0.3501277663647749
2107258,MA,1,1.0,0.7004561889071064,-0.29954381109289363
2107308,MA,2,1.0,0.6381823035036461,-0.36181769649635387
2107357,MA,7,0.7142857142857143,0.6572375677025823,-0.05704814658313195
2107407,MA,8,0.625,0.5922464123313705,-0.03275358766862946
2107456,MA,3,1.0,0.42552685406182333,-0.5744731459381767
2107506,MA,72,0.6111111111111112,0.42480073260233114,-0.18631037850878002
2107605,MA,6,0.5,0.5555887268590063,0.05558872685900629
2107704,MA,9,0.8888888888888888,0.5918090121317809,-0.2970798767571079
2107803,MA,13,0.7692307692307693,0.6898466721597925,-0.07938409707097682
2107902,MA,14,0.5,0.4271410803931887,-0.07285891960681129
2108009,MA,12,1.0,0.637200163835422,-0.362799836164578
2108058,MA,7,0.8571428571428571,0.6080126771999991,-0.24913017994285802
2108108,MA,19,0.9473684210526315,0.8372035852397246,-0.11016483581290692
2108207,MA,13,0.8461538461538461,0.6340924708716934,-0.21206137528215274
2108256,MA,10,0.7,0.4443105884096486,-0.25568941159035136
2108306,MA,11,0.5454545454545454,0.6177500200795709,0.0722954746250255
2108405,MA,3,1.0,0.6057245176102055,-0.3942754823897945
2108454,MA,11,0.8181818181818182,0.6434973787376475,-0.17468443944417078
2108504,MA,18,0.6111111111111112,0.3744556365378225,-0.23665547457328867
2108603,MA,28,0.6071428571428571,0.4582577500348144,-0.1488851071080427
2108702,MA,1,0.0,0.4539076731894761,0.4539076731894761
2108801,MA,6,1.0,0.5503339069964363,-0.44966609300356375
2108900,MA,5,0.8,0.6765729695798265,-0.12342703042017356
2109007,MA,9,0.8888888888888888,0.7270498680333267,-0.16183902085556212
2109056,MA,5,0.2,0.5055728231872272,0.30557282318722717
2109106,MA,18,0.6666666666666666,0.48721888573770905,-0.17944778092895758
2109205,MA,2,0.5,0.401258383898432,-0.09874161610156801
2109239,MA,2,1.0,0.6740689697417632,-0.3259310302582368
2109270,MA,12,0.5,0.43884711807742643,-0.061152881922573565
2109304,MA,2,1.0,0.495609176094087,-0.5043908239059129
2109403,MA,3,0.3333333333333333,0.6047200590210946,0.2713867256877613
2109452,MA,13,0.6153846153846154,0.3985953983750636,-0.21678921700955184
2109502,MA,6,0.5,0.4353810941475242,-0.06461890585247582
2109551,MA,3,1.0,0.5681304838847877,-0.4318695161152123
2109601,MA,13,0.6923076923076923,0.4688541257807571,-0.2234535665269352
2109700,MA,1,0.0,0.7057526796365099,0.7057526796365099
2109759,MA,2,0.5,0.41385829748782327,-0.08614170251217673
2109809,MA,10,0.7,0.6492729638542044,-0.050727036145795545
2109908,MA,27,0.6666666666666666,0.42357968228213355,-0.24308698438453308
2110005,MA,34,0.6470588235294118,0.5027532932131428,-0.14430553031626903
2110039,MA,12,1.0,0.8435976673559362,-0.15640233264406378
2110104,MA,9,0.8888888888888888,0.7998934909378619,-0.08899539795102696
2110203,MA,13,0.6923076923076923,0.49777997901230414,-0.19452771329538815
2110237,MA,3,0.3333333333333333,0.6227187398574441,0.28938540652411077
2110278,MA,4,0.5,0.3572845525100315,-0.1427154474899685
2110302,MA,4,0.75,0.5831665532019572,-0.1668334467980428
2110401,MA,5,1.0,0.41869785288382333,-0.5813021471161767
2110500,MA,14,0.9285714285714286,0.7955148038863634,-0.13305662468506518
2110609,MA,10,0.9,0.6587759794986724,-0.24122402050132763
2110658,MA,5,0.4,0.43154086782680573,0.03154086782680571
2110708,MA,11,0.7272727272727273,0.49116202875902365,-0.23611069851370364
2110856,MA,4,1.0,0.5248064243274675,-0.4751935756725325
2110906,MA,6,1.0,0.6982012596014212,-0.3017987403985788
2111003,MA,7,0.2857142857142857,0.5903735864446941,0.30465930073040837
2111029,MA,7,0.8571428571428571,0.5783461219516352,-0.27879673519122194
2111052,MA,8,0.625,0.45296507133724073,-0.17203492866275927
2111078,MA,9,0.5555555555555556,0.5345543647235278,-0.021001190832027783
2111102,MA,7,0.42857142857142855,0.5498138994110977,0.12124247083966916
2111201,MA,82,0.6951219512195121,0.4747137289964906,-0.22040822222302153
2111250,MA,3,0.6666666666666666,0.5770865054197121,-0.08958016124695456
2111300,MA,231,0.6536796536796536,0.4541653260422046,-0.19951432763744903
2111409,MA,3,0.3333333333333333,0.6763979951643849,0.3430646618310516
2111508,MA,14,0.7142857142857143,0.49557400096962334,-0.21871171331609096
2111532,MA,13,0.5384615384615384,0.5568139237044459,0.0183523852429075
2111573,MA,5,0.2,0.4483579214701664,0.2483579214701664
2111607,MA,8,0.875,0.7931244664691252,-0.08187553353087484
2111631,MA,3,1.0,0.5749610146715356,-0.4250389853284644
2111706,MA,5,1.0,0.5472526587898939,-0.45274734121010607
2111722,MA,2,1.0,0.8199936892908145,-0.1800063107091855
2111748,MA,3,1.0,0.8733252007515367,-0.12667479924846325
2111763,MA,5,0.8,0.6177422081112555,-0.18225779188874458
2111789,MA,7,0.42857142857142855,0.4605712580659192,0.03199982949449065
2111805,MA,6,0.6666666666666666,0.44324715784441165,-0.22341950882225498
2111904,MA,4,1.0,0.5733060310859164,-0.4266939689140836
2111953,MA,3,0.6666666666666666,0.7385379026429216,0.071871235976255
2112001,MA,2,1.0,0.5100844157137236,-0.48991558428627635
2112100,MA,18,0.7222222222222222,0.5653975919258166,-0.1568246302964056
2112209,MA,74,0.7567567567567568,0.6495566028355981,-0.10720015392115867
2112233,MA,21,0.9523809523809523,0.8313482067556137,-0.12103274562533861
2112274,MA,4,0.5,0.3786085271276521,-0.12139147287234792
2112308,MA,13,0.6153846153846154,0.5218745896627597,-0.09351002572185574
2112407,MA,14,0.7857142857142857,0.6472373198475003,-0.13847696586678537
2112456,MA,6,0.5,0.4963472104720754,-0.0036527895279245826
2112506,MA,24,0.8333333333333334,0.5622299590077235,-0.2711033743256098
2112605,MA,17,0.8235294117647058,0.4642107575567406,-0.3593186542079652
2112704,MA,24,0.9583333333333334,0.9023318286245224,-0.056001504708810934
2112803,MA,17,0.7058823529411765,0.4419454388462255,-0.263936914094951
2112852,MA,7,1.0,0.7338081016356529,-0.2661918983643471
2112902,MA,8,0.625,0.4968842644771818,-0.12811573552281819
2113009,MA,18,0.6111111111111112,0.5618727727585839,-0.04923833835252722
2114007,MA,20,0.7,0.6515490378883808,-0.048450962111619145
2200103,PI,6,0.8333333333333334,0.7135887048544989,-0.11974462847883449
2200202,PI,9,1.0,0.8740528612877988,-0.1259471387122012
2200251,PI,2,1.0,0.6198246175479882,-0.38017538245201177
2200301,PI,3,1.0,0.7845849679351086,-0.21541503206489143
2200400,PI,12,0.9166666666666666,0.73924140965454,-0.17742525701212664
2200509,PI,8,0.625,0.5801872270907363,-0.044812772909263665
2200608,PI,4,1.0,0.8718376476205592,-0.12816235237944085
2200707,PI,1,1.0,0.547635441526408,-0.452364558473592
2200905,PI,1,0.0,0.5406023192985504,0.5406023192985504
2200954,PI,1,0.0,0.6410107355785537,0.6410107355785537
2201051,PI,4,1.0,0.811003562999875,-0.18899643700012503
2201101,PI,2,1.0,0.5791518033184238,-0.42084819668157625
2201150,PI,6,0.8333333333333334,0.8218311963530686,-0.01150213698026481
2201176,PI,4,1.0,0.8254347650811275,-0.17456523491887255
2201200,PI,31,0.7741935483870968,0.5330262201214961,-0.2411673282656006
2201309,PI,1,0.0,0.5555411682055705,0.5555411682055705
2201408,PI,1,1.0,0.499206145227902,-0.500793854772098
2201507,PI,8,0.875,0.6021283584597932,-0.2728716415402068
2201556,PI,1,1.0,0.8488302910473323,-0.15116970895266768
2201572,PI,1,1.0,0.9124664986053652,-0.08753350139463478
2201606,PI,6,0.6666666666666666,0.7957297968001947,0.1290631301335281
2201705,PI,4,0.75,0.589908784219617,-0.160091215780383
2201739,PI,3,0.3333333333333333,0.7846621150812797,0.4513287817479464
2201770,PI,6,0.5,0.6495731848947394,0.14957318489473936
2201903,PI,3,1.0,0.9535333249915533,-0.0464666750084467
2201919,PI,4,0.5,0.6897268022059976,0.18972680220599758
2201929,PI,1,1.0,0.548075626572226,-0.45192437342777403
2201960,PI,2,1.0,0.6555019282506022,-0.34449807174939784
2201988,PI,2,1.0,0.8464846855267631,-0.15351531447323685
2202000,PI,8,0.625,0.7221600955467861,0.09716009554678606
2202026,PI,5,1.0,0.8637499147048482,-0.1362500852951518
2202059,PI,2,1.0,0.6824607356964283,-0.3175392643035717
2202083,PI,3,1.0,0.7433891733054719,-0.25661082669452806
2202091,PI,1,1.0,0.9191284695586748,-0.08087153044132522
2202109,PI,2,0.0,0.7067669019359607,0.7067669019359607
2202117,PI,2,0.0,0.5056602577811444,0.5056602577811444
2202133,PI,2,1.0,0.8956829383344099,-0.10431706166559007
2202174,PI,4,0.5,0.6096316219904235,0.10963162199042353
2202208,PI,23,0.8260869565217391,0.5507953379476609,-0.27529161857407825
2202251,PI,1,1.0,0.8210378279453272,-0.1789621720546728
2202307,PI,9,0.4444444444444444,0.39143463207629914,-0.05300981236814528
2202406,PI,3,0.0,0.5393006481674428,0.5393006481674428
2202455,PI,2,1.0,0.7782867081866334,-0.22171329181336663
2202505,PI,9,0.6666666666666666,0.4356732506726411,-0.2309934159940255
2202554,PI,1,1.0,0.57211591759522,-0.42788408240478004
2202604,PI,9,0.8888888888888888,0.7181234049620497,-0.1707654839268391
2202653,PI,2,1.0,0.5581361840394122,-0.44186381596058777
2202703,PI,10,1.0,0.8377723488301191,-0.16222765116988092
2202711,PI,1,1.0,0.7058444578046524,-0.29415554219534756
2202729,PI,2,1.0,0.8123636983617792,-0.18763630163822076
2202737,PI,5,0.8,0.7210056893126162,-0.07899431068738383
2202752,PI,2,1.0,0.8171646939776428,-0.1828353060223572
2202778,PI,6,0.8333333333333334,0.6608696077094296,-0.17246372562390377
2202802,PI,7,0.5714285714285714,0.6629329031880452,0.09150433175947381
2202851,PI,1,1.0,0.7803751771473206,-0.21962482285267937
2202901,PI,9,0.3333333333333333,0.4119402877468285,0.07860695441349519
2203008,PI,5,1.0,0.7289275113227819,-0.2710724886772181
2203107,PI,1,1.0,0.8169557311109925,-0.1830442688890075
2203206,PI,5,1.0,0.7944491997856385,-0.20555080021436145
2203230,PI,2,1.0,0.8422864915818172,-0.15771350841818277
2203255,PI,4,0.75,0.47812866302012685,-0.27187133697987315
2203271,PI,2,1.0,0.6211267355450584,-0.3788732644549416
2203354,PI,5,0.6,0.450875016898803,-0.14912498310119698
2203404,PI,2,1.0,0.7118582820024504,-0.2881417179975496
2203420,PI,1,1.0,0.8285914387819577,-0.17140856121804227
2203453,PI,5,1.0,0.7504722336784226,-0.24952776632157736
2203503,PI,3,0.6666666666666666,0.5716682810042871,-0.0949983856623795
2203602,PI,2,0.5,0.6967862055270697,0.1967862055270697
2203701,PI,18,0.7222222222222222,0.7091366839792432,-0.013085538242978978
2203750,PI,7,0.5714285714285714,0.6167113815636089,0.04528281013503754
2203800,PI,2,1.0,0.5252797660578775,-0.4747202339421225
2203859,PI,1,1.0,0.7881087985391005,-0.21189120146089946
2203909,PI,20,0.85,0.5910839774693731,-0.25891602253062684
2204006,PI,2,1.0,0.8102663043924478,-0.18973369560755216
2204105,PI,3,1.0,0.4632509196954652,-0.5367490803045347
2204154,PI,2,1.0,0.8219527461094884,-0.17804725389051157
2204204,PI,2,1.0,0.5215597306441333,-0.4784402693558667
2204303,PI,4,1.0,0.9243412986634467,-0.07565870133655328
2204352,PI,5,0.6,0.6867605777649219,0.08676057776492196
2204402,PI,3,0.6666666666666666,0.3837631886378022,-0.28290347802886445
2204501,PI,5,0.6,0.6086945371140168,0.008694537114016798
2204550,PI,5,1.0,0.6135943032969624,-0.3864056967030376
2204600,PI,6,1.0,0.8000497190319447,-0.19995028096805534
2204659,PI,3,1.0,0.5300714603637039,-0.4699285396362961
2204709,PI,5,0.6,0.7069287423765246,0.10692874237652461
2204808,PI,8,1.0,0.9084910782601735,-0.0915089217398265
2204907,PI,5,0.8,0.5291065835626891,-0.2708934164373109
2205003,PI,6,0.8333333333333334,0.8168538151012613,-0.016479518232072055
2205102,PI,1,1.0,0.704291933388577,-0.295708066611423
2205151,PI,3,1.0,0.8319473002105423,-0.1680526997894577
2205201,PI,9,0.7777777777777778,0.5556706030393896,-0.22210717473838815
2205276,PI,3,0.3333333333333333,0.7949336305269732,0.4616002971936399
2205300,PI,1,1.0,0.5642800828700291,-0.43571991712997094
2205359,PI,2,1.0,0.8348793680107032,-0.16512063198929683
2205409,PI,9,0.6666666666666666,0.7623133766163522,0.0956467099496856
2205458,PI,3,0.6666666666666666,0.5696381145887415,-0.09702855207792516
2205508,PI,17,0.7647058823529411,0.5442892704157052,-0.22041661193723594
2205516,PI,3,1.0,0.7794238595071133,-0.22057614049288665
2205524,PI,1,1.0,0.7945249756546213,-0.20547502434537868
2205532,PI,2,1.0,0.8498364718688464,-0.15016352813115363
2205540,PI,1,1.0,0.813933701057209,-0.18606629894279103
2205557,PI,6,1.0,0.7055589223584352,-0.2944410776415648
2205565,PI,1,1.0,0.6911268355374066,-0.3088731644625934
2205573,PI,3,1.0,0.6484955694859758,-0.35150443051402425
2205581,PI,1,0.0,0.4846720405442689,0.4846720405442689
2205599,PI,3,0.6666666666666666,0.6893287708342811,0.022662104167614494
2205607,PI,3,1.0,0.843513340075522,-0.15648665992447797
2205706,PI,6,0.8333333333333334,0.423134547530921,-0.41019878580241237
2205805,PI,9,0.6666666666666666,0.6521621586103301,-0.014504508056336518
2205854,PI,9,0.8888888888888888,0.6968712318856854,-0.1920176570032034
2205904,PI,4,1.0,0.8506216581239421,-0.14937834187605792
2205953,PI,5,0.8,0.7831481994627738,-0.016851800537226236
2206001,PI,4,1.0,0.6663138323355365,-0.33368616766446346
2206050,PI,1,1.0,0.750468899332397,-0.24953110066760298
2206100,PI,2,1.0,0.5141301904183028,-0.48586980958169723
2206209,PI,17,0.5294117647058824,0.4361309152297705,-0.09328084947611187
2206407,PI,5,0.6,0.5130517597843182,-0.08694824021568182
2206506,PI,3,0.6666666666666666,0.8115899839959776,0.14492331732931096
2206605,PI,8,0.75,0.508091500824406,-0.24190849917559398
2206670,PI,1,1.0,0.579943748174554,-0.42005625182544604
2206696,PI,1,1.0,0.7427905427102718,-0.2572094572897282
2206704,PI,1,1.0,0.609924238451802,-0.390075761548198
2206753,PI,2,1.0,0.7216401436401915,-0.27835985635980853
2206803,PI,6,0.8333333333333334,0.5544540401463608,-0.2788792931869726
2206951,PI,2,1.0,0.7965838801798598,-0.20341611982014018
2207009,PI,12,1.0,0.7675640146275597,-0.23243598537244026
2207207,PI,4,1.0,0.8903949911973237,-0.10960500880267632
2207306,PI,1,0.0,0.6350783032793317,0.6350783032793317
2207405,PI,2,1.0,0.7704929458492826,-0.22950705415071737
2207504,PI,6,0.5,0.46406320784523486,-0.03593679215476514
2207553,PI,1,1.0,0.6326468378003773,-0.36735316219962266
2207603,PI,3,0.0,0.475145122796289,0.475145122796289
2207702,PI,58,0.4482758620689655,0.33570751772694984,-0.11256834434201568
2207751,PI,1,1.0,0.6599783169305371,-0.3400216830694629
2207793,PI,1,1.0,0.703964738664258,-0.296035261335742
2207801,PI,6,0.8333333333333334,0.5382696697865907,-0.2950636635467426
2207850,PI,2,1.0,0.8049830721753629,-0.1950169278246371
2207900,PI,19,0.6842105263157895,0.5474147657822787,-0.13679576053351084
2207959,PI,2,1.0,0.6701632215890484,-0.3298367784109516
2208007,PI,19,0.5263157894736842,0.5198292943994433,-0.006486495074240928
2208106,PI,1,1.0,0.714906654357564,-0.28509334564243605
2208205,PI,11,0.6363636363636364,0.48802893091801247,-0.14833470544562388
2208304,PI,18,0.7222222222222222,0.7045727379455426,-0.01764948427667956
2208403,PI,36,0.6944444444444444,0.6091044595636154,-0.08533998488082906
2208502,PI,12,0.75,0.462337032389756,-0.287662967610244
2208601,PI,1,1.0,0.5462153968615654,-0.4537846031384346
2208650,PI,4,1.0,0.7526516841942262,-0.24734831580577377
2208700,PI,5,1.0,0.8476718179609172,-0.15232818203908283
2208809,PI,6,0.6666666666666666,0.3909073632944355,-0.27575930337223115
2208858,PI,9,1.0,0.8509715447989851,-0.14902845520101493
2208874,PI,1,1.0,0.7011316036042777,-0.29886839639572227
2208908,PI,2,1.0,0.7311281305034695,-0.2688718694965305
2209104,PI,4,0.5,0.9220939408115368,0.42209394081153684
2209153,PI,3,1.0,0.7178936334562668,-0.2821063665437332
2209302,PI,4,0.75,0.7355975223126034,-0.014402477687396553
2209351,PI,5,0.8,0.6942620420390051,-0.10573795796099494
2209377,PI,3,1.0,0.7493900160451302,-0.2506099839548698
2209450,PI,1,1.0,0.8177526031363925,-0.18224739686360747
2209500,PI,1,1.0,0.7811254343345425,-0.2188745656654575
2209559,PI,1,1.0,0.7322062308817426,-0.26779376911825736
2209658,PI,2,0.5,0.4897178992415629,-0.010282100758437107
2209708,PI,1,1.0,0.7327357624609002,-0.2672642375390998
2209757,PI,3,0.6666666666666666,0.7432141571684364,0.07654749050176979
2209807,PI,3,0.6666666666666666,0.7125801880160557,0.045913521349389086
2209856,PI,2,1.0,0.8662827093102907,-0.13371729068970928
2209872,PI,1,0.0,0.5296257491005325,0.5296257491005325
2209906,PI,7,0.8571428571428571,0.8191978135630548,-0.03794504357980233
2209955,PI,2,1.0,0.836530014122237,-0.16346998587776296
2209971,PI,4,1.0,0.8602774607959954,-0.13972253920400457
2210003,PI,16,0.6875,0.6845975059475646,-0.002902494052435367
2210052,PI,1,1.0,0.8528379897681586,-0.1471620102318414
2210102,PI,1,1.0,0.7685403955882155,-0.23145960441178448
2210300,PI,2,0.5,0.8319024623028949,0.3319024623028949
2210383,PI,2,0.5,0.5486333247410795,0.04863332474107951
2210391,PI,2,1.0,0.7449892640522087,-0.25501073594779133
2210409,PI,3,1.0,0.5817216968412745,-0.4182783031587255
2210508,PI,8,0.875,0.7213297424428308,-0.15367025755716923
2210607,PI,16,0.75,0.5981151925731877,-0.15188480742681232
2210623,PI,4,0.5,0.34107870590656936,-0.15892129409343064
2210631,PI,2,1.0,0.7841415051532715,-0.21585849484672848
2210656,PI,4,1.0,0.7078412231471175,-0.2921587768528825
2210706,PI,8,1.0,0.7765976633205989,-0.22340233667940113
2210805,PI,7,0.8571428571428571,0.645745276307854,-0.21139758083500304
2210904,PI,4,1.0,0.5933858384383478,-0.4066141615616522
2210938,PI,4,0.75,0.5819281768877533,-0.16807182311224667
2210953,PI,2,0.5,0.7247360965115749,0.2247360965115749
2210979,PI,2,1.0,0.7035036101623952,-0.29649638983760485
2211001,PI,298,0.8053691275167785,0.6611802927318076,-0.1441888347849709
2211100,PI,29,0.7241379310344828,0.5401176701186764,-0.18402026091580637
2211209,PI,19,0.631578947368421,0.38005404541550214,-0.2515249019529189
2211308,PI,4,0.75,0.5393178662651952,-0.21068213373480482
2211357,PI,2,1.0,0.45589849885908884,-0.5441015011409112
2211407,PI,2,0.5,0.7761529850286599,0.2761529850286599
2211506,PI,3,1.0,0.7167026232809728,-0.2832973767190272
2211605,PI,1,1.0,0.8547804292095291,-0.14521957079047088
2211704,PI,1,1.0,0.7423096408221675,-0.25769035917783245
2300101,CE,6,0.6666666666666666,0.8436040103409196,0.17693734367425296
2300150,CE,7,0.8571428571428571,0.6870904627156776,-0.17005239442717945
2300200,CE,37,1.0,0.9493238212141145,-0.050676178785885484
2300309,CE,10,0.7,0.41812641176207777,-0.2818735882379222
2300408,CE,5,0.6,0.6877149367479877,0.08771493674798769
2300507,CE,5,1.0,0.9323055594047253,-0.06769444059527474
2300606,CE,6,1.0,0.90521617923897,-0.09478382076102998
2300705,CE,5,1.0,0.932884554458272,-0.06711544554172799
2300754,CE,18,0.5555555555555556,0.7807689032693412,0.22521334771378565
2300804,CE,4,1.0,0.8866297311958936,-0.11337026880410639
2300903,CE,4,0.75,0.696064606821487,-0.053935393178513036
2301000,CE,41,0.8292682926829268,0.6788242802733164,-0.15044401240961036
2301109,CE,31,0.967741935483871,0.8230555442525274,-0.14468639123134364
2301208,CE,20,0.85,0.7794191180827503,-0.07058088191724965
2301257,CE,5,1.0,0.954195560931949,-0.045804439068050984
2301307,CE,20,0.65,0.6236140418963704,-0.026385958103629648
2301406,CE,1,0.0,0.7018645531347414,0.7018645531347414
2301505,CE,5,0.6,0.7338824085473363,0.13388240854733635
2301604,CE,16,1.0,0.944489322537132,-0.055510677462867974
2301703,CE,10,0.8,0.593783925527572,-0.20621607447242807
2301802,CE,3,1.0,0.8550125589708273,-0.14498744102917271
2301851,CE,11,0.7272727272727273,0.6478182017819036,-0.07945452549082366
2301901,CE,31,0.8387096774193549,0.7160594011368564,-0.12265027628249847
2301950,CE,11,0.9090909090909091,0.8137203379742458,-0.09537057111666325
2302008,CE,7,0.7142857142857143,0.583424910262163,-0.13086080402355127
2302057,CE,7,1.0,0.9448049341402347,-0.0551950658597653
2302107,CE,13,0.9230769230769231,0.7642581905568634,-0.15881873252005974
2302206,CE,32,0.875,0.7148575821106834,-0.1601424178893166
2302305,CE,18,0.9444444444444444,0.9176793870189619,-0.02676505742548252
2302404,CE,26,0.9230769230769231,0.8268772839892653,-0.09619963908765783
2302503,CE,23,0.9130434782608695,0.8729932716739938,-0.04005020658687575
2302602,CE,36,0.9722222222222222,0.9135320098240342,-0.05869021239818806
2302701,CE,10,0.7,0.5994835401563641,-0.10051645984363589
2302800,CE,44,0.9545454545454546,0.9195431160585595,-0.035002338486895046
2302909,CE,7,0.8571428571428571,0.7322382477965726,-0.12490460934628445
2303006,CE,7,0.8571428571428571,0.9401779000785072,0.08303504293565012
2303105,CE,8,1.0,0.9643852778254032,-0.035614722174596825
2303204,CE,8,0.625,0.6159958849921199,-0.00900411500788012
2303303,CE,11,0.9090909090909091,0.9090092591796761,-8.164991123293941e-05
2303402,CE,3,1.0,0.7987869204974328,-0.20121307950256717
2303501,CE,31,0.5806451612903226,0.6590645312949303,0.07841937000460764
2303600,CE,4,1.0,0.6784067819034704,-0.32159321809652963
2303659,CE,3,1.0,0.9591879255772088,-0.04081207442279122
2303709,CE,141,0.5815602836879432,0.43909583992893103,-0.14246444375901218
2303808,CE,7,1.0,0.9493603858580839,-0.05063961414191609
2303907,CE,9,0.8888888888888888,0.8056095922828863,-0.08327929660600253
2303931,CE,12,1.0,0.8711815325631229,-0.12881846743687708
2303956,CE,8,0.875,0.9343877217944767,0.05938772179447671
2304004,CE,4,1.0,0.965070692944049,-0.03492930705595099
2304103,CE,21,0.9047619047619048,0.9364589066824683,0.03169700192056357
2304202,CE,59,0.864406779661017,0.8300322992711546,-0.03437448038986235
2304236,CE,6,0.6666666666666666,0.9457885294933724,0.2791218628267058
2304251,CE,13,1.0,0.9676452977770619,-0.032354702222938125
2304269,CE,6,1.0,0.9317036484466232,-0.06829635155337677
2304277,CE,3,0.3333333333333333,0.9176037223803499,0.5842703890470167
2304285,CE,35,0.9714285714285714,0.9078586114870043,-0.06356995994156711
2304301,CE,11,1.0,0.9228602033207857,-0.07713979667921433
2304350,CE,4,1.0,0.9699310299348157,-0.030068970065184275
2304400,CE,696,0.7169540229885057,0.5794623208083335,-0.13749170218017226
2304459,CE,8,0.75,0.8456962274845541,0.09569622748455409
2304509,CE,10,1.0,0.9682314878223179,-0.03176851217768206
2304608,CE,4,1.0,0.930137476695274,-0.06986252330472598
2304657,CE,9,1.0,0.9259359940187917,-0.07406400598120833
2304707,CE,24,1.0,0.9471231045104038,-0.052876895489596176
2304905,CE,2,1.0,0.9097277322410895,-0.09027226775891051
2304954,CE,14,0.7142857142857143,0.6455053242896508,-0.0687803899960635
2305001,CE,22,1.0,0.9564494384889589,-0.043550561511041086
2305100,CE,5,1.0,0.8548467330265666,-0.14515326697343345
2305209,CE,11,1.0,0.9542495864823248,-0.04575041351767517
2305233,CE,39,0.9743589743589743,0.9331119603715811,-0.04124701398739328
2305266,CE,8,0.75,0.606140195599725,-0.14385980440027502
2305308,CE,17,0.8823529411764706,0.9277249487796015,0.04537200760313098
2305332,CE,8,1.0,0.9430033173351867,-0.05699668266481328
2305357,CE,11,0.6363636363636364,0.6310696046962412,-0.0052940316673951715
2305407,CE,22,0.5,0.42216255128890556,-0.07783744871109444
2305506,CE,33,0.7272727272727273,0.49590283623627507,-0.23136989103645222
2305605,CE,5,1.0,0.9629331044081006,-0.03706689559189935
2305654,CE,9,1.0,0.9355113265265869,-0.06448867347341314
2305704,CE,6,0.6666666666666666,0.8560460815408725,0.18937941487420584
2305803,CE,21,0.8571428571428571,0.8100775587593672,-0.04706529838348994
2305902,CE,24,1.0,0.9406296063522307,-0.059370393647769304
2306009,CE,9,0.7777777777777778,0.8224375928245451,0.044659815046767304
2306108,CE,17,1.0,0.9223124097999807,-0.07768759020001925
2306207,CE,2,1.0,0.9310652979880375,-0.0689347020119625
2306256,CE,31,0.8064516129032258,0.6502527409957173,-0.15619887190750847
2306306,CE,21,0.9523809523809523,0.8632725831299973,-0.089108369250955
2306405,CE,50,0.86,0.774218049967756,-0.08578195003224398
2306504,CE,7,0.42857142857142855,0.7266530014296176,0.2980815728581891
2306553,CE,21,0.8571428571428571,0.828724209311523,-0.028418647831334076
2306603,CE,11,1.0,0.9667573458750599,-0.033242654124940096
2306702,CE,9,1.0,0.8382444470120622,-0.16175555298793776
2306801,CE,8,0.875,0.866230607413745,-0.008769392586254976
2306900,CE,18,0.8888888888888888,0.8131064628347171,-0.07578242605417174
2307007,CE,17,0.8235294117647058,0.741962681159604,-0.08156673060510189
2307106,CE,13,0.6153846153846154,0.6301190578538404,0.014734442469224951
2307205,CE,4,1.0,0.7057789519104666,-0.2942210480895334
2307254,CE,26,1.0,0.9672973829689706,-0.03270261703102939
2307304,CE,92,0.5869565217391305,0.3895484836846232,-0.1974080380545073
2307403,CE,16,0.875,0.7909359100116358,-0.08406408998836423
2307502,CE,13,0.5384615384615384,0.6072173486997291,0.06875581023819066
2307601,CE,33,0.8181818181818182,0.7536409551434609,-0.06454086303835738
2307635,CE,8,1.0,0.8980298766171602,-0.10197012338283984
2307650,CE,138,0.8478260869565217,0.6990690016698051,-0.1487570852867166
2307700,CE,49,0.7959183673469388,0.6181132657080902,-0.17780510163884855
2307809,CE,16,0.9375,0.9291584414855524,-0.008341558514447622
2307908,CE,10,1.0,0.9585177823173622,-0.04148221768263782
2308005,CE,26,0.9615384615384616,0.9405948602552898,-0.020943601283171742
2308104,CE,29,0.8275862068965517,0.6142302774715575,-0.21335592942499426
2308203,CE,12,1.0,0.9624130927656429,-0.03758690723435709
2308302,CE,6,0.6666666666666666,0.634397927496647,-0.0322687391700196
2308351,CE,9,1.0,0.9619247967339489,-0.03807520326605107
2308377,CE,6,0.8333333333333334,0.8325858329840065,-0.0007475003493269128
2308401,CE,11,0.7272727272727273,0.6486194277596053,-0.07865329951312194
2308500,CE,18,0.9444444444444444,0.9236067252271618,-0.020837719217282613
2308609,CE,10,1.0,0.9278662674691297,-0.0721337325308703
2308708,CE,27,0.5555555555555556,0.5477904975951716,-0.007765057960383959
2308807,CE,4,1.0,0.8950591547913477,-0.10494084520865232
2308906,CE,11,1.0,0.9378581546508452,-0.06214184534915479
2309102,CE,6,1.0,0.8330648480899868,-0.16693515191001318
2309201,CE,11,1.0,0.9682988929716788,-0.031701107028321185
2309300,CE,7,0.8571428571428571,0.9448746749425921,0.08773181779973505
2309409,CE,9,1.0,0.9619666225775776,-0.03803337742242241
2309458,CE,14,0.8571428571428571,0.6881846357693142,-0.16895822137354288
2309508,CE,6,1.0,0.8841097788377136,-0.11589022116228642
2309607,CE,29,0.896551724137931,0.8022704085531499,-0.09428131558478114
2309706,CE,31,0.6774193548387096,0.635359886151536,-0.042059468687173585
2309805,CE,8,1.0,0.8327170538223121,-0.1672829461776879
2309904,CE,4,1.0,0.6065615965518185,-0.3934384034481815
2310001,CE,1,1.0,0.7229760610295805,-0.27702393897041955
2310100,CE,3,0.6666666666666666,0.9348440393153795,0.2681773726487129
2310209,CE,27,0.9629629629629629,0.9232901079258974,-0.039672855037065524
2310258,CE,25,0.96,0.9134006820327341,-0.04659931796726591
2310308,CE,11,0.7272727272727273,0.8055062542441193,0.07823352697139196
2310407,CE,6,1.0,0.9247496319969972,-0.07525036800300278
2310506,CE,16,1.0,0.9615395763927077,-0.03846042360729229
2310605,CE,8,0.5,0.6004961827122083,0.10049618271220828
2310704,CE,12,0.8333333333333334,0.8056493723859338,-0.027683960947399555
2310803,CE,17,0.9411764705882353,0.8826088509182684,-0.05856761966996693
2310852,CE,8,1.0,0.8512819240197227,-0.1487180759802773
2310902,CE,4,1.0,0.9642715711202203,-0.03572842887977967
2310951,CE,7,1.0,0.9364381775397254,-0.06356182246027464
2311009,CE,8,1.0,0.9431766090153582,-0.05682339098464184
2311108,CE,4,1.0,0.8425082982283565,-0.1574917017716435
2311207,CE,6,1.0,0.8400893340715822,-0.15991066592841785
2311231,CE,1,1.0,0.9396199330376329,-0.060380066962367085
2311264,CE,9,0.7777777777777778,0.9215049349587281,0.1437271571809503
2311306,CE,34,0.8529411764705882,0.815856728624337,-0.0370844478462512
2311355,CE,9,0.8888888888888888,0.7326390185055122,-0.15624987038337668
2311405,CE,36,0.9722222222222222,0.9601733781376566,-0.012048844084565635
2311504,CE,4,1.0,0.7812253261380218,-0.21877467386197824
2311603,CE,12,0.9166666666666666,0.7338253611900457,-0.18284130547662092
2311702,CE,5,1.0,0.9590962967870063,-0.04090370321299375
2311801,CE,26,0.9230769230769231,0.9138598748528423,-0.00921704822408087
2311900,CE,13,0.8461538461538461,0.664746270410933,-0.1814075757429131
2311959,CE,10,0.7,0.9394394697063652,0.2394394697063652
2312007,CE,17,1.0,0.9623014167540263,-0.03769858324597375
2312106,CE,11,0.8181818181818182,0.888140278452317,0.06995846027049879
2312205,CE,19,1.0,0.9010247181391507,-0.09897528186084925
2312304,CE,23,0.9565217391304348,0.8835701051381454,-0.07295163399228943
2312403,CE,31,0.8709677419354839,0.8352906316976346,-0.03567711023784925
2312502,CE,3,1.0,0.8529298177276784,-0.1470701822723216
2312601,CE,2,1.0,0.6354720736591326,-0.3645279263408674
2312700,CE,9,1.0,0.968253634777359,-0.03174636522264096
2312809,CE,10,1.0,0.9454299630351969,-0.054570036964803115
2312908,CE,113,0.9557522123893806,0.9325162604245433,-0.023235951964837298
2313005,CE,5,1.0,0.9437807411864844,-0.05621925881351564
2313104,CE,8,1.0,0.7139105509286442,-0.2860894490713558
2313203,CE,12,0.9166666666666666,0.938141978410807,0.021475311744140413
2313252,CE,3,1.0,0.8923035067505487,-0.1076964932494513
2313302,CE,17,0.7058823529411765,0.8228418497078485,0.11695949676667194
2313351,CE,11,0.7272727272727273,0.6730562698954685,-0.054216457377258775
2313401,CE,41,0.926829268292683,0.80464569320178,-0.12218357509090294
2313500,CE,37,0.9459459459459459,0.8789338666055442,-0.06701207934040176
2313559,CE,10,1.0,0.8454159562768855,-0.15458404372311452
2313609,CE,19,0.9473684210526315,0.9050666405608312,-0.042301780491800334
2313708,CE,5,1.0,0.8459514044317281,-0.15404859556827188
2313757,CE,9,0.8888888888888888,0.7776910659495768,-0.11119782293931202
2313807,CE,11,0.8181818181818182,0.6566564543923707,-0.16152536378944748
2313906,CE,12,0.9166666666666666,0.912703018904376,-0.003963647762290634
2313955,CE,8,1.0,0.9646539042748595,-0.03534609572514047
2314003,CE,13,0.9230769230769231,0.8471814388736753,-0.07589548420324788
2314102,CE,36,0.9166666666666666,0.7962197990116925,-0.12044686765497414
2400109,RN,1,0.0,0.37429844054765715,0.37429844054765715
2400208,RN,17,0.5882352941176471,0.3565205706625162,-0.2317147234551309
2400307,RN,3,0.3333333333333333,0.36545823449109466,0.03212490115776134
2400505,RN,8,0.625,0.400162984852851,-0.224837015147149
2400604,RN,2,0.5,0.30656548777576736,-0.19343451222423264
2400703,RN,6,0.8333333333333334,0.520914478182665,-0.31241885515066836
2400802,RN,7,0.5714285714285714,0.4364404688627495,-0.1349881025658219
2400901,RN,2,0.0,0.35353838276336824,0.35353838276336824
2401008,RN,12,0.5,0.4506142979690877,-0.049385702030912304
2401107,RN,8,0.75,0.3746419905195057,-0.3753580094804943
2401206,RN,6,0.5,0.29845143881266933,-0.20154856118733067
2401305,RN,3,0.0,0.3684205950507415,0.3684205950507415
2401404,RN,3,0.3333333333333333,0.31065331806757934,-0.022680015265753972
2401453,RN,7,0.5714285714285714,0.3693669537044867,-0.2020616177240847
2401503,RN,1,1.0,0.6303673394204427,-0.36963266057955735
2401602,RN,5,0.8,0.2476506412333499,-0.5523493587666501
2401651,RN,2,0.5,0.6698873240748905,0.1698873240748905
2401701,RN,3,0.6666666666666666,0.333960214928102,-0.3327064517385646
2401800,RN,6,0.6666666666666666,0.44409334393168937,-0.22257332273497726
2401859,RN,3,0.3333333333333333,0.32696662320952025,-0.0063667101238130686
2401909,RN,1,0.0,0.3422368261670142,0.3422368261670142
2402006,RN,16,0.875,0.3806601699527525,-0.4943398300472475
2402105,RN,2,0.5,0.3897049138684526,-0.11029508613154743
2402204,RN,14,0.7857142857142857,0.305979825942374,-0.4797344597719117
2402303,RN,8,0.5,0.38378880159511386,-0.11621119840488614
2402402,RN,4,0.75,0.49808144583986447,-0.25191855416013553
2402501,RN,6,0.6666666666666666,0.40433093725345676,-0.2623357294132099
2402600,RN,25,0.36,0.2606791777413047,-0.09932082225869526
2402709,RN,7,0.5714285714285714,0.38963453846461843,-0.18179403296395297
2402808,RN,3,0.3333333333333333,0.32519185013870505,-0.008141483194628263
2402907,RN,1,1.0,0.5495797967138516,-0.4504202032861484
2403004,RN,2,1.0,0.4717157412788877,-0.5282842587211123
2403103,RN,15,0.5333333333333333,0.4203423958580999,-0.11299093747523342
2403202,RN,1,1.0,0.5446541113522688,-0.4553458886477312
2403251,RN,58,0.39655172413793105,0.2839511456996651,-0.11260057843826593
2403301,RN,4,0.75,0.4805456349231795,-0.2694543650768205
2403400,RN,2,0.5,0.32946483449616837,-0.17053516550383163
2403509,RN,4,0.0,0.40386208503747845,0.40386208503747845
2403608,RN,33,0.48484848484848486,0.29603622609534663,-0.18881225875313823
2403707,RN,3,1.0,0.5162179973276523,-0.4837820026723477
2403756,RN,3,0.6666666666666666,0.4116433839523646,-0.255023282714302
2403806,RN,2,1.0,0.41768339336857685,-0.5823166066314232
2403905,RN,5,0.4,0.5808905597815281,0.18089055978152813
2404002,RN,1,0.0,0.47787452494961963,0.47787452494961963
2404101,RN,1,1.0,0.5985532118071991,-0.4014467881928009
2404200,RN,22,0.5,0.3111340144729331,-0.1888659855270669
2404309,RN,1,1.0,0.45408988668116307,-0.5459101133188369
2404408,RN,3,0.6666666666666666,0.5154316307828207,-0.1512350358838459
2404507,RN,4,0.25,0.32529846725476413,0.07529846725476413
2404606,RN,6,0.8333333333333334,0.38629643987559037,-0.447036893457743
2404705,RN,6,0.16666666666666666,0.3249652829869007,0.15829861632023404
2404804,RN,2,0.5,0.5645544694149142,0.06455446941491416
2404853,RN,2,1.0,0.3721686414516106,-0.6278313585483895
2404903,RN,1,1.0,0.4167567521216585,-0.5832432478783415
2405009,RN,5,0.6,0.3945219850827119,-0.20547801491728807
2405108,RN,5,0.2,0.35099112196410126,0.15099112196410125
2405207,RN,3,0.6666666666666666,0.3495184270854364,-0.31714823958123023
2405306,RN,1,0.0,0.43357788425849525,0.43357788425849525
2405405,RN,2,0.0,0.30343210240754914,0.30343210240754914
2405504,RN,2,0.0,0.3110688000050744,0.3110688000050744
2405603,RN,2,0.5,0.44639042015335484,-0.05360957984664516
2405702,RN,3,0.6666666666666666,0.4279701448656417,-0.2386965218010249
2405801,RN,10,0.5,0.2715189838882138,-0.22848101611178617
2406007,RN,3,0.3333333333333333,0.46462288187781264,0.13128954854447933
2406106,RN,3,0.3333333333333333,0.4146805991027289,0.0813472657693956
2406205,RN,4,0.5,0.25592254923322344,-0.24407745076677656
2406304,RN,1,0.0,0.350016015462163,0.350016015462163
2406403,RN,1,0.0,0.38864317021605815,0.38864317021605815
2406502,RN,7,0.7142857142857143,0.3048292381491475,-0.4094564761365668
2406601,RN,6,0.6666666666666666,0.4319185527151525,-0.23474811395151413
2406700,RN,6,0.3333333333333333,0.29704515412374255,-0.036288179209590765
2406809,RN,4,0.5,0.4057089328248089,-0.09429106717519109
2406908,RN,1,1.0,0.4431096998943102,-0.5568903001056897
2407005,RN,8,0.75,0.29895799047198385,-0.45104200952801615
2407104,RN,23,0.4782608695652174,0.28595678979913225,-0.19230407976608516
2407203,RN,5,0.6,0.2970765750237591,-0.30292342497624086
2407252,RN,2,0.5,0.4633372055871367,-0.0366627944128633
2407302,RN,3,0.6666666666666666,0.38063392428085857,-0.28603274238580806
2407401,RN,4,0.5,0.528229203978934,0.028229203978934025
2407500,RN,4,0.25,0.34295743785986665,0.09295743785986665
2407609,RN,3,0.3333333333333333,0.30959051927582837,-0.023742814057504946
2407708,RN,7,0.7142857142857143,0.3952764491801683,-0.319009265105546
2407807,RN,3,0.6666666666666666,0.43097997495835677,-0.23568669170830986
2407906,RN,2,1.0,0.3336205830622098,-0.6663794169377901
2408003,RN,62,0.46774193548387094,0.38374407652922515,-0.08399785895464579
2408102,RN,173,0.3815028901734104,0.2717234586888404,-0.10977943148456998
2408201,RN,8,0.875,0.5155906273331257,-0.35940937266687434
2408300,RN,9,0.1111111111111111,0.29715082623835287,0.18603971512724177
2408409,RN,4,0.25,0.3530488854859926,0.10304888548599261
2408508,RN,2,1.0,0.5404225792704564,-0.45957742072954355
2408706,RN,1,0.0,0.2767603264896452,0.2767603264896452
2408805,RN,4,0.5,0.28386416404882664,-0.21613583595117336
2408904,RN,6,0.6666666666666666,0.5388188846172591,-0.1278477820494075
2408953,RN,6,0.5,0.3238109468312426,-0.17618905316875738
2409100,RN,2,0.5,0.3129226796399565,-0.1870773203600435
2409209,RN,1,0.0,0.5561149928956756,0.5561149928956756
2409308,RN,3,0.3333333333333333,0.3500656750105699,0.016732341677236584
2409332,RN,2,0.0,0.3306792851935199,0.3306792851935199
2409407,RN,9,0.5555555555555556,0.3680687667740235,-0.18748678878153208
2409506,RN,2,0.5,0.3774620650192314,-0.12253793498076859
2409605,RN,2,1.0,0.37468102116203494,-0.6253189788379651
2409704,RN,1,0.0,0.26214619946234247,0.26214619946234247
2409803,RN,6,0.3333333333333333,0.3020699708657995,-0.031263362467533806
2409902,RN,2,1.0,0.3412841776998245,-0.6587158223001754
2410108,RN,8,0.125,0.2730030608929762,0.1480030608929762
2410207,RN,3,0.6666666666666666,0.46398932999246695,-0.20267733667419968
2410256,RN,2,0.5,0.4553859137778058,-0.044614086222194205
2410306,RN,5,0.4,0.32482191515680375,-0.07517808484319627
2410405,RN,1,0.0,0.34401826092640725,0.34401826092640725
2410504,RN,3,0.3333333333333333,0.4385871432033787,0.1052538098700454
2410603,RN,1,1.0,0.5618272750415478,-0.43817272495845216
2410702,RN,1,1.0,0.36846454259608635,-0.6315354574039136
2410900,RN,3,0.3333333333333333,0.33681499850248064,0.00348166516914733
2411007,RN,4,0.5,0.3921260428151575,-0.1078739571848425
2411056,RN,1,0.0,0.42613633851930355,0.42613633851930355
2411106,RN,1,0.0,0.49709330276052877,0.49709330276052877
2411205,RN,15,0.26666666666666666,0.2902171580992825,0.02355049143261584
2411403,RN,4,0.5,0.40486913257409474,-0.09513086742590526
2411502,RN,4,0.5,0.40044352200748135,-0.09955647799251865
2411700,RN,2,0.5,0.3845422606702954,-0.1154577393297046
2411809,RN,3,0.3333333333333333,0.44449948695754243,0.11116615362420912
2412005,RN,29,0.3103448275862069,0.27538820898133315,-0.03495661860487376
2412104,RN,5,1.0,0.5316298508626179,-0.46837014913738206
2412203,RN,25,0.52,0.30113784502572793,-0.21886215497427208
2412302,RN,1,0.0,0.3597435928565608,0.3597435928565608
2412401,RN,1,0.0,0.46870005123582886,0.46870005123582886
2412500,RN,9,0.7777777777777778,0.4112440279809185,-0.36653374979685927
2412559,RN,5,0.6,0.281608598338441,-0.318391401661559
2412609,RN,13,0.3076923076923077,0.34762390354342804,0.03993159585112033
2412708,RN,2,0.0,0.3593300626655054,0.3593300626655054
2412807,RN,1,0.0,0.35824650782545653,0.35824650782545653
2412906,RN,3,0.3333333333333333,0.32190233607702934,-0.011430997256303976
2413003,RN,1,1.0,0.597818147018592,-0.40218185298140796
2413102,RN,4,0.75,0.36744394212835296,-0.38255605787164704
2413201,RN,2,1.0,0.3079971606200432,-0.6920028393799569
2413300,RN,1,1.0,0.44547630410642924,-0.5545236958935708
2413359,RN,7,0.2857142857142857,0.2896142228423099,0.0038999371280242223
2413409,RN,1,1.0,0.3819560056473342,-0.6180439943526659
2413508,RN,1,1.0,0.5259568211885708,-0.4740431788114292
2413557,RN,4,0.25,0.5110958213740837,0.2610958213740837
2413607,RN,1,1.0,0.49688573361151545,-0.5031142663884846
2413706,RN,1,1.0,0.5315206912991793,-0.46847930870082066
2413805,RN,3,1.0,0.6141493141093902,-0.3858506858906098
2413904,RN,2,1.0,0.3651312889026574,-0.6348687110973426
2414001,RN,5,0.4,0.3542010297482561,-0.0457989702517439
2414100,RN,2,1.0,0.45816821437470867,-0.5418317856252913
2414159,RN,5,0.0,0.40103906653009486,0.40103906653009486
2414209,RN,13,0.6153846153846154,0.3573797342798031,-0.25800488110481234
2414308,RN,2,1.0,0.40654976632699924,-0.5934502336730008
2414407,RN,7,0.42857142857142855,0.3400137321265339,-0.08855769644489464
2414456,RN,1,0.0,0.33683519853307287,0.33683519853307287
2414506,RN,2,1.0,0.5317001914732379,-0.4682998085267621
2414605,RN,5,0.6,0.29827756952951173,-0.30172243047048825
2414704,RN,1,0.0,0.3307031532240933,0.3307031532240933
2414803,RN,5,0.6,0.43353931860757566,-0.16646068139242431
2500205,PB,1,1.0,0.7307605232902985,-0.2692394767097015
2500304,PB,8,0.5,0.45363341657615375,-0.04636658342384625
2500403,PB,7,0.8571428571428571,0.7890028631495011,-0.06813999399335602
2500502,PB,6,0.6666666666666666,0.6325373915721788,-0.03412927509448782
2500536,PB,3,0.6666666666666666,0.5055761513244029,-0.1610905153422637
2500577,PB,1,1.0,0.6017280510214121,-0.39827194897858786
2500601,PB,9,0.6666666666666666,0.47105808402714733,-0.1956085826395193
2500700,PB,9,0.8888888888888888,0.6429852631084959,-0.24590362578039293
2500734,PB,1,1.0,0.7230111473866964,-0.27698885261330364
2500775,PB,2,1.0,0.6151257178017822,-0.38487428219821784
2500809,PB,4,0.5,0.4761060355746016,-0.023893964425398373
2501005,PB,10,0.6,0.5171952628776676,-0.08280473712233238
2501104,PB,7,0.8571428571428571,0.8560280778414343,-0.0011147793014227858
2501153,PB,2,1.0,0.4167419987377838,-0.5832580012622162
2501203,PB,5,1.0,0.7041912037194459,-0.2958087962805541
2501302,PB,10,0.9,0.5775626280141537,-0.3224373719858463
2501351,PB,5,0.8,0.8019555847874207,0.001955584787420639
2501401,PB,7,0.42857142857142855,0.43606615879165955,0.007494730220231005
2501500,PB,5,0.8,0.6342906567187261,-0.16570934328127396
2501534,PB,2,0.5,0.7726462204001373,0.2726462204001373
2501575,PB,2,0.0,0.504034286634079,0.504034286634079
2501609,PB,6,0.6666666666666666,0.5706463630988499,-0.09602030356781677
2501708,PB,6,1.0,0.764208460322905,-0.23579153967709499
2501807,PB,22,0.5454545454545454,0.35249084379237655,-0.19296370166216886
2501906,PB,1,1.0,0.450258225463869,-0.549741774536131
2502003,PB,3,0.6666666666666666,0.4975220984094297,-0.16914456825723695
2502102,PB,2,1.0,0.539312656159674,-0.46068734384032595
2502151,PB,4,1.0,0.6779293605020308,-0.3220706394979692
2502201,PB,4,1.0,0.6541208198657795,-0.3458791801342205
2502300,PB,1,1.0,0.6887336372034798,-0.3112663627965202
2502409,PB,4,0.75,0.5808386680823081,-0.1691613319176919
2502508,PB,4,0.75,0.47267233691137106,-0.27732766308862894
2502607,PB,3,0.3333333333333333,0.5315676416850553,0.198234308351722
2502706,PB,4,0.5,0.501530233942527,0.0015302339425270484
2502805,PB,3,0.6666666666666666,0.5148645313842257,-0.1518021352824409
2502904,PB,3,0.3333333333333333,0.5180993974884307,0.1847660641550974
2503001,PB,6,0.8333333333333334,0.44378178198896495,-0.3895515513443684
2503100,PB,1,1.0,0.8268112920757141,-0.17318870792428587
2503209,PB,36,0.8055555555555556,0.5368410203948247,-0.26871453516073085
2503308,PB,3,1.0,0.522549445260245,-0.47745055473975495
2503407,PB,1,1.0,0.7168419636183226,-0.28315803638167736
2503506,PB,8,0.75,0.5901993203442789,-0.1598006796557211
2503555,PB,3,0.0,0.532458329197895,0.532458329197895
2503605,PB,2,0.0,0.59340429636166,0.59340429636166
2503704,PB,23,0.782608695652174,0.4855113385833101,-0.29709735706886387
2503753,PB,1,1.0,0.7392373462704138,-0.2607626537295862
2503803,PB,2,1.0,0.5486452933439668,-0.45135470665603317
2503902,PB,2,1.0,0.5789346228939924,-0.42106537710600755
2504009,PB,142,0.7323943661971831,0.4885405133157947,-0.24385385288138844
2504033,PB,1,1.0,0.6410690813284995,-0.3589309186715005
2504074,PB,1,1.0,0.8134540604862374,-0.18654593951376264
2504108,PB,3,1.0,0.7911506843395589,-0.20884931566044107
2504157,PB,1,1.0,0.6146642802711613,-0.38533571972883873
2504207,PB,2,0.5,0.6216967728447639,0.12169677284476388
2504306,PB,11,0.09090909090909091,0.5021434580815455,0.41123436717245454
2504355,PB,3,0.3333333333333333,0.6323392501928097,0.29900591685947636
2504405,PB,11,0.9090909090909091,0.8155296139102439,-0.09356129518066514
2504504,PB,1,1.0,0.6167198658450842,-0.3832801341549158
2504603,PB,22,0.9090909090909091,0.7238735723439361,-0.18521733674697294
2504702,PB,2,0.5,0.526399000974568,0.026399000974568043
2504801,PB,6,0.8333333333333334,0.5490415327255095,-0.2842918006078239
2504900,PB,4,0.75,0.4368699622878591,-0.3131300377121409
2505006,PB,3,1.0,0.8076000070961095,-0.19239999290389054
2505105,PB,9,0.7777777777777778,0.6634219363599937,-0.1143558414177841
2505238,PB,4,0.75,0.3322880871198788,-0.4177119128801212
2505279,PB,4,1.0,0.6337649522711086,-0.36623504772889137
2505352,PB,2,1.0,0.5847635469452386,-0.4152364530547614
2505402,PB,3,1.0,0.5761874640369943,-0.4238125359630057
2505600,PB,2,0.5,0.5731017166714315,0.0731017166714315
2505709,PB,5,1.0,0.8086446913994237,-0.19135530860057626
2505808,PB,1,1.0,0.6274241795058229,-0.37257582049417715
2505907,PB,3,1.0,0.6517602342591613,-0.3482397657408387
2506004,PB,9,1.0,0.7142285751983231,-0.28577142480167694
2506202,PB,2,1.0,0.6020165215209167,-0.39798347847908333
2506251,PB,5,0.8,0.7339243531774183,-0.06607564682258171
2506301,PB,12,0.75,0.5687285516185403,-0.1812714483814597
2506400,PB,5,0.8,0.5037285639062509,-0.2962714360937492
2506509,PB,1,1.0,0.842741047534028,-0.157258952465972
2506608,PB,1,1.0,0.5747000099134728,-0.4252999900865272
2506707,PB,6,0.6666666666666666,0.4429217292987939,-0.2237449373678727
2506806,PB,8,0.625,0.47464270060829855,-0.15035729939170145
2506905,PB,4,0.5,0.4510398069859355,-0.04896019301406451
2507002,PB,7,0.8571428571428571,0.4992593469018744,-0.3578835102409827
2507101,PB,7,0.7142857142857143,0.6694764929548611,-0.04480922133085319
2507200,PB,3,0.0,0.3890505888566402,0.3890505888566402
2507309,PB,3,0.6666666666666666,0.4810611207722442,-0.1856055458944224
2507408,PB,2,0.5,0.42109071840652634,-0.07890928159347366
2507507,PB,259,0.5791505791505791,0.4764626734347377,-0.10268790571584141
2507606,PB,5,1.0,0.47998708897229303,-0.520012911027707
2507705,PB,10,0.9,0.513743419268772,-0.38625658073122804
2507804,PB,6,0.5,0.6801945689882708,0.1801945689882708
2507903,PB,3,0.0,0.45966102937374925,0.45966102937374925
2508000,PB,3,1.0,0.6043268678973827,-0.39567313210261734
2508109,PB,2,1.0,0.5982176411033795,-0.4017823588966205
2508208,PB,6,0.6666666666666666,0.546675358320368,-0.11999130834629868
2508307,PB,12,0.75,0.6021068048965724,-0.14789319510342758
2508406,PB,1,0.0,0.48370459403974553,0.48370459403974553
2508505,PB,6,1.0,0.6227797644193166,-0.3772202355806834
2508554,PB,3,1.0,0.8053274669317555,-0.1946725330682445
2508604,PB,7,0.2857142857142857,0.4782003397094606,0.19248605399517488
2508802,PB,3,0.6666666666666666,0.6391559549322328,-0.027510711734433868
2508901,PB,26,0.8846153846153846,0.5887915819528078,-0.2958238026625768
2509008,PB,3,1.0,0.6365684485209407,-0.36343155147905926
2509057,PB,6,0.8333333333333334,0.29264148024053777,-0.5406918530927955
2509107,PB,12,0.5,0.5061513841057785,0.0061513841057785346
2509156,PB,2,1.0,0.9235403476308723,-0.07645965236912766
2509206,PB,2,0.5,0.497134026074905,-0.0028659739250950222
2509305,PB,8,0.5,0.5493713085499813,0.049371308549981285
2509370,PB,2,0.5,0.449848913151616,-0.050151086848383986
2509396,PB,8,0.875,0.6510474600435818,-0.22395253995641817
2509404,PB,9,0.6666666666666666,0.5444710323920867,-0.12219563427457991
2509503,PB,2,1.0,0.6630913437354805,-0.3369086562645195
2509602,PB,1,1.0,0.7770308971245864,-0.2229691028754136
2509701,PB,17,0.8235294117647058,0.6610284555050739,-0.1625009562596319
2509800,PB,1,1.0,0.6038332614430193,-0.3961667385569807
2509909,PB,6,0.8333333333333334,0.5761983877676492,-0.25713494556568417
2510006,PB,4,0.75,0.48973918105601083,-0.26026081894398917
2510105,PB,6,0.5,0.6736013419399781,0.17360134193997812
2510204,PB,2,0.5,0.44745950884334224,-0.052540491156657765
2510303,PB,1,1.0,0.8004347306804965,-0.19956526931950347
2510402,PB,1,1.0,0.6697468150826542,-0.3302531849173458
2510501,PB,1,1.0,0.6558924241201056,-0.3441075758798944
2510709,PB,3,1.0,0.7095313478116726,-0.2904686521883274
2510808,PB,38,0.8947368421052632,0.6113263017626971,-0.2834105403425661
2510907,PB,9,0.3333333333333333,0.5131075877045378,0.17977425437120448
2511004,PB,3,0.6666666666666666,0.7735368299957367,0.10687016332907007
2511103,PB,2,1.0,0.7303789661041965,-0.2696210338958035
2511202,PB,12,0.3333333333333333,0.4632148897512382,0.1298815564179049
2511301,PB,2,0.5,0.42789217612393565,-0.07210782387606435
2511400,PB,14,0.6428571428571429,0.5161231385455769,-0.126734004311566
2511509,PB,3,1.0,0.46895540869423114,-0.5310445913057689
2511608,PB,1,1.0,0.5850996777334363,-0.4149003222665637
2511707,PB,3,1.0,0.7250059329456372,-0.2749940670543628
2511806,PB,4,0.5,0.47687841700820305,-0.023121582991796952
2511905,PB,6,0.16666666666666666,0.5188384031937642,0.35217173652709755
2512002,PB,7,0.7142857142857143,0.5153771052169851,-0.1989086090687292
2512036,PB,2,0.5,0.5726794985502953,0.07267949855029532
2512077,PB,1,0.0,0.683242578285838,0.683242578285838
2512101,PB,10,0.8,0.6381886049733775,-0.16181139502662256
2512200,PB,1,0.0,0.6287621736955864,0.6287621736955864
2512309,PB,12,0.6666666666666666,0.7009727208324511,0.03430605416578447
2512408,PB,7,0.8571428571428571,0.6711752548588384,-0.18596760228401865
2512507,PB,27,0.8148148148148148,0.8420529995540953,0.027238184739280524
2512705,PB,4,0.5,0.5933874869279175,0.09338748692791754
2512721,PB,2,1.0,0.4705922647947768,-0.5294077352052232
2512754,PB,3,0.6666666666666666,0.38810274202490486,-0.2785639246417618
2512762,PB,4,1.0,0.5990739479234604,-0.40092605207653964
2512788,PB,1,1.0,0.7453292528958648,-0.2546707471041352
2512804,PB,5,0.4,0.5237491098319256,0.12374910983192555
2512903,PB,5,0.4,0.5261215949319779,0.12612159493197783
2513000,PB,2,1.0,0.7430077857935149,-0.2569922142064851
2513109,PB,2,1.0,0.5762962116858379,-0.4237037883141621
2513158,PB,2,1.0,0.5319806144083851,-0.46801938559161493
2513208,PB,4,1.0,0.7518031967114616,-0.24819680328853844
2513307,PB,2,0.5,0.7523600896408359,0.2523600896408359
2513406,PB,8,0.625,0.4907867429067783,-0.13421325709322168
2513505,PB,5,1.0,0.8396035875133843,-0.16039641248661574
2513604,PB,2,0.5,0.6059591623951699,0.10595916239516989
2513653,PB,4,0.75,0.7871134504599727,0.03711345045997272
2513703,PB,42,0.3333333333333333,0.3364582374666535,0.003124904133320172
2513802,PB,2,1.0,0.6005787670704766,-0.39942123292952336
2513851,PB,2,1.0,0.5569798539107955,-0.4430201460892045
2513901,PB,9,0.6666666666666666,0.5764223862032233,-0.09024428046344335
2513927,PB,2,1.0,0.7446392183047582,-0.2553607816952418
2513968,PB,1,0.0,0.7560004608451268,0.7560004608451268
2513984,PB,3,1.0,0.8416607123304622,-0.15833928766953775
2514008,PB,1,1.0,0.6441378239065848,-0.3558621760934152
2514107,PB,2,0.5,0.5952908438509273,0.09529084385092734
2514206,PB,5,0.8,0.7450993130918445,-0.05490068690815553
2514305,PB,5,0.4,0.556098727461553,0.15609872746155296
2514404,PB,2,1.0,0.6940500132549497,-0.30594998674505025
2514453,PB,4,0.75,0.6107421017645167,-0.1392578982354833
2514503,PB,6,0.6666666666666666,0.48570465345101677,-0.18096201321564986
2514552,PB,2,1.0,0.7381980354248974,-0.26180196457510263
2514602,PB,1,1.0,0.4060529822466193,-0.5939470177533808
2514701,PB,1,1.0,0.682372799625492,-0.317627200374508
2514800,PB,1,1.0,0.7864416685200193,-0.2135583314799807
2514909,PB,3,1.0,0.49506225165871137,-0.5049377483412887
2515005,PB,2,1.0,0.6876644799411382,-0.3123355200588618
2515104,PB,2,0.5,0.5789453204041087,0.07894532040410873
2515203,PB,3,1.0,0.773832900222846,-0.226167099777154
2515302,PB,10,0.5,0.4785203699404822,-0.021479630059517807
2515401,PB,6,0.6666666666666666,0.48447709738753947,-0.18218956927912716
2515500,PB,3,1.0,0.6122887787719643,-0.3877112212280357
2515609,PB,2,1.0,0.5714875845657765,-0.42851241543422347
2515708,PB,2,0.5,0.6446754062986397,0.14467540629863973
2515906,PB,1,1.0,0.683258026799357,-0.316741973200643
2515930,PB,3,0.3333333333333333,0.5707894646472468,0.23745613131391347
2515971,PB,3,1.0,0.5764083014780175,-0.42359169852198253
2516003,PB,15,1.0,0.6240680223110796,-0.3759319776889204
2516102,PB,7,0.7142857142857143,0.5709261109814723,-0.14335960330424202
2516151,PB,1,1.0,0.6523637663670421,-0.3476362336329579
2516201,PB,25,0.76,0.5785316424624428,-0.1814683575375572
2516300,PB,8,0.75,0.6084713651523248,-0.1415286348476752
2516409,PB,3,0.3333333333333333,0.5378463328502909,0.20451299951695762
2516508,PB,7,0.8571428571428571,0.7836811021438036,-0.0734617549990535
2516607,PB,8,0.875,0.6282457120663579,-0.24675428793364207
2516706,PB,7,0.8571428571428571,0.7844500457468067,-0.07269281139605044
2516755,PB,2,0.5,0.7038634050621618,0.20386340506216183
2516805,PB,2,1.0,0.6609939282738904,-0.33900607172610964
2516904,PB,1,0.0,0.4350070058969714,0.4350070058969714
2517001,PB,5,0.8,0.6926251227004131,-0.10737487729958695
2517100,PB,3,0.6666666666666666,0.7090204253667984,0.042353758700131805
2517209,PB,2,1.0,0.7191854050645379,-0.2808145949354621
2600054,PE,33,0.36363636363636365,0.36578834222860596,0.0021519785922423096
2600104,PE,18,1.0,0.6934388138959626,-0.3065611861040374
2600203,PE,6,0.5,0.615885098585296,0.11588509858529605
2600302,PE,6,0.6666666666666666,0.6164528515826737,-0.05021381508399292
2600401,PE,9,0.7777777777777778,0.5695932610587633,-0.2081845167190145
2600500,PE,17,0.8235294117647058,0.4226944216018327,-0.40083499016287316
2600609,PE,10,0.4,0.4541043387424427,0.05410433874244269
2600708,PE,11,0.2727272727272727,0.46853627192678515,0.19580899919951245
2600807,PE,4,0.75,0.6440574570535038,-0.10594254294649619
2600906,PE,6,0.8333333333333334,0.48371308038780175,-0.3496202529455316
2601003,PE,4,0.5,0.6473259783439337,0.14732597834393368
2601052,PE,11,0.7272727272727273,0.4251634551376503,-0.302109272135077
2601102,PE,42,0.5238095238095238,0.42090314440092286,-0.10290637940860098
2601201,PE,41,0.7073170731707317,0.5469443149262033,-0.16037275824452835
2601300,PE,2,1.0,0.8361823205651059,-0.16381767943489411
2601409,PE,25,0.56,0.3792730183074553,-0.18072698169254475
2601508,PE,1,1.0,0.7154785439047697,-0.2845214560952303
2601607,PE,4,0.25,0.5337973881053294,0.2837973881053294
2601706,PE,32,0.75,0.42615256195879736,-0.32384743804120264
2601805,PE,4,0.75,0.7533929136528648,0.0033929136528647597
2601904,PE,19,0.5263157894736842,0.4448195066998395,-0.08149628277384469
2602001,PE,15,0.4666666666666667,0.4102301033353186,-0.056436563331348055
2602100,PE,10,0.6,0.42277005450024674,-0.17722994549975324
2602209,PE,11,1.0,0.711475611673326,-0.28852438832667404
2602308,PE,21,0.8095238095238095,0.5771857283947543,-0.23233808112905519
2602407,PE,5,0.8,0.7374335637566296,-0.06256643624337044
2602506,PE,3,0.6666666666666666,0.747690931767638,0.08102426510097138
2602605,PE,13,0.5384615384615384,0.405014862666521,-0.13344667579501746
2602704,PE,4,0.75,0.8051688063210073,0.05516880632100729
2602803,PE,18,0.7222222222222222,0.558924165860213,-0.16329805636200923
2602902,PE,82,0.5121951219512195,0.41604333994406556,-0.09615178200715396
2603009,PE,11,0.6363636363636364,0.5265220193705772,-0.10984161699305917
2603108,PE,7,0.8571428571428571,0.6594024272928226,-0.19774042985003448
2603207,PE,19,0.5789473684210527,0.5643309542166145,-0.014616414204438155
2603306,PE,1,1.0,0.49763819168620643,-0.5023618083137935
2603405,PE,2,1.0,0.814286390266236,-0.18571360973376405
2603454,PE,39,0.5641025641025641,0.45292312929760226,-0.11117943480496184
2603504,PE,6,0.8333333333333334,0.6193184298731329,-0.21401490346020047
2603603,PE,2,0.0,0.6186666380802527,0.6186666380802527
2603702,PE,5,0.6,0.4777466460199344,-0.1222533539800656
2603801,PE,7,0.8571428571428571,0.5906821161271802,-0.26646074101567685
2603900,PE,14,0.7857142857142857,0.8775924778030634,0.09187819208877768
2603926,PE,5,1.0,0.8647296429401348,-0.13527035705986523
2604007,PE,23,0.9130434782608695,0.4638087067908854,-0.4492347714699841
2604106,PE,138,0.5869565217391305,0.4776540530846142,-0.10930246865451626
2604155,PE,7,1.0,0.8104388195777029,-0.18956118042229708
2604205,PE,8,0.75,0.3480696699644178,-0.4019303300355822
2604304,PE,5,0.8,0.5552743800602336,-0.2447256199397665
2604403,PE,2,0.0,0.6150867708749738,0.6150867708749738
2604502,PE,20,0.8,0.49935539974016335,-0.3006446002598367
2604601,PE,14,0.5714285714285714,0.42529989256080347,-0.14612867886776792
2604700,PE,6,0.5,0.5653934654359071,0.06539346543590707
2604809,PE,11,0.9090909090909091,0.7078499176931026,-0.2012409913978065
2604908,PE,8,0.875,0.7422564086874026,-0.1327435913125974
2605004,PE,15,0.9333333333333333,0.8342749495641048,-0.0990583837692286
2605103,PE,25,1.0,0.7697522532098349,-0.23024774679016513
2605152,PE,6,0.6666666666666666,0.7005341888228891,0.03386752215622246
2605202,PE,18,0.6111111111111112,0.3923204477241623,-0.21879066338694886
2605301,PE,21,0.6190476190476191,0.5454766134243979,-0.07357100562322116
2605400,PE,7,0.8571428571428571,0.7946867148393549,-0.06245614230350216
2605509,PE,7,1.0,0.5363851919742109,-0.46361480802578914
2605608,PE,9,0.8888888888888888,0.6626479923256031,-0.22624089656328572
2605707,PE,14,1.0,0.5002435027471224,-0.49975649725287763
2605806,PE,5,0.4,0.6767476265718066,0.2767476265718066
2605905,PE,5,0.4,0.7257720379226235,0.32577203792262344
2606002,PE,40,0.775,0.5768191009933926,-0.1981808990066074
2606101,PE,11,0.9090909090909091,0.5369247590469195,-0.37216615004398956
2606200,PE,33,0.42424242424242425,0.3764768061099753,-0.04776561813244895
2606309,PE,2,1.0,0.5988972149068252,-0.40110278509317476
2606408,PE,21,0.5238095238095238,0.36944734014543773,-0.1543621836640861
2606507,PE,6,0.5,0.7000969072781916,0.20009690727819163
2606606,PE,17,0.8235294117647058,0.6088059741636859,-0.21472343760101997
2606705,PE,3,0.6666666666666666,0.5967926219355895,-0.06987404473107717
2606804,PE,42,0.7857142857142857,0.5717025875837539,-0.21401169813053178
2606903,PE,2,1.0,0.709780711407712,-0.29021928859228796
2607000,PE,9,0.7777777777777778,0.5455650593996605,-0.2322127183781173
2607109,PE,1,1.0,0.7368407876717764,-0.2631592123282236
2607208,PE,57,0.6666666666666666,0.48801651247836236,-0.17865015418830427
2607307,PE,17,0.7647058823529411,0.60114800242677,-0.1635578799261711
2607406,PE,2,0.5,0.5219284027986111,0.02192840279861108
2607505,PE,14,0.6428571428571429,0.4696430637058389,-0.173214079151304
2607604,PE,6,0.5,0.4037804945850698,-0.09621950541493018
2607653,PE,11,0.45454545454545453,0.5081934504752449,0.05364799592979036
2607703,PE,5,1.0,0.8018468412317658,-0.19815315876823425
2607752,PE,8,0.875,0.7565439009097938,-0.11845609909020616
2607802,PE,5,0.6,0.49111459149079,-0.10888540850920997
2607901,PE,202,0.5792079207920792,0.3970649881119634,-0.18214293268011578
2607950,PE,2,0.5,0.7535449184303159,0.2535449184303159
2608008,PE,9,0.8888888888888888,0.41542768160357,-0.4734612072853188
2608057,PE,11,0.8181818181818182,0.5865486486857834,-0.23163316949603485
2608107,PE,9,1.0,0.7548318669824827,-0.24516813301751728
2608206,PE,3,0.3333333333333333,0.47009960330548,0.1367662699721467
2608255,PE,9,0.8888888888888888,0.5129318954168408,-0.37595699347204803
2608305,PE,8,0.625,0.4571507368508431,-0.16784926314915688
2608404,PE,4,1.0,0.5676596985941587,-0.43234030140584134
2608453,PE,5,0.8,0.4987442788573369,-0.30125572114266314
2608503,PE,5,1.0,0.651422726110293,-0.34857727388970705
2608602,PE,3,1.0,0.7480456953845872,-0.2519543046154128
2608701,PE,5,1.0,0.8049385030572006,-0.1950614969427994
2608750,PE,13,0.6923076923076923,0.6154963747524343,-0.07681131755525794
2608800,PE,11,0.8181818181818182,0.4641992149241911,-0.35398260325762715
2608909,PE,17,0.9411764705882353,0.54276313107979,-0.39841333950844526
2609006,PE,10,1.0,0.7099787091088883,-0.2900212908911117
2609105,PE,7,1.0,0.8730620676727346,-0.12693793232726536
2609154,PE,11,0.7272727272727273,0.4930875499417126,-0.23418517733101468
2609204,PE,5,0.8,0.6709814862103569,-0.12901851378964313
2609303,PE,10,0.9,0.4434084269350146,-0.45659157306498543
2609402,PE,18,0.4444444444444444,0.42365052420033766,-0.020793920244106756
2609501,PE,13,0.6923076923076923,0.5109350951142406,-0.18137259719345167
2609600,PE,138,0.6884057971014492,0.4774492875913908,-0.2109565095100584
2609709,PE,13,0.9230769230769231,0.8068492966106755,-0.11622762646624762
2609808,PE,5,0.8,0.5100413744360733,-0.2899586255639267
2609907,PE,30,0.5333333333333333,0.306067717106111,-0.2272656162272223
2610004,PE,14,0.5714285714285714,0.4667484486389949,-0.1046801227895765
2610103,PE,2,1.0,0.527289910204418,-0.47271008979558204
2610202,PE,8,1.0,0.8431530688003105,-0.1568469311996895
2610301,PE,5,1.0,0.5402564230016934,-0.4597435769983066
2610400,PE,10,0.5,0.5029388397852349,0.0029388397852349035
2610509,PE,13,0.6923076923076923,0.7286108719472045,0.03630317963951224
2610608,PE,21,0.7619047619047619,0.5376073389295982,-0.22429742297516364
2610707,PE,84,0.6309523809523809,0.401567233493382,-0.2293851474589989
2610806,PE,6,0.6666666666666666,0.4854520988426632,-0.18121456782400341
2610905,PE,22,0.7727272727272727,0.46930337352099394,-0.30342389920627877
2611002,PE,12,0.8333333333333334,0.48528733955462444,-0.34804599377870893
2611101,PE,204,0.7107843137254902,0.5900242701499077,-0.12076004357558257
2611200,PE,8,0.75,0.5532359394979038,-0.19676406050209616
2611309,PE,5,0.6,0.42058511196325227,-0.1794148880367477
2611408,PE,4,1.0,0.47036396845649275,-0.5296360315435072
2611507,PE,7,0.42857142857142855,0.5074693549884759,0.07889792641704735
2611533,PE,3,1.0,0.845174434102803,-0.15482556589719698
2611606,PE,411,0.6034063260340633,0.4039656045858348,-0.1994407214482285
2611705,PE,8,0.625,0.5772905837209347,-0.04770941627906533
2611804,PE,7,1.0,0.5908331410335755,-0.40916685896642446
2611903,PE,11,1.0,0.849090534887593,-0.150909465112407
2612000,PE,2,0.5,0.6436115494383235,0.14361154943832355
2612109,PE,3,0.3333333333333333,0.7497103297774862,0.4163769964441529
2612208,PE,31,0.8064516129032258,0.6490238889899949,-0.1574277239132309
2612307,PE,5,0.8,0.6238961318706753,-0.17610386812932477
2612406,PE,10,0.8,0.5393118804220657,-0.26068811957793436
2612455,PE,2,1.0,0.7052440292193392,-0.29475597078066085
2612471,PE,4,1.0,0.8494493634036676,-0.1505506365963324
2612505,PE,52,0.6346153846153846,0.4249857930594366,-0.20962959155594796
2612554,PE,5,0.8,0.43154936936111243,-0.3684506306388876
2612604,PE,24,0.75,0.6266345125189176,-0.12336548748108245
2612703,PE,5,1.0,0.6833578014599837,-0.3166421985400163
2612802,PE,6,0.8333333333333334,0.7619349750068749,-0.07139835832645847
2612901,PE,5,0.4,0.5697183601059551,0.1697183601059551
2613008,PE,25,0.6,0.6350053898390849,0.035005389839084966
2613107,PE,10,0.4,0.4508992076910759,0.050899207691075865
2613206,PE,14,0.6428571428571429,0.534106265298844,-0.10875087755829893
2613305,PE,15,0.9333333333333333,0.6753153942302247,-0.25801793910310866
2613404,PE,13,0.5384615384615384,0.36929656265382704,-0.1691649758077114
2613503,PE,19,0.631578947368421,0.529523646987478,-0.10205530038094301
2613602,PE,10,1.0,0.7044631232923532,-0.29553687670764683
2613701,PE,30,0.5,0.4371970280746924,-0.0628029719253076
2613800,PE,8,0.625,0.4779947246567104,-0.1470052753432896
2613909,PE,35,0.8,0.7011510978425698,-0.09884890215743025
2614006,PE,4,0.75,0.6045433965016671,-0.1454566034983329
2614105,PE,21,0.2857142857142857,0.43341168889724974,0.14769740318296404
2614204,PE,9,0.6666666666666666,0.6069783701697039,-0.05968829649696272
2614303,PE,3,0.0,0.5017369191476131,0.5017369191476131
2614402,PE,8,0.875,0.7455548586105023,-0.1294451413894977
2614501,PE,12,0.5833333333333334,0.46026173628241357,-0.1230715970509198
2614600,PE,17,0.7647058823529411,0.6490078578910511,-0.11569802446189004
2614709,PE,2,1.0,0.5313802661362524,-0.46861973386374756
2614808,PE,9,0.5555555555555556,0.5256110735328045,-0.02994448202275113
2614857,PE,12,0.75,0.5747131884829788,-0.1752868115170212
2615003,PE,9,0.7777777777777778,0.5668318651177254,-0.21094591266005236
2615102,PE,3,1.0,0.7130589868614946,-0.2869410131385054
2615201,PE,5,0.6,0.714605006511715,0.11460500651171501
2615300,PE,11,0.8181818181818182,0.7299168678437188,-0.08826495033809945
2615409,PE,24,0.6666666666666666,0.5090616120530627,-0.15760505461360397
2615508,PE,11,0.8181818181818182,0.6853663387192328,-0.13281547946258543
2615607,PE,14,0.8571428571428571,0.6626806377903632,-0.19446221935249386
2615706,PE,10,0.8,0.730353904108442,-0.06964609589155801
2615805,PE,11,0.7272727272727273,0.6011831566558559,-0.12608957061687143
2615904,PE,12,0.8333333333333334,0.7805041173896395,-0.05282921594369383
2616001,PE,5,0.8,0.5537841560455078,-0.24621584395449225
2616100,PE,2,0.0,0.6339274441673555,0.6339274441673555
2616183,PE,5,1.0,0.8070763773148336,-0.19292362268516638
2616209,PE,7,0.5714285714285714,0.4367595254398518,-0.1346690459887196
2616308,PE,9,0.7777777777777778,0.593686290103348,-0.18409148767442984
2616407,PE,43,0.5116279069767442,0.38391722721160426,-0.12771067976513995
2616506,PE,7,0.8571428571428571,0.6879191322400572,-0.1692237249027999
2700102,AL,10,0.5,0.46931473955485414,-0.030685260445145857
2700201,AL,6,0.8333333333333334,0.5691550568811091,-0.26417827645222425
2700300,AL,102,0.6274509803921569,0.4577871215853231,-0.16966385880683377
2700409,AL,19,0.3684210526315789,0.41999491812781203,0.05157386549623311
2700508,AL,10,0.4,0.4145219355331268,0.01452193553312675
2700607,AL,5,0.4,0.413694943709482,0.013694943709481988
2700706,AL,8,0.5,0.438388205534166,-0.06161179446583398
2700805,AL,3,1.0,0.6802418357639562,-0.31975816423604375
2700904,AL,3,1.0,0.8940370648708814,-0.10596293512911859
2701001,AL,10,0.8,0.8474466368468476,0.04744663684684758
2701100,AL,3,1.0,0.7773503210275519,-0.22264967897244814
2701209,AL,9,1.0,0.6626926277519798,-0.3373073722480202
2701308,AL,5,0.6,0.3847818672016846,-0.21521813279831536
2701357,AL,6,1.0,0.6369794780590369,-0.3630205219409631
2701407,AL,15,0.9333333333333333,0.7057698819535375,-0.22756345137979583
2701506,AL,4,0.75,0.5233431283903994,-0.22665687160960057
2701605,AL,9,0.8888888888888888,0.6548180339651604,-0.23407085492372848
2701704,AL,3,0.3333333333333333,0.4436583850395143,0.11032505170618101
2701803,AL,6,0.5,0.45836919110242585,-0.041630808897574145
2701902,AL,4,0.5,0.6137574460390263,0.11375744603902627
2702009,AL,2,1.0,0.7871747502135136,-0.21282524978648643
2702108,AL,5,1.0,0.716743782805957,-0.28325621719404304
2702207,AL,2,0.5,0.4515633295568767,-0.048436670443123275
2702306,AL,37,1.0,0.9208589195291392,-0.07914108047086077
2702355,AL,13,0.6923076923076923,0.546010938677485,-0.14629675363020733
2702405,AL,32,0.4375,0.3326515335409587,-0.10484846645904128
2702504,AL,6,0.6666666666666666,0.5652955030014344,-0.10137116366523224
2702553,AL,6,0.3333333333333333,0.437353803566016,0.10402047023268268
2702603,AL,9,0.5555555555555556,0.4521701011979007,-0.1033854543576549
2702702,AL,1,1.0,0.4985277851350724,-0.5014722148649275
2702801,AL,5,0.2,0.43491026419702744,0.23491026419702743
2702900,AL,24,0.5416666666666666,0.3714708583139425,-0.17019580835272413
2703106,AL,12,0.3333333333333333,0.3780726450837239,0.04473931175039059
2703205,AL,21,0.7142857142857143,0.511182402460105,-0.20310331182560926
2703304,AL,9,0.7777777777777778,0.640334713813708,-0.1374430639640698
2703403,AL,2,1.0,0.5280142380730797,-0.4719857619269203
2703502,AL,4,1.0,0.7061520458034634,-0.29384795419653664
2703601,AL,6,0.16666666666666666,0.3430417044371701,0.17637503777050342
2703700,AL,3,0.3333333333333333,0.4732436471891786,0.1399103138558453
2703759,AL,3,1.0,0.8114335620512013,-0.18856643794879868
2703809,AL,10,0.7,0.35916122151676805,-0.3408387784832319
2703908,AL,2,0.5,0.5321057796977176,0.03210577969771755
2704005,AL,9,0.6666666666666666,0.53240136965415,-0.13426529701251666
2704104,AL,4,0.75,0.48478793092823186,-0.26521206907176814
2704203,AL,17,0.5882352941176471,0.4743585882943974,-0.11387670582324966
2704302,AL,250,0.452,0.3493322216378582,-0.1026677783621418
2704401,AL,4,0.75,0.38910577071412333,-0.36089422928587667
2704500,AL,14,0.5714285714285714,0.40361891875019157,-0.16780965267837983
2704609,AL,5,1.0,0.7661743839291596,-0.2338256160708404
2704708,AL,41,0.6341463414634146,0.4876164113163963,-0.14652993014701832
2704807,AL,2,1.0,0.48867498260253833,-0.5113250173974617
2704906,AL,4,0.75,0.7199810642042771,-0.0300189357957229
2705002,AL,8,0.875,0.529398417917908,-0.345601582082092
2705101,AL,8,0.5,0.41851558267518596,-0.08148441732481404
2705200,AL,11,0.5454545454545454,0.4262784711616651,-0.1191760742928803
2705309,AL,4,0.75,0.3610226913304538,-0.3889773086695462
2705408,AL,5,1.0,0.5216384273406608,-0.4783615726593392
2705507,AL,12,0.9166666666666666,0.8503504508907355,-0.06631621577593116
2705606,AL,8,0.75,0.3796962566638476,-0.3703037433361524
2705705,AL,8,0.875,0.4583702682997216,-0.4166297317002784
2705804,AL,5,0.8,0.3710497669516113,-0.42895023304838875
2705903,AL,4,0.75,0.7778095308881396,0.027809530888139644
2706000,AL,9,1.0,0.7923109440681252,-0.2076890559318748
2706109,AL,3,1.0,0.6156960781852013,-0.38430392181479867
2706208,AL,1,1.0,0.5775314755933525,-0.4224685244066475
2706307,AL,24,0.5833333333333334,0.3699313509258604,-0.213401982407473
2706406,AL,13,0.5384615384615384,0.5931927016760223,0.0547311632144839
2706422,AL,5,0.6,0.5626145513547238,-0.037385448645276154
2706448,AL,8,0.5,0.42317705607006945,-0.07682294392993055
2706505,AL,14,0.7142857142857143,0.4896524019955325,-0.2246333122901818
2706604,AL,4,0.0,0.45874029530442045,0.45874029530442045
2706703,AL,35,0.7142857142857143,0.4835861263213756,-0.2306995879643387
2706802,AL,9,0.4444444444444444,0.4770426952599073,0.03259825081546286
2706901,AL,26,0.7307692307692307,0.47401269131735585,-0.2567565394518749
2707107,AL,12,0.6666666666666666,0.35933170473488757,-0.30733496193177906
2707206,AL,5,0.8,0.4399481268125756,-0.36005187318742443
2707305,AL,10,0.3,0.4796552582520377,0.1796552582520377
2707404,AL,3,0.6666666666666666,0.35865596222199175,-0.3080107044446749
2707503,AL,3,1.0,0.7517598576866927,-0.24824014231330727
2707602,AL,8,0.875,0.6402411077156361,-0.23475889228436386
2707701,AL,49,0.6122448979591837,0.3442434810556977,-0.268001416903486
2707800,AL,5,0.4,0.466036620328852,0.06603662032885199
2707909,AL,1,1.0,0.4131180359331199,-0.5868819640668801
2708006,AL,33,0.5151515151515151,0.4135829231961278,-0.10156859195538731
2708105,AL,4,1.0,0.9081965532853078,-0.0918034467146922
2708204,AL,11,0.7272727272727273,0.6215871162142077,-0.10568561105851959
2708303,AL,6,1.0,0.8976876082367838,-0.10231239176321616
2708402,AL,18,0.6666666666666666,0.5697027595510914,-0.09696390711557523
2708501,AL,17,0.47058823529411764,0.5857933279240158,0.1152050926298982
2708600,AL,16,0.9375,0.5654829208426949,-0.3720170791573051
2708709,AL,3,1.0,0.4640784533145645,-0.5359215466854355
2708808,AL,17,0.7647058823529411,0.5401338244895572,-0.22457205786338397
2708907,AL,8,0.625,0.528927368375779,-0.09607263162422097
2708956,AL,7,0.7142857142857143,0.5775762479974448,-0.13670946628826952
2709004,AL,2,1.0,0.5258448589488042,-0.4741551410511958
2709103,AL,13,0.6153846153846154,0.5059439988156222,-0.10944061656899318
2709152,AL,20,0.7,0.6044084904312798,-0.0955915095687202
2709202,AL,11,0.7272727272727273,0.4177533302411138,-0.3095193970316135
2709301,AL,24,1.0,0.9230121814042729,-0.07698781859572712
2709400,AL,16,0.6875,0.4736516468320518,-0.2138483531679482
2800209,SE,9,0.4444444444444444,0.24725497978022204,-0.19718946466422238
2800308,SE,172,0.5290697674418605,0.36221562659558104,-0.16685414084627948
2800407,SE,2,1.0,0.35147667540572114,-0.6485233245942789
2800506,SE,5,0.2,0.34125285660471455,0.14125285660471454
2800605,SE,12,0.5833333333333334,0.29703943678550554,-0.28629389654782783
2800670,SE,6,0.3333333333333333,0.3285675677130597,-0.004765765620273588
2800704,SE,6,0.16666666666666666,0.30872873694869096,0.1420620702820243
2801009,SE,7,0.14285714285714285,0.39893547845073724,0.2560783355935944
2801108,SE,2,1.0,0.5890214485506036,-0.41097855144939643
2801207,SE,18,0.3888888888888889,0.2530965789838244,-0.13579230990506447
2801306,SE,12,0.5,0.33536905735601796,-0.16463094264398204
2801405,SE,6,0.6666666666666666,0.3510577137585484,-0.31560895290811825
2801504,SE,5,0.8,0.2817380193005121,-0.5182619806994879
2801603,SE,2,0.5,0.3817001643388638,-0.11829983566113622
2801702,SE,8,0.25,0.3184949436989512,0.0684949436989512
2801900,SE,3,1.0,0.5457809219998169,-0.45421907800018313
2802007,SE,2,0.5,0.2629854280365378,-0.2370145719634622
2802106,SE,22,0.4090909090909091,0.325712406646337,-0.08337850244457212
2802205,SE,3,0.3333333333333333,0.30335026519445957,-0.029983068138873747
2802304,SE,4,1.0,0.3110352847305378,-0.6889647152694622
2802403,SE,4,0.5,0.3321819527839252,-0.1678180472160748
2802502,SE,1,0.0,0.2828830679219564,0.2828830679219564
2802601,SE,2,0.5,0.30412496559724744,-0.19587503440275256
2802700,SE,4,0.5,0.297105490929337,-0.20289450907066298
2802809,SE,8,1.0,0.3513735284007655,-0.6486264715992345
2802908,SE,45,0.26666666666666666,0.31930048132053485,0.05263381465386818
2803005,SE,27,0.7037037037037037,0.5463108632466926,-0.15739284045701107
2803104,SE,1,0.0,0.3768282675210095,0.3768282675210095
2803203,SE,16,0.5,0.2686927734526333,-0.23130722654736668
2803302,SE,5,1.0,0.46859786701835526,-0.5314021329816447
2803401,SE,10,0.6,0.3339682695369786,-0.26603173046302137
2803500,SE,32,0.5,0.32495745633125445,-0.17504254366874555
2803609,SE,2,0.5,0.2516117924393125,-0.24838820756068752
2803708,SE,1,0.0,0.39363548904420415,0.39363548904420415
2803807,SE,3,0.3333333333333333,0.3761541191650479,0.04282078583171456
2803906,SE,4,0.5,0.340850267700244,-0.15914973229975599
2804003,SE,8,0.625,0.2919515613023629,-0.3330484386976371
2804102,SE,4,0.5,0.4608643620927925,-0.03913563790720748
2804201,SE,14,0.5,0.28730575963737387,-0.21269424036262613
2804300,SE,2,1.0,0.29882177889029504,-0.701178221109705
2804409,SE,4,0.25,0.28032053765766435,0.030320537657664348
2804458,SE,2,0.5,0.5013324882968229,0.0013324882968228646
2804508,SE,21,0.6190476190476191,0.30214887309376576,-0.3168987459538533
2804607,SE,6,0.16666666666666666,0.30459551432066423,0.13792884765399757
2804706,SE,3,0.6666666666666666,0.45656803276846186,-0.21009863389820477
2804805,SE,80,0.325,0.24874615345252246,-0.07625384654747755
2804904,SE,10,0.6,0.29361021858881375,-0.3063897814111862
2805109,SE,4,0.25,0.2291011098336265,-0.0208988901663735
2805208,SE,3,0.3333333333333333,0.35960147659923886,0.02626814326590554
2805307,SE,5,0.6,0.3184065922837279,-0.28159340771627206
2805406,SE,22,0.2727272727272727,0.22796282630682682,-0.044764446420445886
2805505,SE,9,0.7777777777777778,0.36307637100380813,-0.41470140677396966
2805604,SE,12,0.3333333333333333,0.23102944790513943,-0.10230388542819388
2805703,SE,6,0.8333333333333334,0.3092308720728212,-0.5241024612605122
2805802,SE,4,0.5,0.3729822927302211,-0.1270177072697789
2805901,SE,2,0.0,0.2611296817636802,0.2611296817636802
2806008,SE,7,0.7142857142857143,0.3366635146157492,-0.3776221996699651
2806107,SE,2,0.0,0.40557584479950254,0.40557584479950254
2806206,SE,7,0.8571428571428571,0.4134312215966954,-0.4437116355461617
2806305,SE,6,0.0,0.24305803931819855,0.24305803931819855
2806404,SE,2,0.5,0.28508685822989616,-0.21491314177010384
2806503,SE,2,0.5,0.3113920049872176,-0.18860799501278241
2806602,SE,7,0.42857142857142855,0.2984371285134447,-0.13013430005798382
2806701,SE,27,0.6296296296296297,0.5846876403165162,-0.04494198931311344
2806800,SE,2,0.5,0.3365134627331343,-0.16348653726686568
2806909,SE,1,1.0,0.6976724136860569,-0.3023275863139431
2807105,SE,15,0.5333333333333333,0.32729997494010493,-0.2060333583932284
2807204,SE,1,0.0,0.4029761895684966,0.4029761895684966
2807303,SE,3,0.0,0.42335649415213195,0.42335649415213195
2807402,SE,16,0.625,0.41297289797518244,-0.21202710202481756
2807501,SE,5,0.0,0.3948424197663625,0.3948424197663625
2807600,SE,12,0.4166666666666667,0.31861118097272517,-0.09805548569394151
2900108,BA,2,0.5,0.5093594674420522,0.009359467442052183
2900207,BA,8,0.625,0.3718631551024785,-0.2531368448975215
2900306,BA,5,0.4,0.5710114459914952,0.1710114459914952
2900355,BA,8,0.75,0.6223411099942668,-0.12765889000573316
2900405,BA,3,0.6666666666666666,0.35451062109102044,-0.3121560455756462
2900603,BA,4,0.75,0.4300250036475408,-0.3199749963524592
2900702,BA,56,0.5357142857142857,0.3333464936191379,-0.20236779209514782
2900801,BA,12,0.5833333333333334,0.5033602248779852,-0.07997310845534822
2900900,BA,2,0.5,0.3211820188142119,-0.17881798118578812
2901007,BA,10,0.6,0.504178318068509,-0.09582168193149099
2901106,BA,6,0.3333333333333333,0.4675579198779771,0.1342245865446438
2901155,BA,11,0.36363636363636365,0.4254709517947283,0.06183458815836468
2901205,BA,5,0.6,0.423569076066563,-0.17643092393343696
2901304,BA,8,0.75,0.5222273235653181,-0.2277726764346819
2901353,BA,8,0.75,0.35765497752017034,-0.39234502247982966
2901403,BA,6,0.6666666666666666,0.4187001030136191,-0.24796656365304753
2901502,BA,4,0.75,0.4950428756474329,-0.2549571243525671
2901601,BA,5,0.6,0.4506580990863126,-0.14934190091368738
2901700,BA,6,1.0,0.3533846857394356,-0.6466153142605644
2901908,BA,5,0.6,0.26643819793901147,-0.3335618020609885
2901957,BA,3,1.0,0.4771458237957728,-0.5228541762042271
2902005,BA,7,0.7142857142857143,0.47163787244122846,-0.24264784184448585
2902054,BA,4,0.75,0.4037993562744263,-0.3462006437255737
2902104,BA,28,0.42857142857142855,0.2838133542186214,-0.14475807435280713
2902203,BA,4,0.5,0.3305249044165666,-0.16947509558343338
2902252,BA,5,0.2,0.28931287918819254,0.08931287918819253
2902302,BA,4,1.0,0.5815034917194921,-0.4184965082805079
2902401,BA,3,0.3333333333333333,0.47656480181047417,0.14323146847714086
2902500,BA,9,0.6666666666666666,0.41921567985307134,-0.2474509868135953
2902609,BA,6,0.5,0.3993742072974899,-0.1006257927025101
2902658,BA,8,0.75,0.3980884457437804,-0.3519115542562196
2902708,BA,25,0.4,0.3147643820782842,-0.0852356179217158
2902807,BA,7,0.5714285714285714,0.5323654071074749,-0.039063164321096466
2902906,BA,23,0.5217391304347826,0.37952797903990954,-0.14221115139487306
2903003,BA,3,1.0,0.49373449903566097,-0.5062655009643391
2903102,BA,6,0.6666666666666666,0.494131488584417,-0.1725351780822496
2903201,BA,83,0.6265060240963856,0.3903458809841442,-0.23616014311224137
2903235,BA,5,1.0,0.4091039660915162,-0.5908960339084838
2903276,BA,5,0.4,0.48391554961816824,0.08391554961816822
2903300,BA,6,0.3333333333333333,0.36477194454980527,0.03143861121647196
2903409,BA,9,0.5555555555555556,0.3628461892468159,-0.1927093663087397
2903508,BA,7,0.5714285714285714,0.5139345861589738,-0.05749398526959759
2903607,BA,5,0.2,0.31871953802996295,0.11871953802996293
2903706,BA,3,0.3333333333333333,0.4358054831603401,0.10247214982700681
2903805,BA,7,0.5714285714285714,0.4544720484652663,-0.11695652296330511
2903904,BA,23,0.391304347826087,0.3521351518234802,-0.039169196002606765
2903953,BA,2,0.5,0.4325468508502438,-0.0674531491497562
2904001,BA,1,0.0,0.47815646707685544,0.47815646707685544
2904050,BA,9,1.0,0.5295993499556355,-0.4704006500443645
2904100,BA,5,0.4,0.43801136401529084,0.038011364015290816
2904209,BA,4,0.75,0.6295545412179192,-0.1204454587820808
2904308,BA,5,0.6,0.5731961911674369,-0.02680380883256306
2904407,BA,4,0.5,0.4672352013094645,-0.0327647986905355
2904506,BA,3,1.0,0.5798237044924365,-0.4201762955075635
2904605,BA,22,0.6363636363636364,0.5267118513765939,-0.10965178498704242
2904704,BA,5,0.4,0.3361431254800366,-0.06385687451996341
2904753,BA,17,0.5294117647058824,0.30802717502808064,-0.22138458967780172
2904803,BA,5,0.8,0.5654809690333572,-0.23451903096664284
2904852,BA,8,0.25,0.3709426304068183,0.1209426304068183
2904902,BA,12,0.3333333333333333,0.48816655298046085,0.15483321964712754
2905008,BA,8,0.875,0.5618203413134617,-0.3131796586865383
2905107,BA,6,0.6666666666666666,0.4017123174292864,-0.2649543492373802
2905156,BA,1,1.0,0.4064951484438007,-0.5935048515561994
2905206,BA,22,0.7727272727272727,0.5389108426876841,-0.23381643003958863
2905305,BA,12,0.6666666666666666,0.35295310929561313,-0.3137135573710535
2905404,BA,9,0.5555555555555556,0.4455376630734213,-0.11001789248213428
2905503,BA,6,0.6666666666666666,0.3517301663335182,-0.3149365003331484
2905602,BA,11,0.45454545454545453,0.35078595196926127,-0.10375950257619326
2905701,BA,91,0.45054945054945056,0.32612873686539373,-0.12442071368405683
2905800,BA,15,0.6666666666666666,0.3335477533331348,-0.33311891333353183
2905909,BA,11,0.8181818181818182,0.37751677614616175,-0.4406650420356565
2906006,BA,31,0.6451612903225806,0.3660319687658834,-0.27912932155669723
2906105,BA,6,1.0,0.5088082238093811,-0.49119177619061893
2906204,BA,14,0.5,0.46323650491179497,-0.036763495088205034
2906303,BA,12,0.5833333333333334,0.37739076703644586,-0.2059425662968875
2906402,BA,1,1.0,0.397500329192355,-0.602499670807645
2906501,BA,24,0.5,0.3336109325160123,-0.16638906748398768
2906600,BA,8,0.625,0.5481374918634272,-0.0768625081365728
2906709,BA,9,0.6666666666666666,0.43774216834640145,-0.22892449832026518
2906808,BA,23,0.43478260869565216,0.375959886570077,-0.058822722125575155
2906824,BA,4,0.5,0.37187271726112675,-0.12812728273887325
2906857,BA,6,0.6666666666666666,0.4616719876831136,-0.204994678983553
2906873,BA,9,0.4444444444444444,0.3299969296161264,-0.114447514828318
2906899,BA,5,0.4,0.4653802905823984,0.06538029058239836
2906907,BA,16,0.875,0.4844198203204775,-0.3905801796795225
2907004,BA,6,0.3333333333333333,0.441065376903599,0.10773204357026567
2907103,BA,17,0.5882352941176471,0.39118607785726855,-0.19704921626037852
2907202,BA,22,0.3181818181818182,0.21087792278879466,-0.10730389539302351
2907301,BA,7,0.2857142857142857,0.34789354928510585,0.062179263570820154
2907400,BA,1,0.0,0.3440773869556939,0.3440773869556939
2907509,BA,11,0.6363636363636364,0.41244705770849416,-0.2239165786551422
2907558,BA,2,1.0,0.49203065040035504,-0.5079693495996449
2907608,BA,3,0.3333333333333333,0.378519851848167,0.045186518514833685
2907707,BA,3,0.3333333333333333,0.42088405618037106,0.08755072284703774
2907806,BA,14,0.7857142857142857,0.422360308773895,-0.3633539769403907
2907905,BA,10,0.5,0.36361958576719766,-0.13638041423280234
2908002,BA,7,0.2857142857142857,0.4129558793554958,0.12724159364121013
2908101,BA,13,0.8461538461538461,0.5820195485092224,-0.2641342976446237
2908200,BA,8,0.25,0.3593433691874655,0.10934336918746551
2908309,BA,3,1.0,0.5691165042680773,-0.43088349573192275
2908408,BA,15,0.4666666666666667,0.32821597301571404,-0.13845069365095264
2908507,BA,11,0.36363636363636365,0.35918663260935524,-0.004449731027008408
2908606,BA,15,0.4666666666666667,0.41511561326650076,-0.051551053400165914
2908705,BA,4,1.0,0.6296022946547822,-0.37039770534521776
2908903,BA,8,0.5,0.36642645228815746,-0.13357354771184254
2909000,BA,3,1.0,0.691534971262682,-0.30846502873731796
2909109,BA,11,0.7272727272727273,0.4866648976424235,-0.2406078296303038
2909208,BA,7,0.7142857142857143,0.41058061555547426,-0.30370509873024004
2909307,BA,16,0.5625,0.3321814669852602,-0.2303185330147398
2909406,BA,6,0.8333333333333334,0.46014454256469667,-0.3731887907686367
2909505,BA,6,0.6666666666666666,0.6431756343554587,-0.02349103231120797
2909604,BA,3,0.6666666666666666,0.48820106915489686,-0.17846559751176977
2909703,BA,4,0.75,0.46582058983819385,-0.28417941016180615
2909802,BA,18,0.7777777777777778,0.3423192825661474,-0.4354584952116304
2909901,BA,15,0.6666666666666666,0.36473798549324565,-0.301928681173421
2910008,BA,5,0.8,0.41338393108396654,-0.3866160689160335
2910057,BA,33,0.42424242424242425,0.2969272248544252,-0.12731519938799907
2910107,BA,5,0.6,0.5593826948116272,-0.04061730518837281
2910206,BA,2,0.5,0.7498450501086801,0.24984505010868008
2910305,BA,2,1.0,0.47697849546162147,-0.5230215045383786
2910404,BA,6,0.5,0.49173766066990576,-0.008262339330094237
2910503,BA,10,0.4,0.34333690541059325,-0.05666309458940677
2910602,BA,16,0.5,0.31399766374158844,-0.18600233625841156
2910701,BA,19,0.47368421052631576,0.33138604645051456,-0.1422981640758012
2910727,BA,39,0.5384615384615384,0.3278635883310759,-0.21059795013046256
2910750,BA,5,0.6,0.5227379348725112,-0.07726206512748879
2910776,BA,3,1.0,0.5904847218556704,-0.40951527814432964
2910800,BA,173,0.47398843930635837,0.32558879264661095,-0.14839964665974742
2910859,BA,8,0.375,0.43746592374604754,0.062465923746047536
2910909,BA,1,1.0,0.5138195031662259,-0.48618049683377407
2911006,BA,3,0.6666666666666666,0.35544476985594836,-0.31122189681071827
2911105,BA,5,0.2,0.28105717756821896,0.08105717756821895
2911204,BA,11,0.8181818181818182,0.46109928217538676,-0.3570825360064315
2911303,BA,3,0.3333333333333333,0.44951162842350706,0.11617829509017374
2911402,BA,8,0.625,0.3675860014351479,-0.2574139985648521
2911501,BA,3,0.6666666666666666,0.3962021532598194,-0.27046451340684724
2911600,BA,5,0.8,0.4635626771782674,-0.33643732282173267
2911659,BA,6,0.6666666666666666,0.37038607817929253,-0.2962805884873741
2911709,BA,34,0.7647058823529411,0.5251083712683603,-0.23959751108458083
2911808,BA,8,0.625,0.30047140694176466,-0.32452859305823534
2911857,BA,8,0.625,0.3798090219197151,-0.2451909780802849
2911907,BA,8,0.5,0.31732123244895405,-0.18267876755104595
2912004,BA,2,1.0,0.7691204544170743,-0.23087954558292567
2912103,BA,4,0.5,0.4405290245303801,-0.05947097546961988
2912202,BA,16,0.8125,0.46321861978316425,-0.34928138021683575
2912301,BA,5,0.6,0.6031430955624814,0.0031430955624813794
2912400,BA,6,0.8333333333333334,0.42425545901482903,-0.40907787431850434
2912509,BA,2,1.0,0.5301116155289161,-0.46988838447108394
2912608,BA,2,1.0,0.3563810313978805,-0.6436189686021194
2912707,BA,13,0.6923076923076923,0.3845789787299166,-0.3077287135777757
2912806,BA,6,0.5,0.5510980872076268,0.05109808720762676
2912905,BA,9,0.6666666666666666,0.4421512612961085,-0.22451540537055814
2913002,BA,8,0.75,0.5654404849282424,-0.1845595150717576
2913101,BA,12,0.6666666666666666,0.3944817937337521,-0.27218487293291455
2913200,BA,12,0.5833333333333334,0.46958726469790224,-0.11374606863543113
2913309,BA,1,0.0,0.40570250443167694,0.40570250443167694
2913408,BA,6,0.5,0.5472309955306663,0.04723099553066634
2913457,BA,2,1.0,0.4310052912206018,-0.5689947087793982
2913507,BA,4,0.75,0.4691617570942106,-0.2808382429057894
2913606,BA,72,0.375,0.2758139040979553,-0.09918609590204469
2913705,BA,15,0.3333333333333333,0.3417962092895319,0.008462875956198601
2913804,BA,3,0.0,0.40801419191410343,0.40801419191410343
2913903,BA,15,0.7333333333333333,0.3566052464665805,-0.3767280868667528
2914000,BA,21,0.38095238095238093,0.3774920535794912,-0.0034603273728897044
2914109,BA,4,1.0,0.6935390142465906,-0.3064609857534094
2914208,BA,6,0.8333333333333334,0.5284154076968315,-0.3049179256365019
2914307,BA,5,0.0,0.37400522371221523,0.37400522371221523
2914406,BA,15,0.6,0.4470901990244157,-0.15290980097558426
2914505,BA,8,0.25,0.43723498977621705,0.18723498977621705
2914604,BA,27,0.7407407407407407,0.48878007794964096,-0.25196066279109974
2914653,BA,11,0.6363636363636364,0.36158084858119005,-0.2747827877824463
2914703,BA,22,0.5454545454545454,0.39749418228399536,-0.14796036317055006
2914802,BA,52,0.38461538461538464,0.2547263588516922,-0.12988902576369243
2914901,BA,18,0.7222222222222222,0.3587507931687021,-0.3634714290535201
2915007,BA,10,0.4,0.45501881604131855,0.05501881604131853
2915106,BA,5,0.8,0.45611020019667947,-0.3438897998033206
2915205,BA,10,0.9,0.44518865008864583,-0.4548113499113542
2915353,BA,5,0.4,0.35531082148882626,-0.044689178511173766
2915403,BA,3,0.3333333333333333,0.25643793745473015,-0.07689539587860317
2915502,BA,10,0.7,0.3941366842154875,-0.3058633157845125
2915601,BA,31,0.6774193548387096,0.4220771444555975,-0.2553422103831121
2915700,BA,2,0.0,0.5145438375193706,0.5145438375193706
2915809,BA,13,0.3076923076923077,0.30935246902830343,0.0016601613359957246
2915908,BA,3,0.3333333333333333,0.3887909613722631,0.055457628038929785
2916005,BA,11,0.6363636363636364,0.5258561495590263,-0.11050748680461009
2916104,BA,10,0.5,0.36084560483933487,-0.13915439516066513
2916203,BA,5,0.4,0.42566121776699833,0.025661217766998312
2916302,BA,3,0.3333333333333333,0.30635785615835753,-0.02697547717497578
2916401,BA,28,0.5714285714285714,0.3580432853356929,-0.2133852860928785
2916500,BA,15,0.4,0.45996983777757194,0.05996983777757192
2916609,BA,1,1.0,0.41623126812777006,-0.58376873187223
2916708,BA,3,1.0,0.4535649683266388,-0.5464350316733613
2916807,BA,7,0.2857142857142857,0.4229385781241667,0.137224292409881
2916856,BA,1,1.0,0.5914998559142535,-0.40850014408574653
2916906,BA,4,1.0,0.4162574312289935,-0.5837425687710065
2917003,BA,10,0.7,0.37012332617913224,-0.3298766738208677
2917102,BA,10,0.7,0.41066254642394523,-0.2893374535760547
2917201,BA,3,0.6666666666666666,0.5611678548799224,-0.10549881178674425
2917300,BA,10,0.6,0.48807397476327613,-0.11192602523672385
2917334,BA,3,1.0,0.3808634005017868,-0.6191365994982132
2917359,BA,6,0.16666666666666666,0.5261452835204699,0.3594786168538032
2917409,BA,4,0.75,0.684209922373137,-0.06579007762686295
2917508,BA,27,0.2962962962962963,0.313186364468048,0.016890068171751704
2917607,BA,18,0.7222222222222222,0.5016412184861111,-0.22058100373611111
2917706,BA,17,0.6470588235294118,0.39134999281328003,-0.25570883071613176
2917805,BA,5,0.6,0.42288972976606454,-0.17711027023393544
2917904,BA,3,0.3333333333333333,0.4375617905631361,0.10422845722980278
2918001,BA,45,0.5777777777777777,0.3378203005957459,-0.2399574771820318
2918100,BA,9,0.3333333333333333,0.2799044548183745,-0.05342887851495881
2918209,BA,6,1.0,0.41880882044942896,-0.5811911795505711
2918308,BA,7,0.5714285714285714,0.397090601913378,-0.17433796951519337
2918357,BA,12,0.9166666666666666,0.5318361185908226,-0.38483054807584405
2918407,BA,123,0.5609756097560976,0.3319757593162264,-0.2289998504398712
2918456,BA,5,0.6,0.49348936561904244,-0.10651063438095754
2918506,BA,5,0.4,0.46220409636867854,0.06220409636867852
2918555,BA,6,0.6666666666666666,0.3643097550888355,-0.3023569115778311
2918605,BA,3,0.6666666666666666,0.49768183136185723,-0.1689848353048094
2918704,BA,3,0.6666666666666666,0.7110746188922549,0.04440795222558824
2918753,BA,5,0.6,0.3210864299874689,-0.2789135700125311
2918803,BA,7,0.7142857142857143,0.46540074609274423,-0.24888496819297007
2918902,BA,4,0.75,0.6524379437992017,-0.09756205620079828
2919108,BA,7,0.2857142857142857,0.2735252758146491,-0.012189009899636616
2919157,BA,11,0.7272727272727273,0.41085792367334073,-0.31641480359938656
2919207,BA,61,0.32786885245901637,0.25802607809297295,-0.06984277436604341
2919306,BA,2,0.0,0.5653497371631465,0.5653497371631465
2919405,BA,4,1.0,0.7498721600030488,-0.2501278399969512
2919504,BA,17,0.5294117647058824,0.42774515519439804,-0.10166660951148432
2919553,BA,61,0.5245901639344263,0.33962972877820036,-0.1849604351562259
2919603,BA,8,0.75,0.33573608286171025,-0.41426391713828975
2919702,BA,9,0.5555555555555556,0.5280910400789688,-0.027464515476586793
2919801,BA,14,0.5,0.4750168849749339,-0.024983115025066116
2919900,BA,3,0.6666666666666666,0.323332909272297,-0.3433337573943696
2919926,BA,9,0.8888888888888888,0.3682583997748481,-0.5206304891140408
2919959,BA,3,0.3333333333333333,0.6245596556041367,0.2912263222708034
2920007,BA,3,0.3333333333333333,0.4216202340072413,0.08828690067390799
2920106,BA,5,0.8,0.4094560611011414,-0.39054393889885863
2920205,BA,8,0.875,0.43142748311757784,-0.44357251688242216
2920304,BA,1,1.0,0.750638150823335,-0.24936184917666504
2920403,BA,3,0.3333333333333333,0.4330045149228989,0.09967118158956556
2920452,BA,8,0.625,0.3916402498447967,-0.23335975015520333
2920502,BA,12,0.5,0.5386452106989448,0.038645210698944776
2920601,BA,8,0.875,0.48402621723661265,-0.39097378276338735
2920700,BA,14,0.5714285714285714,0.32545026647949415,-0.24597830494907724
2920809,BA,1,0.0,0.38161164487434,0.38161164487434
2920908,BA,9,0.4444444444444444,0.3818982690150103,-0.06254617542943414
2921005,BA,28,0.6785714285714286,0.5698297420425571,-0.1087416865288715
2921054,BA,2,0.5,0.4608472110364202,-0.03915278896357982
2921104,BA,7,0.7142857142857143,0.5493541410707435,-0.16493157321497076
2921203,BA,6,0.6666666666666666,0.5009339130568061,-0.1657327536098605
2921302,BA,2,0.5,0.46159151742508003,-0.03840848257491997
2921401,BA,10,0.2,0.4577097747159603,0.2577097747159603
2921450,BA,5,1.0,0.5784411090743717,-0.42155889092562826
2921500,BA,17,0.35294117647058826,0.3833720666508238,0.030430890180235537
2921609,BA,3,1.0,0.43795058023791494,-0.5620494197620851
2921708,BA,16,0.3125,0.3420545527510285,0.029554552751028473
2921807,BA,8,1.0,0.7606990629409801,-0.2393009370590199
2922003,BA,25,0.52,0.4431481906772662,-0.07685180932273383
2922052,BA,3,0.6666666666666666,0.3426339478884201,-0.3240327187782465
2922102,BA,7,0.0,0.3905335745245247,0.3905335745245247
2922201,BA,1,1.0,0.5107302139704899,-0.4892697860295101
2922250,BA,4,1.0,0.3170496050268315,-0.6829503949731686
2922300,BA,4,0.5,0.43649800070713385,-0.06350199929286615
2922409,BA,5,0.8,0.5704167017132983,-0.22958329828670176
2922508,BA,4,0.25,0.33617673700395206,0.08617673700395206
2922607,BA,4,0.75,0.4393144882537065,-0.3106855117462935
2922656,BA,9,0.5555555555555556,0.39719031742692207,-0.1583652381286335
2922706,BA,7,0.42857142857142855,0.4010513226599069,-0.027520105911521653
2922730,BA,1,0.0,0.4530455660434599,0.4530455660434599
2922755,BA,1,0.0,0.49310672588520893,0.49310672588520893
2922805,BA,3,0.6666666666666666,0.49444585444371164,-0.172220812222955
2922854,BA,1,0.0,0.5244742493429901,0.5244742493429901
2922904,BA,9,0.6666666666666666,0.3747016162977387,-0.29196505036892795
2923001,BA,16,0.8125,0.4801689931176341,-0.3323310068823659
2923035,BA,4,0.75,0.7319798813885311,-0.018020118611468905
2923050,BA,8,0.625,0.33283601124190565,-0.29216398875809435
2923100,BA,8,0.25,0.3004419542176921,0.0504419542176921
2923209,BA,18,0.4444444444444444,0.4198274870231124,-0.02461695742133202
2923308,BA,4,1.0,0.45212620129372494,-0.5478737987062751
2923357,BA,6,0.3333333333333333,0.39435883261762594,0.06102549928429263
2923407,BA,7,0.2857142857142857,0.470242059081757,0.18452777336747128
2923506,BA,2,1.0,0.47680214301755147,-0.5231978569824485
2923605,BA,7,0.8571428571428571,0.5190013438894615,-0.3381415132533956
2923704,BA,12,0.5833333333333334,0.3960066266933409,-0.18732670663999246
2923803,BA,9,0.5555555555555556,0.5019464051060185,-0.05360915044953707
2923902,BA,7,0.5714285714285714,0.5626334733585494,-0.00879509807002199
2924009,BA,59,0.3898305084745763,0.275774348955316,-0.11405615951926029
2924058,BA,3,0.3333333333333333,0.41610807838509234,0.08277474505175902
2924207,BA,3,0.0,0.2806259375198973,0.2806259375198973
2924306,BA,16,0.75,0.49675218578694075,-0.25324781421305925
2924405,BA,25,0.28,0.30349146883174755,0.02349146883174752
2924504,BA,2,1.0,0.5592346477929324,-0.4407653522070676
2924603,BA,5,0.4,0.3764023939332967,-0.023597606066703303
2924652,BA,4,1.0,0.5449025864287922,-0.4550974135712078
2924678,BA,6,0.6666666666666666,0.39119801376227087,-0.27546865290439576
2924801,BA,7,0.42857142857142855,0.47993911059157596,0.05136768202014741
2924900,BA,5,0.8,0.6117425535317981,-0.18825744646820197
2925006,BA,7,0.8571428571428571,0.4113083017232575,-0.4458345554195996
2925105,BA,23,0.5217391304347826,0.4639709848294647,-0.0577681456053179
2925204,BA,5,1.0,0.5711718980234094,-0.4288281019765906
2925253,BA,12,0.75,0.4013741731327592,-0.3486258268672408
2925303,BA,92,0.6086956521739131,0.45164623572847296,-0.15704941644544013
2925402,BA,5,0.4,0.3974772142168397,-0.0025227857831603417
2925501,BA,23,0.5217391304347826,0.3665667109137463,-0.15517241952103628
2925600,BA,2,0.5,0.3561907727096609,-0.14380922729033913
2925709,BA,6,0.5,0.41580991193561573,-0.08419008806438427
2925758,BA,12,0.5,0.3112441950992054,-0.18875580490079458
2925808,BA,12,0.8333333333333334,0.3577450488103058,-0.4755882845230276
2925907,BA,6,0.5,0.4178115540408331,-0.08218844595916691
2925931,BA,4,0.75,0.6117479332449891,-0.1382520667550109
2925956,BA,18,0.3333333333333333,0.48572752239381484,0.15239418906048152
2926004,BA,17,0.5294117647058824,0.3507401941013051,-0.17867157060457728
2926103,BA,6,0.5,0.39458020584116665,-0.10541979415883335
2926202,BA,12,0.5,0.36372746039132303,-0.13627253960867697
2926301,BA,9,0.4444444444444444,0.4096046225779493,-0.034839821866495146
2926400,BA,15,0.4,0.479855809188335,0.07985580918833496
2926509,BA,10,0.7,0.41876529291077497,-0.281234707089225
2926608,BA,28,0.6428571428571429,0.402661020984318,-0.2401961218728249
2926657,BA,5,0.8,0.4420720799462094,-0.35792792005379065
2926707,BA,6,0.8333333333333334,0.5337147650919217,-0.29961856824141164
2926806,BA,7,0.8571428571428571,0.5625947198908507,-0.29454813725200635
2926905,BA,3,0.3333333333333333,0.4161623079254986,0.08282897459216526
2927002,BA,14,0.5714285714285714,0.41702797127828634,-0.15440060015028506
2927101,BA,9,0.5555555555555556,0.3262359331883141,-0.22931962236724146
2927200,BA,14,0.5714285714285714,0.38963881999972466,-0.18178975142884674
2927309,BA,7,0.42857142857142855,0.5647550276129005,0.13618359904147198
2927408,BA,484,0.4834710743801653,0.34774567950518065,-0.13572539487498464
2927507,BA,7,0.2857142857142857,0.3461767542876162,0.060462468573330486
2927606,BA,7,0.7142857142857143,0.387069407605356,-0.3272163066803583
2927705,BA,19,0.5789473684210527,0.3844539255442215,-0.19449344287683118
2927804,BA,4,0.75,0.4691758326707252,-0.2808241673292748
2927903,BA,3,0.3333333333333333,0.5713596311702389,0.2380262978369056
2928000,BA,17,0.47058823529411764,0.3356160700976808,-0.13497216519643684
2928059,BA,5,0.0,0.3654888274029325,0.3654888274029325
2928109,BA,12,0.5,0.3579570372731315,-0.1420429627268685
2928208,BA,9,0.6666666666666666,0.4052473347117366,-0.26141933195493006
2928406,BA,7,0.7142857142857143,0.4989089150258689,-0.21537679925984538
2928505,BA,5,0.8,0.361638579969296,-0.43836142003070405
2928604,BA,20,0.45,0.3706255466505679,-0.0793744533494321
2928703,BA,12,0.5833333333333334,0.3546594397610748,-0.2286738935722586
2928802,BA,26,0.38461538461538464,0.32754306240953074,-0.0570723222058539
2928901,BA,23,0.7391304347826086,0.5038587802211665,-0.23527165456144217
2928950,BA,5,0.6,0.4394337555181374,-0.16056624448186257
2929008,BA,2,0.5,0.3996328836175097,-0.1003671163824903
2929057,BA,6,0.5,0.48642243152236536,-0.013577568477634638
2929107,BA,7,0.2857142857142857,0.46997149844200686,0.18425721272772116
2929206,BA,10,0.5,0.30564801904158134,-0.19435198095841866
2929255,BA,5,1.0,0.41334733731716583,-0.5866526626828341
2929305,BA,12,0.5,0.3395836493003553,-0.16041635069964472
2929354,BA,2,0.0,0.378554024812179,0.378554024812179
2929370,BA,2,0.5,0.3348021146429607,-0.16519788535703928
2929404,BA,4,0.5,0.40380608657293504,-0.09619391342706496
2929503,BA,14,0.7857142857142857,0.5291277689343401,-0.2565865167799456
2929602,BA,4,1.0,0.6119222528463245,-0.3880777471536755
2929701,BA,4,0.25,0.2981296613966528,0.04812966139665281
2929750,BA,4,0.75,0.4651632762372284,-0.2848367237627716
2929800,BA,5,0.6,0.2935661751840825,-0.30643382481591747
2929909,BA,17,0.5882352941176471,0.49015110015675145,-0.09808419396089563
2930006,BA,4,0.75,0.6403717013463984,-0.10962829865360157
2930105,BA,18,0.3333333333333333,0.3205714260926177,-0.012761907240715631
2930154,BA,17,0.8235294117647058,0.3738489941855747,-0.44968041757913113
2930204,BA,10,0.5,0.31966106218761436,-0.18033893781238564
2930303,BA,8,0.625,0.41805158500435546,-0.20694841499564454
2930402,BA,2,0.0,0.41928392176900825,0.41928392176900825
2930501,BA,30,0.4,0.231382754334109,-0.16861724566589104
2930600,BA,4,0.25,0.3980166405032279,0.14801664050322788
2930709,BA,44,0.5454545454545454,0.3889165827436671,-0.15653796271087833
2930758,BA,4,0.75,0.3514722868718211,-0.3985277131281789
2930766,BA,5,0.6,0.5495603631405607,-0.05043963685943931
2930774,BA,11,0.45454545454545453,0.3501639419166034,-0.10438151262885115
2930808,BA,9,0.6666666666666666,0.3626859276220316,-0.303980739044635
2930907,BA,1,1.0,0.4277633598417007,-0.5722366401582992
2931004,BA,6,1.0,0.5687147437614579,-0.4312852562385421
2931053,BA,9,0.6666666666666666,0.7275892236794439,0.06092255701277727
2931103,BA,3,0.6666666666666666,0.41068556658037264,-0.255981100086294
2931202,BA,10,0.7,0.45782558920078087,-0.2421744107992191
2931301,BA,6,0.6666666666666666,0.40484188954090805,-0.2618247771257586
2931350,BA,59,0.5254237288135594,0.4526361651264572,-0.07278756368710215
2931400,BA,8,0.375,0.4123998340966415,0.03739983409664149
2931509,BA,9,0.2222222222222222,0.3526489392337598,0.13042671701153757
2931608,BA,11,0.7272727272727273,0.5189672324897422,-0.2083054947829851
2931707,BA,2,1.0,0.35675552625873486,-0.6432444737412651
2931806,BA,3,0.3333333333333333,0.5462629237556678,0.21292959042233445
2931905,BA,14,0.7857142857142857,0.4020344931757003,-0.3836797925385854
2932002,BA,9,0.5555555555555556,0.4814127992492734,-0.0741427563062822
2932101,BA,6,0.5,0.5107813316165065,0.010781331616506518
2932200,BA,6,0.5,0.36051812708683634,-0.13948187291316366
2932309,BA,9,0.5555555555555556,0.4594779775706051,-0.09607757798495048
2932408,BA,6,0.5,0.40455417515927666,-0.09544582484072334
2932457,BA,6,0.3333333333333333,0.380814181676805,0.04748084834347166
2932507,BA,13,0.7692307692307693,0.5075926698571649,-0.2616380993736044
2932606,BA,10,0.7,0.5511927948997681,-0.14880720510023182
2932705,BA,12,0.25,0.34427176066947446,0.09427176066947446
2932804,BA,9,1.0,0.4286924408853681,-0.5713075591146319
2932903,BA,20,0.6,0.33136768810119915,-0.2686323118988008
2933000,BA,8,0.625,0.4208712367768374,-0.2041287632231626
2933059,BA,4,1.0,0.3326133323051786,-0.6673866676948215
2933109,BA,1,1.0,0.5130872246189245,-0.48691277538107547
2933158,BA,2,0.5,0.347962288182313,-0.152037711817687
2933174,BA,8,0.75,0.5128518951844163,-0.23714810481558368
2933208,BA,14,0.7142857142857143,0.3995480087361078,-0.3147377055496065
2933307,BA,134,0.6343283582089553,0.4450615614743034,-0.18926679673465185
2933406,BA,3,0.6666666666666666,0.58431847302446,-0.08234819364220658
2933455,BA,5,0.8,0.593541490229313,-0.20645850977068703
2933505,BA,6,0.5,0.41012711103591465,-0.08987288896408535
2933604,BA,27,0.6666666666666666,0.32959059485077863,-0.337076071815888
3100104,MG,1,1.0,0.8108022511112881,-0.18919774888871188
3100203,MG,5,0.8,0.6274541209652511,-0.17254587903474894
3100302,MG,4,0.5,0.7430613138443896,0.24306131384438956
3100708,MG,1,0.0,0.6655327638352669,0.6655327638352669
3100807,MG,2,1.0,0.8578080209171569,-0.1421919790828431
3100906,MG,7,0.8571428571428571,0.6317525517057848,-0.22539030543707228
3101003,MG,3,0.6666666666666666,0.6158912469653396,-0.05077541970132704
3101102,MG,12,0.75,0.5260187358531404,-0.2239812641468596
3101201,MG,2,1.0,0.7461158665140766,-0.2538841334859234
3101409,MG,1,1.0,0.726858091767018,-0.273141908232982
3101508,MG,14,0.42857142857142855,0.4743483373595621,0.04577690878813356
3101607,MG,29,0.7586206896551724,0.6136110515145949,-0.14500963814057743
3101631,MG,1,1.0,0.7417676267601274,-0.2582323732398726
3101706,MG,18,0.5,0.44536878736570146,-0.05463121263429854
3101805,MG,1,0.0,0.574552039886298,0.574552039886298
3101904,MG,5,1.0,0.5792360707649247,-0.42076392923507533
3102001,MG,13,0.9230769230769231,0.7259519847621216,-0.1971249383148015
3102050,MG,1,1.0,0.7972902496820344,-0.20270975031796556
3102100,MG,8,0.875,0.6057479904191334,-0.2692520095808666
3102308,MG,7,0.8571428571428571,0.5694786149236956,-0.28766424221916154
3102506,MG,1,1.0,0.5737485542629874,-0.42625144573701257
3102605,MG,17,0.5882352941176471,0.5890331034215927,0.0007978093039455736
3102704,MG,3,0.6666666666666666,0.6021693958470025,-0.06449727081966417
3102803,MG,3,0.3333333333333333,0.5438263982780136,0.21049306494468029
3102852,MG,1,1.0,0.7442383897850249,-0.2557616102149751
3102902,MG,4,1.0,0.6328487396338267,-0.3671512603661733
3103009,MG,2,0.5,0.6295105840512503,0.12951058405125027
3103207,MG,1,1.0,0.7657093879779217,-0.23429061202207835
3103306,MG,1,1.0,0.7644364190212203,-0.23556358097877972
3103405,MG,11,0.7272727272727273,0.5134225317124199,-0.21385019556030738
3103504,MG,36,0.6388888888888888,0.5352772976768494,-0.10361159121203944
3103603,MG,1,1.0,0.5774643421971855,-0.42253565780281455
3103702,MG,2,1.0,0.6961650872309657,-0.3038349127690343
3103751,MG,3,1.0,0.6584468390962398,-0.3415531609037602
3103801,MG,2,1.0,0.8086799951012036,-0.19132000489879641
3103900,MG,2,1.0,0.755159658511109,-0.244840341488891
3104007,MG,47,0.8297872340425532,0.6933640465036145,-0.13642318753893867
3104106,MG,1,1.0,0.7675366591180581,-0.23246334088194187
3104205,MG,25,0.88,0.7775826254730283,-0.10241737452697175
3104304,MG,4,0.75,0.7671866314419449,0.017186631441944877
3104403,MG,1,1.0,0.7427342280708684,-0.2572657719291316
3104452,MG,3,1.0,0.6659142130297093,-0.3340857869702907
3104502,MG,5,0.4,0.440259028555647,0.040259028555647
3104601,MG,5,1.0,0.737093754717788,-0.26290624528221196
3104700,MG,5,0.8,0.6029076333225316,-0.19709236667746843
3104809,MG,2,1.0,0.6220116632793127,-0.3779883367206873
3104908,MG,3,1.0,0.6566124936944466,-0.34338750630555337
3105004,MG,1,1.0,0.760952905746339,-0.239047094253661
3105103,MG,6,0.6666666666666666,0.7224631594151795,0.05579649274851284
3105301,MG,6,1.0,0.7460607484364686,-0.25393925156353137
3105400,MG,18,0.8888888888888888,0.5380064922855805,-0.35088239660330833
3105509,MG,2,0.5,0.6727733937112196,0.17277339371121958
3105608,MG,33,0.7878787878787878,0.6609881744400253,-0.1268906134387625
3105707,MG,5,0.4,0.5712101764993394,0.17121017649933934
3105905,MG,8,1.0,0.70022029960427,-0.29977970039573
3106002,MG,5,0.6,0.6408864316124586,0.04088643161245864
3106200,MG,698,0.7406876790830945,0.5687813143149509,-0.17190636476814358
3106309,MG,12,0.6666666666666666,0.5823525076435252,-0.08431415902314143
3106408,MG,4,1.0,0.8863832724316604,-0.11361672756833963
3106655,MG,1,1.0,0.7837142542699461,-0.21628574573005388
3106705,MG,179,0.6927374301675978,0.5267642291437387,-0.16597320102385915
3106903,MG,4,0.75,0.5625258762863449,-0.18747412371365513
3107109,MG,20,0.7,0.5703611452631006,-0.1296388547368994
3107307,MG,20,0.7,0.6158873652996912,-0.08411263470030872
3107406,MG,26,0.9230769230769231,0.6166852401450811,-0.30639168293184205
3107505,MG,2,1.0,0.5775688013290966,-0.4224311986709034
3107604,MG,1,1.0,0.6649995657413447,-0.33500043425865533
3107703,MG,6,0.8333333333333334,0.7482457169604242,-0.08508761637290918
3107802,MG,8,1.0,0.6274043061760455,-0.3725956938239545
3107901,MG,5,0.8,0.5623379410646856,-0.23766205893531445
3108008,MG,5,0.8,0.6743943296344419,-0.12560567036555814
3108107,MG,1,1.0,0.6668482476718793,-0.33315175232812066
3108206,MG,2,0.5,0.7258780973385074,0.2258780973385074
3108255,MG,1,0.0,0.5123497966983763,0.5123497966983763
3108305,MG,5,0.8,0.6745583707910565,-0.12544162920894353
3108404,MG,6,0.8333333333333334,0.7371420021873413,-0.0961913311459921
3108503,MG,5,0.6,0.6537785057559149,0.05377850575591492
3108552,MG,12,0.4166666666666667,0.5857856829001822,0.1691190162335155
3108602,MG,12,0.8333333333333334,0.6695815709849181,-0.16375176234841526
3108701,MG,2,1.0,0.7723036670554538,-0.22769633294454616
3108909,MG,7,0.7142857142857143,0.6773617168361376,-0.03692399744957675
3109006,MG,21,0.8571428571428571,0.6285994008646505,-0.2285434562782066
3109105,MG,4,0.5,0.6502609176152804,0.15026091761528038
3109204,MG,1,1.0,0.6787326990300958,-0.3212673009699042
3109253,MG,5,0.8,0.8486002822410674,0.04860028224106738
3109303,MG,21,0.47619047619047616,0.498131358198694,0.02194088200821781
3109402,MG,9,0.7777777777777778,0.518666461832412,-0.25911131594536574
3109451,MG,4,0.25,0.4478291844829459,0.1978291844829459
3109501,MG,5,0.8,0.7420012515911875,-0.057998748408812584
3109600,MG,2,1.0,0.6825772306302449,-0.3174227693697551
3109709,MG,2,0.5,0.6855534154012045,0.1855534154012045
3109907,MG,5,0.6,0.6209070718268357,0.02090707182683571
3110004,MG,13,0.6923076923076923,0.5690774033403908,-0.12323028896730148
3110103,MG,2,0.5,0.6979159307697256,0.19791593076972558
3110202,MG,3,1.0,0.6855156789938803,-0.31448432100611967
3110301,MG,4,0.5,0.6059049659767595,0.10590496597675947
3110400,MG,4,0.75,0.8380780762980665,0.08807807629806652
3110509,MG,13,0.6923076923076923,0.5053679173808499,-0.18693977492684244
3110608,MG,15,0.8666666666666667,0.6452443779294865,-0.22142228873718017
3110707,MG,2,1.0,0.7213296122057137,-0.2786703877942863
3110905,MG,11,0.7272727272727273,0.5318482730839742,-0.1954244541887531
3111002,MG,7,0.5714285714285714,0.7096406764666817,0.13821210503811032
3111101,MG,3,0.6666666666666666,0.5985884939387752,-0.0680781727278914
3111150,MG,3,1.0,0.7396034322834896,-0.26039656771651043
3111200,MG,21,0.8095238095238095,0.6747553087113344,-0.13476850081247516
3111309,MG,5,1.0,0.6462077358559816,-0.35379226414401843
3111408,MG,9,0.5555555555555556,0.4991532989106774,-0.05640225664487819
3111507,MG,5,0.8,0.5580795305697775,-0.2419204694302225
3111606,MG,10,0.5,0.6167128138792766,0.11671281387927657
3111705,MG,1,1.0,0.7659528202714938,-0.2340471797285062
3111804,MG,8,0.875,0.6147620970717552,-0.2602379029282448
3111903,MG,1,1.0,0.7393389218964059,-0.26066107810359407
3112000,MG,7,1.0,0.7755721181527597,-0.22442788184724027
3112059,MG,3,0.6666666666666666,0.572892771299908,-0.09377389536675862
3112109,MG,4,0.5,0.657012360060997,0.15701236006099695
3112208,MG,1,1.0,0.6980794173493702,-0.3019205826506298
3112307,MG,17,0.8235294117647058,0.689477612124504,-0.13405179964020186
3112406,MG,3,1.0,0.5647147400849389,-0.43528525991506106
3112505,MG,7,0.2857142857142857,0.5948714952415385,0.3091572095272528
3112604,MG,6,0.3333333333333333,0.5851708535482913,0.25183752021495803
3112653,MG,2,1.0,0.5524651110024708,-0.44753488899752925
3112703,MG,5,0.6,0.5946980469662534,-0.005301953033746587
3112802,MG,5,1.0,0.6801173652242283,-0.3198826347757717
3112901,MG,4,0.75,0.7246422288292025,-0.025357771170797516
3113008,MG,6,0.6666666666666666,0.5682856388542904,-0.09838102781237623
3113206,MG,9,0.7777777777777778,0.7064445618573236,-0.07133321592045416
3113305,MG,15,0.6666666666666666,0.4401802019941154,-0.22648646467255124
3113404,MG,31,0.6774193548387096,0.5643246802355282,-0.11309467460318146
3113503,MG,3,0.6666666666666666,0.6738608339024793,0.007194167235812676
3113701,MG,6,0.6666666666666666,0.49174511017493533,-0.1749215564917313
3113909,MG,6,0.6666666666666666,0.6972342527182921,0.03056758605162546
3114006,MG,5,0.8,0.6022456193184871,-0.19775438068151296
3114105,MG,5,1.0,0.6459962086389959,-0.3540037913610041
3114204,MG,11,0.9090909090909091,0.6085932107280693,-0.3004976983628398
3114303,MG,16,0.875,0.6674567917366748,-0.20754320826332517
3114402,MG,8,0.875,0.5801684360620973,-0.29483156393790266
3114501,MG,9,0.7777777777777778,0.7241155187555726,-0.05366225902220523
3114550,MG,5,0.8,0.5862712148455557,-0.21372878515444438
3114709,MG,1,1.0,0.7609357516497167,-0.23906424835028328
3114808,MG,2,1.0,0.7243430816039507,-0.27565691839604933
3114907,MG,1,1.0,0.7306942396038558,-0.2693057603961442
3115102,MG,6,1.0,0.6840429777145305,-0.3159570222854695
3115201,MG,1,1.0,0.6464321240634636,-0.3535678759365364
3115300,MG,10,0.7,0.5078714535185359,-0.19212854648146405
3115359,MG,5,0.8,0.6408096997014436,-0.1591903002985564
3115458,MG,1,0.0,0.4950985060924914,0.4950985060924914
3115508,MG,8,0.625,0.6730420957745867,0.048042095774586735
3115706,MG,1,1.0,0.6855826378314263,-0.31441736216857374
3115805,MG,2,1.0,0.7918205650551536,-0.20817943494484636
3115904,MG,2,0.5,0.4668548514980859,-0.03314514850191408
3116100,MG,5,0.8,0.5068725924293512,-0.2931274075706488
3116159,MG,5,1.0,0.6162416985046738,-0.3837583014953262
3116209,MG,2,1.0,0.7181517101718085,-0.28184828982819154
3116308,MG,3,1.0,0.7428378163147918,-0.25716218368520816
3116407,MG,3,1.0,0.7541663082020827,-0.24583369179791725
3116506,MG,3,1.0,0.7014565941648937,-0.2985434058351063
3116605,MG,15,0.8,0.7205469321822765,-0.07945306781772354
3116704,MG,3,0.6666666666666666,0.726234121989775,0.059567455323108365
3116803,MG,1,1.0,0.6713706610003007,-0.32862933899969926
3116902,MG,1,1.0,0.5908634907417539,-0.4091365092582461
3117009,MG,1,1.0,0.7285971490235823,-0.2714028509764177
3117108,MG,10,1.0,0.6934355167874983,-0.30656448321250174
3117207,MG,3,1.0,0.6958795897090466,-0.3041204102909534
3117306,MG,12,0.75,0.48541149443986126,-0.26458850556013874
3117405,MG,2,1.0,0.7155811156761481,-0.2844188843238519
3117504,MG,11,1.0,0.6564211110349518,-0.3435788889650482
3117603,MG,4,0.75,0.6155212140832522,-0.13447878591674778
3117702,MG,7,0.42857142857142855,0.7053429938518034,0.2767715652803749
3117801,MG,5,1.0,0.6891569721281791,-0.31084302787182094
3117876,MG,4,0.75,0.6017298373624271,-0.14827016263757287
3117900,MG,6,1.0,0.7539488967431863,-0.24605110325681367
3118007,MG,17,0.8823529411764706,0.6007172922428086,-0.281635648933662
3118106,MG,3,1.0,0.6689284606969094,-0.33107153930309063
3118205,MG,3,1.0,0.6474911323355695,-0.35250886766443046
3118304,MG,48,0.8541666666666666,0.6726007914665377,-0.1815658752001289
3118403,MG,9,0.6666666666666666,0.497765492278881,-0.16890117438778562
3118601,MG,220,0.6818181818181818,0.5480204358692553,-0.13379774594892646
3118700,MG,4,1.0,0.760052995430078,-0.23994700456992202
3118809,MG,8,1.0,0.6297881146403426,-0.37021188535965743
3118908,MG,1,1.0,0.7382851442987458,-0.2617148557012542
3119005,MG,1,1.0,0.5363287218635797,-0.4636712781364203
3119104,MG,7,0.8571428571428571,0.6436207156647331,-0.21352214147812398
3119302,MG,6,0.5,0.6277631665301201,0.1277631665301201
3119401,MG,31,0.8387096774193549,0.5213418008501981,-0.31736787656915677
3119500,MG,8,0.75,0.6721386162837598,-0.07786138371624018
3119708,MG,1,0.0,0.7574991515758899,0.7574991515758899
3119906,MG,3,0.6666666666666666,0.742825393118212,0.07615872645154542
3119955,MG,5,1.0,0.7969885047403616,-0.20301149525963835
3120003,MG,1,1.0,0.5578341916697285,-0.4421658083302715
3120102,MG,1,1.0,0.5547850069148286,-0.44521499308517143
3120151,MG,5,0.4,0.43379855025052516,0.03379855025052514
3120201,MG,5,1.0,0.6894265785987115,-0.3105734214012885
3120300,MG,2,1.0,0.5092948161623669,-0.49070518383763306
3120409,MG,3,1.0,0.745030780066882,-0.25496921993311805
3120508,MG,3,1.0,0.7134083852587675,-0.2865916147412325
3120607,MG,3,1.0,0.7659991557899261,-0.23400084421007394
3120805,MG,6,1.0,0.6486652934065487,-0.35133470659345134
3120839,MG,3,1.0,0.6865404288046865,-0.31345957119531354
3120870,MG,2,1.0,0.6747224671123686,-0.3252775328876314
3120904,MG,44,0.7954545454545454,0.6139495818348604,-0.18150496361968504
3121001,MG,4,0.5,0.7518341778617347,0.2518341778617347
3121100,MG,6,0.8333333333333334,0.6455931376661405,-0.1877401956671929
3121209,MG,1,1.0,0.6045961457050466,-0.3954038542949534
3121258,MG,1,0.0,0.400759571431837,0.400759571431837
3121308,MG,3,0.6666666666666666,0.7201859938727923,0.05351932720612562
3121407,MG,6,1.0,0.7234401604375137,-0.2765598395624863
3121506,MG,4,1.0,0.7923756092725287,-0.2076243907274713
3121605,MG,21,0.8095238095238095,0.6507119221228587,-0.15881188740095087
3121704,MG,1,1.0,0.691329030674389,-0.308670969325611
3121803,MG,1,1.0,0.7244067075632589,-0.27559329243674113
3121902,MG,1,1.0,0.5838632972606091,-0.41613670273939085
3122009,MG,6,0.6666666666666666,0.6017011180436258,-0.06496554862304083
3122108,MG,2,0.0,0.6215649241925985,0.6215649241925985
3122207,MG,2,1.0,0.7363628466372448,-0.26363715336275517
3122306,MG,65,0.7230769230769231,0.6357507224295954,-0.08732620064732766
3122405,MG,2,1.0,0.6779958702399983,-0.3220041297600017
3122454,MG,2,1.0,0.6027946345340971,-0.3972053654659029
3122470,MG,3,1.0,0.6619980832383424,-0.3380019167616576
3122702,MG,2,1.0,0.7288118252667772,-0.27118817473322276
3122900,MG,2,1.0,0.735823689121319,-0.264176310878681
3123007,MG,1,1.0,0.591253228397899,-0.40874677160210104
3123106,MG,2,1.0,0.5895994642505297,-0.41040053574947033
3123205,MG,5,0.8,0.6776611963122595,-0.12233880368774053
3123304,MG,2,0.5,0.7403602019307421,0.24036020193074215
3123601,MG,10,0.7,0.528042943778414,-0.17195705622158597
3123700,MG,3,0.6666666666666666,0.5539214497309612,-0.11274521693570538
3123809,MG,5,1.0,0.6344497599839555,-0.3655502400160445
3123858,MG,5,0.8,0.6586720241053412,-0.14132797589465884
3123908,MG,6,0.8333333333333334,0.7816188119284391,-0.0517145214048943
3124005,MG,5,0.8,0.7147148026816695,-0.08528519731833051
3124104,MG,37,0.6216216216216216,0.5551313075706096,-0.06649031405101202
3124203,MG,8,0.375,0.5826751061156518,0.20767510611565176
3124302,MG,10,0.7,0.6095451381673836,-0.0904548618326163
3124401,MG,4,0.25,0.6020239741852379,0.3520239741852379
3124500,MG,4,0.75,0.7680723456576874,0.01807234565768745
3124609,MG,1,1.0,0.680205602957447,-0.31979439704255297
3124807,MG,6,0.8333333333333334,0.6072012658768967,-0.22613206745643666
3124906,MG,4,1.0,0.5752027735506159,-0.4247972264493841
3125101,MG,45,0.6444444444444445,0.5780806741475351,-0.06636377029690943
3125309,MG,1,1.0,0.5101278815899214,-0.4898721184100786
3125408,MG,1,0.0,0.6645780877044255,0.6645780877044255
3125606,MG,3,1.0,0.611796515661811,-0.38820348433818896
3125705,MG,6,0.6666666666666666,0.6041393120380868,-0.06252735462857983
3125804,MG,2,1.0,0.6567056367597168,-0.3432943632402832
3125903,MG,1,1.0,0.6447172278839237,-0.3552827721160763
3125952,MG,1,1.0,0.6901684058666147,-0.30983159413338535
3126000,MG,3,0.6666666666666666,0.7397285694034261,0.0730619027367595
3126109,MG,21,0.5714285714285714,0.7060201890936258,0.13459161766505445
3126208,MG,4,1.0,0.6947248022104467,-0.30527519778955325
3126307,MG,1,1.0,0.6277279188683612,-0.3722720811316388
3126406,MG,1,1.0,0.7380220295616979,-0.26197797043830207
3126604,MG,2,1.0,0.4791959041685094,-0.5208040958314906
3126703,MG,6,0.6666666666666666,0.46502402209467536,-0.20164264457199127
3126752,MG,2,1.0,0.7128670448652726,-0.28713295513472736
3126901,MG,1,1.0,0.546887071900532,-0.453112928099468
3126950,MG,1,1.0,0.6600774066189025,-0.33992259338109754
3127008,MG,8,0.75,0.6293462047232431,-0.1206537952767569
3127057,MG,2,1.0,0.5782955250574943,-0.42170447494250574
3127073,MG,1,0.0,0.6088595097926597,0.6088595097926597
3127107,MG,17,0.8235294117647058,0.570329435200817,-0.2531999765638888
3127206,MG,3,1.0,0.6379690352908312,-0.36203096470916885
3127305,MG,3,1.0,0.5455347862645537,-0.45446521373544635
3127339,MG,1,1.0,0.5659580077253443,-0.4340419922746557
3127370,MG,2,1.0,0.7311929936364059,-0.2688070063635941
3127388,MG,2,1.0,0.7320722816586855,-0.26792771834131446
3127404,MG,1,1.0,0.7574916856370725,-0.24250831436292752
3127602,MG,1,1.0,0.7827619414995023,-0.2172380585004977
3127701,MG,103,0.7572815533980582,0.5884772268137289,-0.1688043265843293
3127800,MG,11,0.8181818181818182,0.7087835952828918,-0.10939822289892642
3128006,MG,18,0.5555555555555556,0.6077517416614389,0.05219618610588328
3128105,MG,5,1.0,0.6552086209720639,-0.3447913790279361
3128204,MG,1,1.0,0.6498697665818592,-0.35013023341814076
3128253,MG,3,0.6666666666666666,0.663411432422646,-0.0032552342440206328
3128303,MG,7,0.2857142857142857,0.5636955623740029,0.27798127665971717
3128501,MG,3,0.6666666666666666,0.7678570003572521,0.1011903336905855
3128600,MG,8,0.75,0.5229056578606258,-0.22709434213937418
3128709,MG,22,0.8636363636363636,0.580030000445328,-0.2836063631910356
3128808,MG,1,1.0,0.6155463798198962,-0.38445362018010376
3128907,MG,2,0.5,0.7076458713389789,0.20764587133897894
3129004,MG,3,1.0,0.6899860671524963,-0.31001393284750367
3129103,MG,1,0.0,0.7231259592483502,0.7231259592483502
3129202,MG,2,1.0,0.6074930193993414,-0.3925069806006586
3129301,MG,2,0.5,0.5867129130799138,0.0867129130799138
3129400,MG,2,0.5,0.7385002941954538,0.23850029419545382
3129509,MG,12,0.5833333333333334,0.5791440459583653,-0.004189287374968043
3129608,MG,3,1.0,0.6548334421086865,-0.34516655789131345
3129657,MG,2,0.5,0.5458204752559441,0.045820475255944126
3129707,MG,8,0.75,0.5499894415955354,-0.20001055840446458
3129806,MG,69,0.6811594202898551,0.5190701449673064,-0.1620892753225487
3129905,MG,4,0.5,0.5424187990258762,0.0424187990258762
3130051,MG,2,0.0,0.5019740623247351,0.5019740623247351
3130101,MG,15,0.7333333333333333,0.5869232740632992,-0.14641005927003403
3130200,MG,7,0.7142857142857143,0.671105494754379,-0.04318021953133533
3130309,MG,2,1.0,0.8852374719198238,-0.11476252808017617
3130408,MG,4,0.5,0.730234113468653,0.23023411346865297
3130507,MG,9,0.6666666666666666,0.5562967596930743,-0.11036990697359228
3130606,MG,1,1.0,0.7673197861834611,-0.23268021381653892
3130705,MG,5,0.6,0.4690546589530838,-0.13094534104691619
3130804,MG,3,1.0,0.7172240786463915,-0.2827759213536085
3130903,MG,11,0.9090909090909091,0.7202346851500646,-0.18885622394084445
3131000,MG,3,0.6666666666666666,0.6004823023928113,-0.06618436427385532
3131109,MG,4,0.75,0.5351461134017713,-0.21485388659822868
3131158,MG,14,0.5714285714285714,0.6234251819986483,0.05199661057007687
3131208,MG,18,0.7777777777777778,0.6756552372470943,-0.10212254053068348
3131307,MG,80,0.75,0.5825305518939061,-0.16746944810609388
3131406,MG,1,1.0,0.7135156234377924,-0.2864843765622076
3131505,MG,2,1.0,0.599030702251644,-0.400969297748356
3131604,MG,1,1.0,0.5536561973200038,-0.4463438026799962
3131703,MG,28,0.6785714285714286,0.5884976648506308,-0.09007376372079778
3131802,MG,5,0.8,0.7273615704571109,-0.07263842954288913
3131901,MG,28,0.9285714285714286,0.6876620076576118,-0.24090942091381684
3132008,MG,3,1.0,0.7854354398351863,-0.21456456016481373
3132107,MG,13,0.6923076923076923,0.55938967826124,-0.13291801404645232
3132206,MG,4,1.0,0.7640093249795133,-0.23599067502048665
3132305,MG,6,0.6666666666666666,0.5160449924313891,-0.1506216742352775
3132404,MG,38,0.7894736842105263,0.6664247852775069,-0.1230488989330194
3132503,MG,14,0.8571428571428571,0.7162010496437394,-0.14094180749911767
3132602,MG,1,1.0,0.5388004220478851,-0.46119957795211486
3132701,MG,7,1.0,0.4836278946384273,-0.5163721053615726
3132800,MG,1,1.0,0.7582862507624688,-0.2417137492375312
3132909,MG,3,1.0,0.6874581858247694,-0.31254181417523064
3133006,MG,4,0.75,0.7265424280227023,-0.023457571977297698
3133105,MG,2,0.5,0.6589442313190549,0.15894423131905488
3133204,MG,8,0.75,0.6434436396874101,-0.10655636031258986
3133303,MG,9,0.3333333333333333,0.4362437023953492,0.1029103690620159
3133402,MG,2,1.0,0.6466039761299656,-0.35339602387003444
3133501,MG,6,1.0,0.7137469941598206,-0.28625300584017943
3133600,MG,13,0.7692307692307693,0.6056365373874009,-0.1635942318433684
3133709,MG,6,0.6666666666666666,0.7455390311049285,0.07887236443826184
3133758,MG,4,1.0,0.7510086179857203,-0.24899138201427973
3133808,MG,36,0.9166666666666666,0.7578029852561177,-0.15886368141054896
3133907,MG,2,1.0,0.6554596930137697,-0.3445403069862303
3134004,MG,6,0.8333333333333334,0.5712602132738831,-0.26207312005945027
3134202,MG,37,0.8108108108108109,0.5341982239773955,-0.2766125868334154
3134301,MG,2,0.5,0.6030389092148885,0.10303890921488845
3134400,MG,12,0.8333333333333334,0.5448681880780648,-0.28846514525526856
3134509,MG,2,1.0,0.6212887508876694,-0.37871124911233056
3134608,MG,12,0.9166666666666666,0.6612316106359868,-0.25543505603067984
3134707,MG,3,0.0,0.4233661468290415,0.4233661468290415
3134806,MG,5,0.8,0.6997140981774274,-0.10028590182257269
3134905,MG,13,0.7692307692307693,0.6173538920734345,-0.15187687715733478
3135050,MG,29,0.7241379310344828,0.5764897875613703,-0.1476481434731125
3135076,MG,1,1.0,0.5826451413945034,-0.4173548586054966
3135100,MG,28,0.6785714285714286,0.5592665867743781,-0.11930484179705048
3135209,MG,20,0.8,0.3830866605088524,-0.41691333949114767
3135357,MG,2,0.5,0.7098728738598643,0.2098728738598643
3135407,MG,2,1.0,0.6474309035758462,-0.3525690964241538
3135506,MG,4,1.0,0.6872223906545506,-0.3127776093454494
3135605,MG,6,0.6666666666666666,0.5766405284589508,-0.09002613820771588
3135704,MG,2,1.0,0.5978035424127637,-0.4021964575872363
3135803,MG,6,0.5,0.4711225007536159,-0.02887749924638411
3135902,MG,2,1.0,0.7466742907810963,-0.25332570921890374
3136009,MG,3,1.0,0.5414029830076555,-0.45859701699234445
3136108,MG,4,1.0,0.7733212654809383,-0.22667873451906173
3136207,MG,30,0.7,0.6380543007488052,-0.06194569925119475
3136306,MG,21,0.8095238095238095,0.6125425357669317,-0.1969812737568778
3136405,MG,2,0.5,0.6502870967192281,0.15028709671922813
3136504,MG,8,1.0,0.6487113663430468,-0.3512886336569532
3136520,MG,5,0.6,0.5699988604329862,-0.03000113956701378
3136553,MG,3,1.0,0.7371294404263814,-0.2628705595736186
3136603,MG,3,0.6666666666666666,0.709225694068749,0.042559027402082394
3136652,MG,14,0.7142857142857143,0.5674034973744585,-0.1468822169112558
3136702,MG,122,0.639344262295082,0.4353808685886779,-0.2039633937064041
3136801,MG,1,0.0,0.6664987341732296,0.6664987341732296
3136900,MG,5,0.8,0.7366205155695893,-0.06337948443041075
3136959,MG,1,0.0,0.4298427073492783,0.4298427073492783
3137007,MG,5,0.2,0.3398307882657578,0.1398307882657578
3137106,MG,2,1.0,0.6044550050909988,-0.3955449949090012
3137205,MG,21,0.7619047619047619,0.6700976647539404,-0.09180709715082147
3137304,MG,2,0.5,0.6032233018682512,0.10322330186825124
3137403,MG,6,1.0,0.7636504921529202,-0.23634950784707975
3137502,MG,13,0.9230769230769231,0.7191728358045884,-0.20390408727233478
3137536,MG,7,0.7142857142857143,0.6469016832351928,-0.06738403105052149
3137601,MG,25,0.68,0.5516978586672965,-0.12830214133270357
3137700,MG,14,0.7857142857142857,0.5623938653441227,-0.22332042037016298
3137809,MG,12,0.8333333333333334,0.68387147399847,-0.14946185933486333
3138005,MG,1,1.0,0.7015126076138148,-0.29848739238618516
3138104,MG,2,0.0,0.5209876056879057,0.5209876056879057
3138203,MG,28,0.6785714285714286,0.5739281158006886,-0.10464331277074002
3138351,MG,3,1.0,0.7660606381387275,-0.2339393618612725
3138401,MG,18,0.6111111111111112,0.535427553599753,-0.07568355751135813
3138500,MG,2,1.0,0.631033217313092,-0.36896678268690797
3138609,MG,8,0.5,0.5011425052984416,0.0011425052984416206
3138625,MG,2,0.5,0.6223850079777412,0.12238500797774121
3138658,MG,7,0.8571428571428571,0.7390050521947972,-0.11813780494805992
3138682,MG,1,1.0,0.6852220097600256,-0.31477799023997444
3138708,MG,2,1.0,0.7868749809770723,-0.2131250190229277
3138807,MG,4,0.25,0.6651645967563186,0.41516459675631856
3138906,MG,3,0.6666666666666666,0.6814893296869414,0.014822663020274796
3139003,MG,9,0.7777777777777778,0.6637941660392861,-0.1139836117384917
3139102,MG,2,1.0,0.6873352272443325,-0.3126647727556675
3139201,MG,5,1.0,0.615496601069649,-0.384503398930351
3139250,MG,3,0.6666666666666666,0.49677596940232055,-0.16989069726434608
3139300,MG,3,0.3333333333333333,0.34652723476379405,0.01319390143046073
3139409,MG,32,0.875,0.5844612554875798,-0.29053874451242023
3139508,MG,9,0.5555555555555556,0.5808327506310909,0.025277195075535275
3139607,MG,8,0.875,0.5970494181511915,-0.2779505818488085
3139706,MG,2,0.0,0.6834746920282496,0.6834746920282496
3139805,MG,6,0.5,0.5140131614540572,0.014013161454057177
3139904,MG,6,0.8333333333333334,0.7306287721736253,-0.10270456115970805
3140001,MG,19,0.6842105263157895,0.5538253017925965,-0.130385224523193
3140159,MG,9,0.6666666666666666,0.6253746529565545,-0.04129201371011215
3140209,MG,2,1.0,0.6780909528117153,-0.3219090471882847
3140308,MG,2,0.0,0.5676531394404306,0.5676531394404306
3140407,MG,2,1.0,0.7391270230203075,-0.2608729769796925
3140506,MG,7,0.5714285714285714,0.5823881731415026,0.0109596017129312
3140530,MG,7,0.5714285714285714,0.5995274368579896,0.028098865429418196
3140555,MG,3,1.0,0.6022480932989109,-0.39775190670108906
3140704,MG,22,0.8181818181818182,0.7098864348702345,-0.10829538331158373
3140803,MG,1,1.0,0.6855029486357334,-0.31449705136426664
3140852,MG,5,0.4,0.41509106638254883,0.015091066382548812
3140902,MG,11,0.7272727272727273,0.524179349394051,-0.20309337787867632
3141009,MG,6,1.0,0.5900740580923723,-0.40992594190762766
3141108,MG,11,0.6363636363636364,0.49327699148137766,-0.1430866448822587
3141207,MG,1,1.0,0.8371103927442607,-0.1628896072557393
3141405,MG,8,1.0,0.6507783444961012,-0.34922165550389883
3141504,MG,1,1.0,0.6647303857219033,-0.33526961427809665
3141603,MG,3,1.0,0.7927510349434014,-0.20724896505659862
3141702,MG,2,1.0,0.6042249792711969,-0.3957750207288031
3141801,MG,11,0.9090909090909091,0.6920817323178725,-0.21700917677303655
3141900,MG,2,1.0,0.6405958207253942,-0.3594041792746058
3142007,MG,4,0.5,0.5058284556175093,0.005828455617509332
3142106,MG,1,1.0,0.6527664648425321,-0.3472335351574679
3142205,MG,7,0.8571428571428571,0.736617407580053,-0.12052544956280409
3142304,MG,2,1.0,0.6088899713503844,-0.39111002864961564
3142403,MG,1,1.0,0.7577877152351207,-0.24221228476487933
3142502,MG,2,1.0,0.7871193659243038,-0.21288063407569624
3142601,MG,7,0.7142857142857143,0.651509026946962,-0.0627766873387523
3142809,MG,4,0.5,0.5563645605122306,0.0563645605122306
3142908,MG,10,0.7,0.5698533831190689,-0.1301466168809311
3143005,MG,6,0.5,0.7171711090816212,0.21717110908162118
3143104,MG,15,0.8666666666666667,0.628558482849339,-0.23810818381732768
3143153,MG,2,1.0,0.7538744366466523,-0.24612556335334768
3143203,MG,9,0.8888888888888888,0.5148781764914376,-0.3740107123974512
3143302,MG,164,0.774390243902439,0.629851569238064,-0.1445386746643751
3143401,MG,10,0.9,0.6026453948437525,-0.29735460515624756
3143450,MG,1,1.0,0.7559159595388991,-0.24408404046110088
3143500,MG,4,0.5,0.6230642455577391,0.1230642455577391
3143708,MG,1,1.0,0.7136324368349618,-0.2863675631650382
3143807,MG,7,1.0,0.7253885374921826,-0.2746114625078174
3143906,MG,45,0.8444444444444444,0.668215179702169,-0.1762292647422754
3144003,MG,11,0.8181818181818182,0.6705727598470074,-0.14760905833481086
3144102,MG,8,0.625,0.5667925608241258,-0.05820743917587423
3144201,MG,3,1.0,0.7226633511278847,-0.2773366488721153
3144300,MG,7,0.42857142857142855,0.5541444950063678,0.1255730664349392
3144359,MG,5,0.8,0.6502706781104551,-0.1497293218895449
3144375,MG,2,1.0,0.5984260587976185,-0.40157394120238155
3144409,MG,2,1.0,0.7784748782779612,-0.22152512172203875
3144508,MG,3,0.3333333333333333,0.7603727137594057,0.4270393804260724
3144607,MG,8,1.0,0.5861932886766925,-0.4138067113233075
3144656,MG,8,0.875,0.5605635496459237,-0.3144364503540763
3144706,MG,4,0.75,0.5842594706782395,-0.16574052932176053
3144805,MG,36,0.8055555555555556,0.6513690744044749,-0.1541864811510807
3145000,MG,7,0.8571428571428571,0.7474809513333928,-0.10966190580946433
3145059,MG,7,0.7142857142857143,0.5368838328998414,-0.17740188138587287
3145109,MG,15,0.9333333333333333,0.7526128893676781,-0.18072044396565523
3145208,MG,74,0.8108108108108109,0.5845419069040622,-0.2262689039067487
3145307,MG,8,0.75,0.6574431118335129,-0.0925568881664871
3145356,MG,6,0.5,0.556110866339786,0.056110866339786014
3145372,MG,3,1.0,0.7169135280133516,-0.2830864719866484
3145406,MG,1,1.0,0.7240746581650247,-0.2759253418349753
3145455,MG,2,0.5,0.7530937777286588,0.2530937777286588
3145505,MG,1,1.0,0.7837373314190987,-0.21626266858090126
3145604,MG,7,0.8571428571428571,0.7519309701630165,-0.10521188697984063
3145703,MG,2,1.0,0.768616160860852,-0.23138383913914795
3145802,MG,1,1.0,0.4751619756871371,-0.524838024312863
3145851,MG,3,1.0,0.7216594174372909,-0.2783405825627091
3145877,MG,5,0.0,0.6820451805542349,0.6820451805542349
3145901,MG,18,0.7777777777777778,0.6319780162727177,-0.14579976150506013
3146008,MG,8,0.625,0.6524931126687981,0.02749311266879806
3146107,MG,22,0.7727272727272727,0.5852497209947729,-0.1874775517324998
3146206,MG,5,1.0,0.5280262358771272,-0.47197376412287284
3146255,MG,3,1.0,0.518851632038347,-0.48114836796165295
3146305,MG,3,1.0,0.48347793905839914,-0.5165220609416008
3146404,MG,1,1.0,0.7450789968215553,-0.2549210031784447
3146503,MG,1,1.0,0.7394434493182807,-0.26055655068171935
3146552,MG,3,1.0,0.7278511595948544,-0.27214884040514564
3146701,MG,1,1.0,0.5697889008375661,-0.43021109916243394
3146750,MG,5,0.4,0.5436896760585113,0.14368967605851124
3146909,MG,3,0.6666666666666666,0.6926441116536672,0.02597744498700061
3147006,MG,38,0.7105263157894737,0.5542986091454294,-0.15622770664404428
3147105,MG,48,0.8125,0.6169178795123463,-0.19558212048765367
3147204,MG,3,1.0,0.5816676333577551,-0.41833236664224493
3147303,MG,14,1.0,0.7013606383442195,-0.29863936165578053
3147402,MG,6,0.6666666666666666,0.5694910357520556,-0.09717563091461101
3147501,MG,1,1.0,0.795721618410854,-0.20427838158914602
3147600,MG,8,0.75,0.7049445183055749,-0.04505548169442508
3147709,MG,4,0.75,0.6243277165511826,-0.12567228344881742
3147808,MG,3,1.0,0.7130374948121537,-0.2869625051878463
3147907,MG,63,0.7619047619047619,0.6419695986279321,-0.11993516327682974
3147956,MG,1,1.0,0.8163207486467744,-0.1836792513532256
3148004,MG,55,0.7636363636363637,0.6057639229574424,-0.15787244067892126
3148103,MG,37,0.8378378378378378,0.627830338103672,-0.21000749973416588
3148202,MG,1,1.0,0.7595043525410945,-0.2404956474589055
3148301,MG,2,1.0,0.7472277417813012,-0.25277225821869875
3148400,MG,1,0.0,0.7776509347392349,0.7776509347392349
3148509,MG,4,0.75,0.7423991870381068,-0.0076008129618931886
3148608,MG,4,0.75,0.5816620625660027,-0.16833793743399728
3148707,MG,12,0.5,0.515241375064122,0.015241375064122042
3148756,MG,6,0.8333333333333334,0.6777034622604186,-0.15562987107291482
3148806,MG,4,1.0,0.7588252022810763,-0.2411747977189237
3148905,MG,1,1.0,0.799834750349352,-0.20016524965064797
3149002,MG,1,1.0,0.6080096416359104,-0.3919903583640896
3149101,MG,5,0.6,0.7587132169350973,0.15871321693509732
3149150,MG,4,0.75,0.43135794255758836,-0.31864205744241164
3149200,MG,3,1.0,0.7825036487285647,-0.2174963512714353
3149309,MG,32,0.84375,0.6040512752061133,-0.23969872479388665
3149507,MG,2,1.0,0.5818271608168435,-0.4181728391831565
3149606,MG,3,1.0,0.7660613541415581,-0.23393864585844193
3149705,MG,14,1.0,0.7670672109246321,-0.23293278907536785
3149804,MG,8,0.875,0.7480878480584454,-0.12691215194155459
3149903,MG,10,0.9,0.6900617113315519,-0.2099382886684481
3149952,MG,3,0.0,0.4448084841890347,0.4448084841890347
3150000,MG,2,0.5,0.7259905031433529,0.2259905031433529
3150109,MG,3,1.0,0.47741792158455826,-0.5225820784154418
3150158,MG,4,0.75,0.6483478991080359,-0.10165210089196408
3150208,MG,3,0.6666666666666666,0.6154699245343086,-0.05119674213235803
3150406,MG,2,1.0,0.776352819985723,-0.22364718001427697
3150505,MG,4,0.75,0.7281204877998607,-0.021879512200139284
3150539,MG,2,1.0,0.6735825877362823,-0.3264174122637177
3150570,MG,6,0.5,0.5541519070095035,0.05415190700950345
3150604,MG,3,0.3333333333333333,0.6822123076746943,0.348878974341361
3150703,MG,2,1.0,0.6767698679459543,-0.3232301320540457
3150802,MG,2,1.0,0.6681368798624395,-0.3318631201375605
3150901,MG,4,1.0,0.7204456146080956,-0.27955438539190436
3151008,MG,4,1.0,0.7097605140605141,-0.2902394859394859
3151107,MG,4,1.0,0.5491363407382787,-0.45086365926172134
3151206,MG,34,0.6176470588235294,0.5541072021009916,-0.06353985672253781
3151305,MG,3,1.0,0.762727901862689,-0.23727209813731098
3151404,MG,11,0.6363636363636364,0.6075669541316191,-0.028796682232017257
3151503,MG,14,0.7142857142857143,0.6279018325139422,-0.08638388177177214
3151602,MG,7,0.7142857142857143,0.5744471064056905,-0.13983860788002378
3151701,MG,7,0.7142857142857143,0.5469921926545153,-0.16729352163119904
3151800,MG,58,0.8793103448275862,0.6410488492679026,-0.23826149555968357
3152006,MG,20,0.65,0.5408054898619803,-0.10919451013801973
3152105,MG,18,0.7222222222222222,0.6514516310770566,-0.0707705911451656
3152131,MG,3,0.6666666666666666,0.6638182406696779,-0.002848425996988757
3152170,MG,4,0.5,0.631969667297735,0.13196966729773496
3152204,MG,19,0.7894736842105263,0.6375204870870271,-0.1519531971234992
3152402,MG,8,0.375,0.5695293283566943,0.19452932835669434
3152501,MG,54,0.7407407407407407,0.5895856735700433,-0.15115506717069738
3152600,MG,3,0.6666666666666666,0.725768453813242,0.059101787146575324
3152709,MG,4,1.0,0.7848050282595883,-0.2151949717404117
3152808,MG,14,0.6428571428571429,0.477064374013621,-0.1657927688435219
3152907,MG,2,1.0,0.6956047857070646,-0.30439521429293537
3153004,MG,3,0.6666666666666666,0.7055082768315843,0.03884161016491772
3153202,MG,1,1.0,0.6719507190253661,-0.32804928097463393
3153301,MG,1,1.0,0.742908113346727,-0.257091886653273
3153400,MG,7,1.0,0.681263142259745,-0.31873685774025495
3153509,MG,5,0.8,0.6613988674232407,-0.13860113257675932
3153608,MG,6,0.3333333333333333,0.5097608612757731,0.17642752794243982
3153707,MG,1,0.0,0.557164100783655,0.557164100783655
3153905,MG,5,0.8,0.5400204845766425,-0.2599795154233575
3154002,MG,11,0.9090909090909091,0.6890049345742537,-0.22008597451665535
3154101,MG,2,0.5,0.5607530980239905,0.06075309802399054
3154150,MG,5,0.6,0.6884365891703587,0.08843658917035868
3154200,MG,2,0.5,0.6882169439265099,0.1882169439265099
3154309,MG,8,0.5,0.5760603907227462,0.07606039072274617
3154408,MG,1,1.0,0.7317867688868215,-0.2682132311131785
3154457,MG,3,0.6666666666666666,0.7087311572530813,0.042064490586414705
3154507,MG,7,0.7142857142857143,0.6965732736577112,-0.017712440628003145
3154606,MG,132,0.7121212121212122,0.43184494658102934,-0.2802762655401828
3154705,MG,2,1.0,0.6479000316776168,-0.3520999683223832
3154804,MG,6,0.8333333333333334,0.592917781058384,-0.24041555227494937
3154903,MG,4,0.75,0.5645590773602692,-0.18544092263973078
3155009,MG,1,1.0,0.7814686038494824,-0.21853139615051764
3155108,MG,1,1.0,0.6760900843078493,-0.32390991569215066
3155306,MG,4,0.75,0.7430252453582585,-0.006974754641741465
3155504,MG,6,1.0,0.6028123955133537,-0.39718760448664625
3155603,MG,9,1.0,0.7017241636204861,-0.29827583637951394
3155702,MG,8,0.875,0.6799150041369025,-0.19508499586309747
3155801,MG,6,0.8333333333333334,0.6969204139399716,-0.13641291939336175
3156007,MG,2,0.5,0.5526904760632196,0.05269047606321964
3156106,MG,3,0.6666666666666666,0.7707131711919684,0.10404650452530173
3156205,MG,3,1.0,0.653685148740388,-0.34631485125961203
3156304,MG,3,0.6666666666666666,0.6310842425127153,-0.0355824241539513
3156403,MG,1,1.0,0.7546774752531795,-0.24532252474682048
3156452,MG,3,0.6666666666666666,0.6398016699306339,-0.02686499673603271
3156601,MG,3,0.6666666666666666,0.6045341566719413,-0.062132509994725305
3156700,MG,48,0.8333333333333334,0.5798834244425303,-0.2534499088908031
3156809,MG,1,1.0,0.6509628092422121,-0.34903719075778794
3156908,MG,16,0.875,0.6973402389055524,-0.1776597610944476
3157005,MG,12,0.8333333333333334,0.7073565711015449,-0.12597676223178844
3157104,MG,2,0.5,0.4823622802520305,-0.017637719747969516
3157203,MG,9,0.7777777777777778,0.5193086926406683,-0.25846908513710953
3157252,MG,7,0.8571428571428571,0.6244509749541397,-0.2326918821887174
3157278,MG,1,0.0,0.563136529826722,0.563136529826722
3157302,MG,3,1.0,0.7557135734748509,-0.2442864265251491
3157336,MG,4,1.0,0.4919971262537338,-0.5080028737462662
3157377,MG,4,1.0,0.7282516690033565,-0.27174833099664353
3157401,MG,1,1.0,0.5332935561140241,-0.46670644388597593
3157500,MG,2,1.0,0.614998087383061,-0.38500191261693895
3157609,MG,1,0.0,0.538887474239934,0.538887474239934
3157658,MG,5,1.0,0.7671603001229278,-0.2328396998770722
3157708,MG,7,0.7142857142857143,0.498207297291721,-0.21607841699399333
3157807,MG,101,0.6831683168316832,0.5745504895453537,-0.10861782728632952
3157906,MG,13,0.6923076923076923,0.5792572729596026,-0.11305041934808968
3158003,MG,2,0.5,0.5340059255838259,0.03400592558382587
3158102,MG,2,0.5,0.6089137778029439,0.10891377780294387
3158201,MG,7,0.5714285714285714,0.6753026152078938,0.10387404377932241
3158300,MG,6,0.8333333333333334,0.6171776552570575,-0.2161556780762759
3158409,MG,3,0.6666666666666666,0.7296033098653064,0.06293664319863979
3158508,MG,3,1.0,0.6399372187974363,-0.36006278120256374
3158607,MG,2,0.5,0.7168060632974168,0.2168060632974168
3158706,MG,1,1.0,0.6898496951833233,-0.3101503048166767
3158904,MG,8,0.875,0.5772312414686737,-0.29776875853132634
3158953,MG,23,0.7391304347826086,0.6000418525581884,-0.13908858222442022
3159001,MG,3,1.0,0.6526953324294548,-0.34730466757054523
3159100,MG,1,1.0,0.6552062320035545,-0.34479376799644545
3159209,MG,7,0.8571428571428571,0.769954244327098,-0.08718861281575907
3159308,MG,2,1.0,0.5267980378955633,-0.47320196210443666
3159357,MG,4,1.0,0.5359049225349588,-0.4640950774650412
3159506,MG,6,0.8333333333333334,0.6419497274573891,-0.19138360587594427
3159605,MG,16,0.875,0.6056015606402929,-0.2693984393597071
3159704,MG,2,1.0,0.7451496376915162,-0.2548503623084838
3159803,MG,13,0.7692307692307693,0.5643763244735486,-0.2048544447572207
3159902,MG,7,0.5714285714285714,0.6962508135925816,0.12482224216401017
3160009,MG,3,1.0,0.6651858256135226,-0.3348141743864774
3160108,MG,2,0.5,0.7422769291848718,0.24227692918487176
3160306,MG,1,1.0,0.6098902440335345,-0.39010975596646547
3160405,MG,15,0.7333333333333333,0.7453238652327799,0.011990531899446655
3160454,MG,3,0.6666666666666666,0.6386829965166648,-0.027983670150001805
3160504,MG,2,1.0,0.7199001644987898,-0.2800998355012102
3160603,MG,1,1.0,0.7258568325239115,-0.27414316747608847
3160702,MG,13,0.9230769230769231,0.6201843345897623,-0.30289258848716083
3160801,MG,3,1.0,0.7195847002863932,-0.2804152997136068
3160959,MG,4,1.0,0.867707719498933,-0.132292280501067
3161007,MG,6,0.8333333333333334,0.7017943908980436,-0.13153894243528974
3161056,MG,3,0.6666666666666666,0.7672062967846497,0.10053963011798306
3161106,MG,36,0.6666666666666666,0.5206686430780763,-0.14599802358859038
3161205,MG,1,1.0,0.7348947840204613,-0.26510521597953873
3161304,MG,2,1.0,0.6519248908058485,-0.3480751091941515
3161403,MG,1,1.0,0.7556858949863475,-0.24431410501365247
3161502,MG,7,0.8571428571428571,0.7233830528461028,-0.13375980429675427
3161601,MG,3,1.0,0.7053079714340879,-0.29469202856591215
3161700,MG,3,1.0,0.7668644670921353,-0.2331355329078647
3161809,MG,4,1.0,0.6932446755049398,-0.30675532449506016
3161908,MG,4,0.75,0.8103144633533841,0.060314463353384085
3162005,MG,8,0.5,0.6439438020466891,0.1439438020466891
3162104,MG,23,0.6956521739130435,0.5943180454646599,-0.10133412844838352
3162203,MG,6,1.0,0.7326674949018025,-0.2673325050981975
3162252,MG,1,1.0,0.6394704426752353,-0.36052955732476466
3162302,MG,4,1.0,0.6762097618166142,-0.3237902381833858
3162401,MG,5,1.0,0.6828801204103288,-0.31711987958967125
3162450,MG,2,1.0,0.3751426610073424,-0.6248573389926576
3162500,MG,25,0.84,0.6256431844086504,-0.21435681559134956
3162559,MG,6,1.0,0.6451684538781597,-0.3548315461218403
3162575,MG,3,1.0,0.66132013302966,-0.33867986697034
3162609,MG,5,1.0,0.6714237649031166,-0.3285762350968834
3162658,MG,1,1.0,0.7351909062580289,-0.26480909374197115
3162708,MG,7,1.0,0.7398607352944343,-0.2601392647055657
3162807,MG,11,1.0,0.5974541812204295,-0.4025458187795705
3162906,MG,7,0.5714285714285714,0.5731889657432909,0.0017603943147195267
3162922,MG,18,0.9444444444444444,0.7232471485962393,-0.22119729584820513
3162948,MG,6,0.6666666666666666,0.7474257644385149,0.08075909777184831
3162955,MG,10,0.5,0.6446660277503693,0.1446660277503693
3163003,MG,4,0.75,0.7371394278743022,-0.0128605721256978
3163102,MG,4,0.75,0.736826977234949,-0.013173022765050946
3163300,MG,1,1.0,0.535170618052112,-0.46482938194788803
3163409,MG,2,1.0,0.7476869938299642,-0.2523130061700358
3163508,MG,6,0.5,0.7185850372534329,0.21858503725343292
3163607,MG,3,1.0,0.6851836623091762,-0.31481633769082384
3163706,MG,13,0.8461538461538461,0.7043863806136972,-0.14176746554014896
3163805,MG,1,1.0,0.7434420725726071,-0.2565579274273929
3163904,MG,2,1.0,0.7809620952801485,-0.21903790471985152
3164001,MG,3,0.6666666666666666,0.6256989529542997,-0.04096771371236696
3164100,MG,3,1.0,0.7328161947908307,-0.2671838052091693
3164209,MG,4,1.0,0.6373759821978934,-0.3626240178021066
3164308,MG,2,1.0,0.7314858971401581,-0.2685141028598419
3164407,MG,4,1.0,0.7693508500222231,-0.23064914997777686
3164431,MG,2,1.0,0.7033877293163726,-0.2966122706836274
3164472,MG,4,0.75,0.7192255547047477,-0.030774445295252306
3164605,MG,6,1.0,0.7154403086191322,-0.2845596913808678
3164704,MG,31,0.6774193548387096,0.6786290288598471,0.0012096740211374746
3164902,MG,4,1.0,0.7478216455377458,-0.25217835446225423
3165008,MG,4,1.0,0.835248162569904,-0.16475183743009603
3165107,MG,3,0.6666666666666666,0.6999849988632992,0.033318332196632605
3165206,MG,3,1.0,0.7504926378392981,-0.2495073621607019
3165305,MG,2,1.0,0.7388855184193045,-0.2611144815806955
3165404,MG,4,1.0,0.643913148274319,-0.356086851725681
3165503,MG,3,1.0,0.6792416076306762,-0.3207583923693238
3165537,MG,18,0.8333333333333334,0.6669365588194157,-0.16639677451391766
3165552,MG,5,0.6,0.5068798928942522,-0.0931201071057478
3165560,MG,2,1.0,0.7902290055657717,-0.2097709944342283
3165578,MG,3,1.0,0.6099328973143675,-0.3900671026856325
3165701,MG,6,0.8333333333333334,0.6891378443975013,-0.14419548893583212
3165909,MG,2,1.0,0.7711579005294616,-0.22884209947053835
3166006,MG,1,1.0,0.7662156815765115,-0.23378431842348846
3166204,MG,2,1.0,0.7442938977759264,-0.25570610222407364
3166303,MG,2,1.0,0.7025199336931113,-0.2974800663068887
3166402,MG,2,1.0,0.69357619732604,-0.30642380267395997
3166709,MG,3,1.0,0.5573059051620435,-0.4426940948379565
3166808,MG,3,1.0,0.6290340149261088,-0.3709659850738912
3166907,MG,4,0.5,0.7080411760029403,0.20804117600294025
3166956,MG,3,1.0,0.8862636222143947,-0.1137363777856053
3167004,MG,1,1.0,0.6248200409535245,-0.3751799590464755
3167202,MG,75,0.6533333333333333,0.5698845220592896,-0.08344881127404369
3167301,MG,2,1.0,0.7743078916066407,-0.2256921083933593
3167400,MG,4,0.5,0.7016685026758397,0.2016685026758397
3167509,MG,1,1.0,0.4429824133513341,-0.557017586648666
3167608,MG,12,0.8333333333333334,0.5750877614921145,-0.2582455718412189
3167707,MG,1,1.0,0.7124021322828352,-0.2875978677171648
3167806,MG,2,1.0,0.7231355568081305,-0.27686444319186954
3167905,MG,3,0.6666666666666666,0.7792577977838858,0.11259113111721919
3168002,MG,19,0.8421052631578947,0.6930426034331189,-0.14906265972477584
3168051,MG,3,0.6666666666666666,0.6155157383400266,-0.05115092832664003
3168101,MG,1,0.0,0.5680595156357892,0.5680595156357892
3168309,MG,1,1.0,0.7316510301736564,-0.2683489698263436
3168408,MG,4,1.0,0.6508313684677576,-0.3491686315322424
3168507,MG,6,0.8333333333333334,0.6466769080755627,-0.1866564252577707
3168606,MG,51,0.7058823529411765,0.5432487463129265,-0.16263360662825
3168705,MG,23,0.6521739130434783,0.6050392520503152,-0.0471346609931631
3168804,MG,2,0.5,0.6169552934505279,0.11695529345052791
3168903,MG,9,0.5555555555555556,0.7493839006698219,0.19382834511426628
3169000,MG,10,0.8,0.5891162476953445,-0.2108837523046555
3169109,MG,4,0.75,0.6811126278840997,-0.06888737211590035
3169208,MG,4,0.5,0.5188354854483871,0.01883548544838709
3169307,MG,29,0.5517241379310345,0.5348439100130854,-0.016880227917949076
3169356,MG,17,0.8235294117647058,0.6474462091042934,-0.17608320266041244
3169406,MG,25,0.76,0.680614301183578,-0.07938569881642199
3169505,MG,2,1.0,0.5689039616275542,-0.4310960383724458
3169604,MG,11,0.2727272727272727,0.4519930878722208,0.1792658151449481
3169703,MG,10,0.8,0.6452927416514301,-0.1547072583485699
3169802,MG,2,1.0,0.6269816875758017,-0.37301831242419825
3169901,MG,42,0.6904761904761905,0.6826936566715093,-0.007782533804681191
3170008,MG,3,1.0,0.5416807447798655,-0.4583192552201345
3170057,MG,9,0.5555555555555556,0.5778050650418406,0.022249509486285013
3170107,MG,116,0.6293103448275862,0.5064896970055252,-0.12282064782206104
3170206,MG,248,0.7137096774193549,0.5320689916866911,-0.1816406857326638
3170404,MG,30,0.6666666666666666,0.5217406937365144,-0.1449259729301522
3170438,MG,2,1.0,0.6898140506774615,-0.3101859493225385
3170479,MG,3,1.0,0.6304962164623095,-0.36950378353769053
3170503,MG,7,0.7142857142857143,0.6357129494017276,-0.07857276488398668
3170529,MG,4,0.75,0.5056457009562662,-0.24435429904373385
3170578,MG,5,1.0,0.6840863194621313,-0.3159136805378687
3170602,MG,2,1.0,0.5732837329712099,-0.42671626702879006
3170651,MG,3,0.3333333333333333,0.7391312922807923,0.405797958947459
3170701,MG,43,0.6744186046511628,0.5711498485488372,-0.10326875610232555
3170750,MG,2,1.0,0.7591698308902352,-0.24083016910976485
3170800,MG,10,0.8,0.529322228439107,-0.270677771560893
3170909,MG,6,0.3333333333333333,0.5420545686223334,0.20872123528900005
3171006,MG,6,0.8333333333333334,0.5507883553039735,-0.28254497802935985
3171071,MG,1,1.0,0.7071158065981106,-0.2928841934018894
3171105,MG,3,1.0,0.6730710664986935,-0.3269289335013065
3171154,MG,1,1.0,0.6777702297409008,-0.32222977025909916
3171204,MG,65,0.6461538461538462,0.5220428732525014,-0.12411097290134476
3171303,MG,21,0.8095238095238095,0.6073974968879599,-0.20212631263584968
3171402,MG,1,1.0,0.6017487317706942,-0.3982512682293058
3171501,MG,1,1.0,0.7017221116655223,-0.29827788833447766
3171600,MG,2,0.5,0.7192544523211082,0.21925445232110818
3171709,MG,4,0.5,0.7077088419074112,0.20770884190741123
3171808,MG,5,0.8,0.5952114250425006,-0.20478857495749947
3171907,MG,2,1.0,0.7443185226736226,-0.25568147732637736
3172004,MG,24,0.625,0.5636959216422878,-0.06130407835771223
3172103,MG,1,1.0,0.6767419604445812,-0.32325803955541876
3200102,ES,22,0.9090909090909091,0.851598419666881,-0.05749248942402807
3200136,ES,3,1.0,0.9060853639587324,-0.0939146360412676
3200169,ES,5,1.0,0.8132472395342043,-0.1867527604657957
3200201,ES,15,0.5333333333333333,0.7076530879566358,0.17431975462330251
3200300,ES,7,1.0,0.7703206260943377,-0.2296793739056623
3200359,ES,5,1.0,0.7530025890705376,-0.24699741092946237
3200409,ES,14,0.7142857142857143,0.7963022139591972,0.0820164996734829
3200508,ES,4,0.75,0.6895881711361072,-0.06041182886389285
3200607,ES,48,0.625,0.6507833887496395,0.02578338874963948
3200706,ES,5,1.0,0.7858912435970568,-0.21410875640294325
3200805,ES,17,0.8235294117647058,0.6337738371424634,-0.18975557462224246
3200904,ES,20,1.0,0.7752775609566953,-0.2247224390433047
3201001,ES,3,0.6666666666666666,0.7868517704291299,0.12018510376246327
3201100,ES,3,0.6666666666666666,0.6183182428932419,-0.04834842377342474
3201159,ES,9,1.0,0.7456301866173488,-0.2543698133826512
3201209,ES,81,0.8395061728395061,0.610550329473973,-0.2289558433655331
3201308,ES,187,0.6417112299465241,0.5245229386477099,-0.11718829129881414
3201407,ES,14,0.8571428571428571,0.7391848662897688,-0.11795799085308833
3201506,ES,52,0.8653846153846154,0.7499009507228203,-0.11548366466179516
3201605,ES,10,0.8,0.6769843245880542,-0.1230156754119458
3201704,ES,8,0.875,0.774768531084177,-0.10023146891582302
3201803,ES,2,1.0,0.7451150591840533,-0.2548849408159467
3201902,ES,14,0.9285714285714286,0.7731219114620723,-0.15544951710935628
3202009,ES,4,1.0,0.7435326613315579,-0.25646733866844207
3202108,ES,12,0.8333333333333334,0.7381112400472176,-0.09522209328611575
3202207,ES,10,0.7,0.5755257071435799,-0.12447429285642009
3202256,ES,7,0.7142857142857143,0.7133966584817795,-0.0008890558039348351
3202306,ES,12,0.75,0.7051658865565917,-0.04483411344340826
3202405,ES,63,0.9047619047619048,0.7070403050258294,-0.1977215997360754
3202454,ES,13,0.6923076923076923,0.7281678587097904,0.035860166402098104
3202504,ES,4,0.75,0.7338823061183682,-0.016117693881631756
3202553,ES,7,0.8571428571428571,0.77258084312233,-0.0845620140205271
3202603,ES,6,0.8333333333333334,0.7404577854994981,-0.09287554783383523
3202652,ES,7,1.0,0.76853736265847,-0.23146263734153005
3202702,ES,8,0.875,0.8051047065263197,-0.06989529347368029
3202801,ES,21,0.6666666666666666,0.6969970945929602,0.03033042792629359
3202900,ES,3,1.0,0.7663204394445485,-0.23367956055545147
3203007,ES,18,0.8333333333333334,0.6406636684047853,-0.1926696649285481
3203056,ES,15,0.8666666666666667,0.7333680212581312,-0.13329864540853553
3203106,ES,5,1.0,0.7305623841682667,-0.2694376158317333
3203130,ES,3,0.6666666666666666,0.6869873206938794,0.020320654027212726
3203163,ES,3,1.0,0.7874487786983274,-0.2125512213016726
3203205,ES,83,0.7590361445783133,0.5994398682596888,-0.1595962763186245
3203304,ES,7,1.0,0.910422464109318,-0.08957753589068196
3203320,ES,20,0.7,0.6047217322348147,-0.09527826776518522
3203346,ES,13,0.6923076923076923,0.748987529701349,0.056679837393656674
3203353,ES,10,1.0,0.757588089692521,-0.242411910307479
3203403,ES,9,0.8888888888888888,0.6656814899209434,-0.2232073989679454
3203502,ES,10,0.8,0.7114154152903679,-0.08858458470963215
3203601,ES,3,1.0,0.7597459802630565,-0.2402540197369435
3203700,ES,5,0.6,0.793418173488478,0.193418173488478
3203809,ES,4,1.0,0.6989466625212452,-0.30105333747875485
3203908,ES,24,0.9166666666666666,0.6757171858859049,-0.24094948078076173
3204005,ES,6,0.8333333333333334,0.7847586035545295,-0.04857472977880384
3204054,ES,10,0.6,0.7586031513929888,0.15860315139298886
3204104,ES,10,0.9,0.7337013989309557,-0.16629860106904437
3204203,ES,11,0.6363636363636364,0.6412672034578099,0.0049035670941735
3204252,ES,5,0.8,0.781345301772072,-0.01865469822792809
3204302,ES,11,0.9090909090909091,0.6606291839170807,-0.24846172517382836
3204351,ES,13,0.9230769230769231,0.7739219347339243,-0.14915498834299878
3204401,ES,5,0.4,0.725960191603989,0.3259601916039889
3204500,ES,3,1.0,0.7582677853637999,-0.2417322146362001
3204559,ES,21,0.8095238095238095,0.6459910940888783,-0.1635327154349312
3204609,ES,9,0.7777777777777778,0.7832871667306203,0.0055093889528424755
3204658,ES,2,1.0,0.7842589116397042,-0.21574108836029582
3204708,ES,17,0.7647058823529411,0.7400829466142206,-0.02462293573872054
3204807,ES,13,0.9230769230769231,0.7055054328766356,-0.21757149020028754
3204906,ES,49,0.8367346938775511,0.5302648006190456,-0.3064698932585055
3204955,ES,4,1.0,0.785849613113951,-0.21415038688604904
3205002,ES,291,0.6460481099656358,0.5207096321671022,-0.12533847779853358
3205010,ES,16,0.75,0.7127365655720753,-0.03726343442792468
3205036,ES,7,0.5714285714285714,0.6546938544948607,0.08326528306628933
3205069,ES,8,1.0,0.7682350461337067,-0.23176495386629326
3205101,ES,53,0.6415094339622641,0.6313938741428844,-0.010115559819379727
3205150,ES,4,1.0,0.6885468424021219,-0.31145315759787806
3205176,ES,10,0.9,0.7211001231617306,-0.17889987683826947
3205200,ES,178,0.7808988764044944,0.6403786897750717,-0.14052018662942267
3205309,ES,118,0.8220338983050848,0.6649501238300153,-0.1570837744750695
3300100,RJ,60,0.7666666666666667,0.4877132262838679,-0.27895344038279885
3300159,RJ,3,0.6666666666666666,0.5468931168797855,-0.11977354978688115
3300209,RJ,60,0.65,0.41049269486969,-0.23950730513031004
3300225,RJ,6,0.5,0.5362846750444948,0.03628467504449484
3300233,RJ,20,0.85,0.5640561913583549,-0.28594380864164504
3300258,RJ,21,0.7619047619047619,0.46213725383960186,-0.29976750806516
3300308,RJ,20,0.6,0.3213769280952831,-0.27862307190471686
3300407,RJ,58,0.6724137931034483,0.5242916374291026,-0.14812215567434572
3300456,RJ,128,0.3828125,0.2542995858218068,-0.12851291417819322
3300506,RJ,11,0.7272727272727273,0.5763778752937921,-0.15089485197893515
3300605,RJ,17,0.6470588235294118,0.615673765731967,-0.031385057797444826
3300704,RJ,97,0.6288659793814433,0.4569869543408777,-0.17187902504056557
3300803,RJ,22,0.5454545454545454,0.4475154632514932,-0.0979390822030522
3300902,RJ,9,0.8888888888888888,0.6102987262549212,-0.27859016263396763
3300936,RJ,6,0.8333333333333334,0.5343026108327872,-0.2990307225005462
3300951,RJ,2,0.5,0.5586847237600677,0.058684723760067725
3301009,RJ,143,0.4755244755244755,0.3139309177161679,-0.16159355780830764
3301108,RJ,3,0.6666666666666666,0.41484623446039587,-0.25182043220627076
3301157,RJ,6,0.6666666666666666,0.3817810634541671,-0.2848856032124995
3301207,RJ,4,0.5,0.5577788640672042,0.05777886406720423
3301306,RJ,20,0.65,0.46257265347579146,-0.18742734652420856
3301405,RJ,5,1.0,0.46918180740235577,-0.5308181925976443
3301504,RJ,7,0.5714285714285714,0.5358997967096375,-0.0355287747189339
3301603,RJ,3,0.3333333333333333,0.5783623613996198,0.24502902806628651
3301702,RJ,272,0.4889705882352941,0.3340805654483842,-0.1548900227869099
3301850,RJ,19,0.631578947368421,0.39870974367874457,-0.23286920368967645
3301876,RJ,14,0.7857142857142857,0.5700706306051394,-0.2156436551091463
3301900,RJ,107,0.5700934579439252,0.3990370343173563,-0.17105642362656887
3302007,RJ,50,0.36,0.3293910887802387,-0.03060891121976128
3302056,RJ,6,0.8333333333333334,0.5088002529602358,-0.3245330803730976
3302106,RJ,10,0.3,0.5836562098246397,0.28365620982463974
3302205,RJ,31,0.7419354838709677,0.5436345516007546,-0.19830093227021317
3302254,RJ,16,0.8125,0.5495992376769497,-0.26290076232305026
3302270,RJ,45,0.4666666666666667,0.2675728385625419,-0.1990938281041248
3302304,RJ,3,1.0,0.46675348470162453,-0.5332465152983754
3302403,RJ,139,0.6690647482014388,0.46222197474187415,-0.20684277345956464
3302452,RJ,1,1.0,0.6638413116127686,-0.3361586883872314
3302502,RJ,112,0.5,0.35841563830815826,-0.14158436169184174
3302601,RJ,21,0.6190476190476191,0.37697072390995495,-0.24207689513766412
3302700,RJ,99,0.7070707070707071,0.5211205213629995,-0.1859501857077076
3302809,RJ,4,0.75,0.4530630857298694,-0.2969369142701306
3302858,RJ,51,0.2549019607843137,0.3011497042959371,0.04624774351162342
3302908,RJ,6,0.6666666666666666,0.5844303387223377,-0.08223632794432889
3303005,RJ,10,0.7,0.5979864543146496,-0.10201354568535037
3303104,RJ,3,0.6666666666666666,0.49161148385117465,-0.17505518281549198
3303203,RJ,45,0.5111111111111111,0.35942476756285063,-0.15168634354826044
3303302,RJ,89,0.6292134831460674,0.45238081686875325,-0.17683266627731414
3303401,RJ,71,0.6901408450704225,0.5469158282376697,-0.1432250168327528
3303500,RJ,279,0.4121863799283154,0.27272477593936095,-0.13946160398895446
3303609,RJ,9,0.6666666666666666,0.5255190109786304,-0.14114765568803622
3303708,RJ,16,0.6875,0.4295801110477165,-0.2579198889522835
3303807,RJ,18,0.6111111111111112,0.3847085260526298,-0.22640258505848138
3303856,RJ,17,0.8235294117647058,0.6935340561221213,-0.12999535564258458
3303906,RJ,97,0.6288659793814433,0.5319458782319114,-0.09692010114953187
3303955,RJ,12,0.5833333333333334,0.4781157113685564,-0.10521762196477696
3304003,RJ,7,0.2857142857142857,0.48265148244852585,0.19693719673424015
3304102,RJ,5,0.6,0.44889944662726994,-0.15110055337273004
3304110,RJ,6,1.0,0.5926237208247462,-0.40737627917525376
3304128,RJ,7,0.8571428571428571,0.5234699944816845,-0.3336728626611726
3304144,RJ,54,0.5,0.2622542172166539,-0.23774578278334613
3304151,RJ,14,0.6428571428571429,0.6130816837884238,-0.029775459068719146
3304201,RJ,43,0.7441860465116279,0.5872880955679823,-0.15689795094364556
3304300,RJ,25,0.48,0.4534000761471798,-0.026599923852820173
3304409,RJ,5,1.0,0.5888218019039656,-0.4111781980960344
3304508,RJ,5,0.6,0.6327658829161337,0.03276588291613369
3304524,RJ,69,0.6811594202898551,0.5635634781523664,-0.1175959421374887
3304557,RJ,1789,0.6819452207937395,0.5242694574921594,-0.15767576330158017
3304607,RJ,3,0.3333333333333333,0.5899472041300098,0.25661387079667647
3304706,RJ,16,0.875,0.646638690633184,-0.22836130936681598
3304755,RJ,20,0.75,0.40832512558715883,-0.34167487441284117
3304805,RJ,12,0.8333333333333334,0.34481990612530683,-0.48851342720802654
3304904,RJ,139,0.5323741007194245,0.32694580932955425,-0.20542829138987023
3305000,RJ,19,0.47368421052631576,0.43070398390857545,-0.042980226617740314
3305109,RJ,116,0.3448275862068966,0.2607970147259624,-0.08403057148093418
3305133,RJ,2,1.0,0.7518103096540508,-0.24818969034594918
3305158,RJ,5,1.0,0.710644767423645,-0.289355232576355
3305208,RJ,37,0.6216216216216216,0.46729079816159647,-0.15433082346002513
3305307,RJ,1,1.0,0.5225537843998458,-0.4774462156001542
3305406,RJ,12,0.6666666666666666,0.5781549710493402,-0.08851169561732641
3305505,RJ,67,0.7164179104477612,0.5445996846542185,-0.17181822579354267
3305554,RJ,35,0.42857142857142855,0.36582289307914423,-0.06274853549228432
3305604,RJ,9,0.4444444444444444,0.5094187710338466,0.06497432658940216
3305703,RJ,8,0.375,0.5328102502738101,0.15781025027381013
3305752,RJ,12,0.75,0.4772479345041443,-0.2727520654958557
3305802,RJ,64,0.65625,0.50115069359926,-0.15509930640074
3305901,RJ,4,1.0,0.6669765083751634,-0.3330234916248366
3306008,RJ,19,0.6842105263157895,0.4881879405134981,-0.19602258580229137
3306107,RJ,32,0.5,0.45423695779706397,-0.04576304220293603
3306156,RJ,4,0.75,0.7064960784845611,-0.043503921515438915
3306206,RJ,18,0.5555555555555556,0.4923718475052806,-0.06318370805027496
3306305,RJ,102,0.7156862745098039,0.5679679978576565,-0.14771827665214743
3500105,SP,13,0.8461538461538461,0.5810884745351432,-0.2650653716187029
3500204,SP,4,0.75,0.647988581392206,-0.10201141860779395
3500303,SP,12,0.6666666666666666,0.41074430274153056,-0.25592236392513606
3500402,SP,3,0.6666666666666666,0.5980822142752716,-0.06858445239139499
3500501,SP,3,0.6666666666666666,0.4187135646546091,-0.2479531020120575
3500550,SP,3,1.0,0.426257932228383,-0.573742067771617
3500600,SP,1,1.0,0.6023202265280176,-0.39767977347198236
3500709,SP,15,0.4666666666666667,0.4671860283249016,0.000519361658234907
3500758,SP,3,1.0,0.5473178314801356,-0.4526821685198644
3501004,SP,6,0.5,0.5501818424517626,0.050181842451762604
3501103,SP,1,1.0,0.603339383023964,-0.39666061697603605
3501152,SP,5,1.0,0.4095841781030389,-0.5904158218969611
3501202,SP,1,1.0,0.6090832767428944,-0.3909167232571056
3501301,SP,8,0.625,0.4957506398679423,-0.12924936013205768
3501400,SP,2,0.5,0.5909525600190375,0.09095256001903751
3501509,SP,1,1.0,0.7507297530389694,-0.24927024696103062
3501608,SP,62,0.6774193548387096,0.5960019768217955,-0.08141737801691418
3501707,SP,11,0.8181818181818182,0.5159306569497608,-0.3022511612320574
3501806,SP,1,0.0,0.684734026841702,0.684734026841702
3501905,SP,26,0.7307692307692307,0.5231598993676654,-0.20760933140156534
3502002,SP,4,0.75,0.536391861415095,-0.21360813858490502
3502101,SP,25,0.6,0.5293635244113971,-0.07063647558860287
3502200,SP,13,0.5384615384615384,0.4776665996330844,-0.06079493882845405
3502309,SP,3,0.3333333333333333,0.3982362294244472,0.06490289609111388
3502408,SP,3,1.0,0.6339371916135972,-0.3660628083864028
3502507,SP,10,0.7,0.4241515086236709,-0.27584849137632905
3502606,SP,1,1.0,0.6898018753451968,-0.31019812465480323
3502705,SP,10,0.7,0.6988423938760658,-0.0011576061239341184
3502754,SP,12,0.4166666666666667,0.40542056365404777,-0.011246103012618913
3502804,SP,68,0.7058823529411765,0.5707871713839114,-0.13509518155726508
3502903,SP,15,0.2,0.44947332676656837,0.24947332676656836
3503109,SP,3,0.6666666666666666,0.4514616151061266,-0.21520505156054004
3503158,SP,1,0.0,0.44668968121151503,0.44668968121151503
3503208,SP,69,0.6231884057971014,0.5844833134343387,-0.03870509236276276
3503307,SP,30,0.7666666666666667,0.5294739830397385,-0.23719268362692825
3503406,SP,7,0.8571428571428571,0.6914397643613647,-0.16570309278149242
3503505,SP,3,0.0,0.4980601998700121,0.4980601998700121
3503604,SP,7,0.42857142857142855,0.5280954467735001,0.09952401820207152
3503703,SP,2,1.0,0.6708985475656262,-0.32910145243437383
3503802,SP,24,0.5833333333333334,0.46479448709292176,-0.11853884624041161
3503901,SP,36,0.5555555555555556,0.4732596573565574,-0.08229589819899819
3504008,SP,38,0.631578947368421,0.4228138020885346,-0.20876514527988643
3504107,SP,70,0.6714285714285714,0.5301224388254541,-0.1413061326031173
3504206,SP,9,0.8888888888888888,0.603563045744276,-0.28532584314461285
3504305,SP,2,0.5,0.633212531295877,0.13321253129587696
3504404,SP,4,0.75,0.6110319083314143,-0.1389680916685857
3504503,SP,40,0.425,0.4187101665838015,-0.006289833416198487
3504602,SP,9,0.3333333333333333,0.5073789941528188,0.17404566081948553
3504800,SP,4,0.5,0.5724759986072675,0.0724759986072675
3504909,SP,2,0.0,0.3863366976276594,0.3863366976276594
3505005,SP,3,0.3333333333333333,0.5417045695535959,0.2083712362202626
3505104,SP,2,1.0,0.5266067967193578,-0.47339320328064216
3505203,SP,9,0.7777777777777778,0.5779783318356355,-0.19979944594214227
3505302,SP,8,0.875,0.5718401209123316,-0.3031598790876684
3505351,SP,3,1.0,0.5783224730292293,-0.42167752697077066
3505401,SP,1,1.0,0.519978813221774,-0.48002118677822603
3505500,SP,53,0.6981132075471698,0.5061600517746825,-0.19195315577248728
3505609,SP,17,0.29411764705882354,0.40171001091013725,0.10759236385131371
3505708,SP,173,0.6705202312138728,0.5073790424035219,-0.1631411888103509
3505807,SP,11,0.2727272727272727,0.435981401534254,0.1632541288069813
3505906,SP,22,0.7727272727272727,0.5388310149243518,-0.2338962578029209
3506003,SP,103,0.44660194174757284,0.44562565307658303,-0.0009762886709898111
3506102,SP,27,0.48148148148148145,0.45903205121119595,-0.02244943027028551
3506201,SP,1,0.0,0.820837207351519,0.820837207351519
3506300,SP,5,0.6,0.43399477090351796,-0.16600522909648202
3506359,SP,47,0.5957446808510638,0.4431756370215754,-0.15256904382948838
3506409,SP,5,1.0,0.6255692096667068,-0.3744307903332932
3506508,SP,53,0.8113207547169812,0.6585278077673629,-0.1527929469496183
3506607,SP,15,0.4666666666666667,0.43078700872912357,-0.03587965793754311
3506706,SP,4,0.0,0.4161957202019539,0.4161957202019539
3506805,SP,3,0.6666666666666666,0.3798056986806512,-0.2868609679860154
3506904,SP,5,0.4,0.4413202308482204,0.041320230848220396
3507001,SP,27,0.6666666666666666,0.5544074175696279,-0.11225924909703877
3507100,SP,18,0.5555555555555556,0.5169879649926563,-0.03856759056289927
3507159,SP,3,0.3333333333333333,0.559748807908618,0.22641547457528471
3507209,SP,1,1.0,0.6240074394670924,-0.37599256053290764
3507308,SP,1,1.0,0.5564476048682081,-0.4435523951317919
3507407,SP,3,0.6666666666666666,0.6815202584154675,0.014853591748800854
3507456,SP,2,1.0,0.6531976021131691,-0.34680239788683087
3507506,SP,52,0.5384615384615384,0.4841524098346218,-0.054309128626916614
3507605,SP,65,0.6615384615384615,0.4601704365796952,-0.20136802495876632
3507704,SP,4,0.75,0.6474365564990523,-0.1025634435009477
3507753,SP,1,1.0,0.7914106841916322,-0.20858931580836781
3507803,SP,12,0.6666666666666666,0.5011151330381268,-0.1655515336285398
3507902,SP,8,0.5,0.4857512468259882,-0.014248753174011808
3508009,SP,12,0.75,0.43706731004656607,-0.31293268995343393
3508108,SP,13,0.46153846153846156,0.517887803404447,0.05634934186598539
3508207,SP,6,0.6666666666666666,0.728850196512774,0.06218352984610742
3508306,SP,3,1.0,0.6247458544887329,-0.3752541455112671
3508405,SP,29,0.6206896551724138,0.46483630343365806,-0.15585335173875575
3508504,SP,38,0.5263157894736842,0.4103854583891175,-0.11593033108456668
3508603,SP,7,0.8571428571428571,0.36718960548140217,-0.4899532516614549
3508702,SP,8,0.75,0.6113360878458387,-0.1386639121541613
3508801,SP,7,1.0,0.558268406334858,-0.44173159366514203
3508900,SP,1,1.0,0.5651711116448201,-0.43482888835517985
3509007,SP,26,0.5384615384615384,0.45260193171905977,-0.08585960674247867
3509205,SP,49,0.673469387755102,0.45715386654193285,-0.21631552121316916
3509254,SP,16,0.375,0.5146089420032721,0.13960894200327212
3509304,SP,3,0.6666666666666666,0.575502404492155,-0.09116426217451168
3509403,SP,11,0.6363636363636364,0.5149277036781943,-0.12143593268544206
3509452,SP,2,0.5,0.3829092719374668,-0.11709072806253318
3509502,SP,352,0.6278409090909091,0.4671352177758052,-0.16070569131510387
3509601,SP,31,0.4838709677419355,0.3818072730853478,-0.10206369465658771
3509700,SP,31,0.5806451612903226,0.42643239877694544,-0.15421276251337718
3509809,SP,1,0.0,0.5535255098354186,0.5535255098354186
3509908,SP,3,0.6666666666666666,0.49607881515371605,-0.17058785151295058
3509957,SP,3,1.0,0.3983101222474645,-0.6016898777525355
3510005,SP,8,1.0,0.5892956088843503,-0.4107043911156497
3510104,SP,2,0.5,0.5837360515042596,0.08373605150425956
3510153,SP,5,0.6,0.544940742164314,-0.05505925783568599
3510203,SP,27,0.6296296296296297,0.6305856419124204,0.0009560122827907414
3510302,SP,17,0.7058823529411765,0.34958272083654335,-0.35629963210463317
3510401,SP,17,0.7058823529411765,0.5632685937351928,-0.14261375920598374
3510500,SP,62,0.5483870967741935,0.41694995065502405,-0.13143714611916946
3510609,SP,150,0.5533333333333333,0.4229070127250973,-0.13042632060823606
3510708,SP,4,1.0,0.6013833665501269,-0.3986166334498731
3510807,SP,9,0.5555555555555556,0.4457988057754968,-0.10975674978005878
3510906,SP,2,1.0,0.6750814835313099,-0.3249185164686901
3511003,SP,9,0.6666666666666666,0.44224708439226396,-0.22441958227440267
3511102,SP,35,0.6857142857142857,0.47728858498549354,-0.20842570072879218
3511201,SP,3,0.6666666666666666,0.6060121536541189,-0.06065451301254776
3511300,SP,5,0.8,0.5079819934971326,-0.29201800650286747
3511409,SP,7,0.42857142857142855,0.401400318648069,-0.027171109923359527
3511508,SP,4,0.75,0.5671950647447005,-0.1828049352552995
3511607,SP,10,0.8,0.43064353615164996,-0.3693564638483501
3511706,SP,13,0.6923076923076923,0.41998928375705824,-0.27231840855063405
3511904,SP,7,0.5714285714285714,0.4416254592477256,-0.12980311218084578
3512001,SP,9,0.5555555555555556,0.43106257671185927,-0.12449297884369631
3512100,SP,4,1.0,0.6431535991259864,-0.35684640087401365
3512209,SP,11,0.7272727272727273,0.439910963737719,-0.2873617635350083
3512308,SP,8,0.375,0.5045555746400027,0.12955557464000267
3512407,SP,21,0.5714285714285714,0.5421339205734497,-0.02929465085512173
3512506,SP,3,1.0,0.5705649929081527,-0.42943500709184734
3512605,SP,3,1.0,0.5234064599538241,-0.47659354004617593
3512704,SP,1,0.0,0.5396619839071983,0.5396619839071983
3512803,SP,29,0.5517241379310345,0.46475169597774835,-0.08697244195328613
3512902,SP,7,0.5714285714285714,0.6568798994305711,0.08545132800199973
3513009,SP,111,0.5495495495495496,0.3688450196700505,-0.1807045298794991
3513108,SP,15,0.7333333333333333,0.4347016980606245,-0.2986316352727088
3513207,SP,6,0.8333333333333334,0.37161760081362044,-0.46171573251971293
3513306,SP,1,1.0,0.6294066238781287,-0.37059337612187127
3513405,SP,23,0.6956521739130435,0.3950289051070829,-0.3006232688059606
3513504,SP,56,0.6071428571428571,0.3624511971329401,-0.244691660009917
3513603,SP,3,0.3333333333333333,0.47967155904043546,0.14633822570710214
3513702,SP,14,0.5714285714285714,0.5870265954672892,0.015598024038717795
3513801,SP,129,0.6666666666666666,0.4567124326589926,-0.20995423400767405
3513850,SP,1,0.0,0.5213098546557239,0.5213098546557239
3513900,SP,1,0.0,0.5247046072721008,0.5247046072721008
3514106,SP,9,0.7777777777777778,0.4991484049618829,-0.2786293728158949
3514205,SP,2,0.0,0.5983488305743114,0.5983488305743114
3514304,SP,4,0.75,0.5142323342561749,-0.23576766574382513
3514403,SP,15,0.6666666666666666,0.5574810700474989,-0.10918559661916771
3514502,SP,6,0.6666666666666666,0.535769475631,-0.13089719103566666
3514601,SP,1,0.0,0.5839343806420969,0.5839343806420969
3514700,SP,2,1.0,0.7466247464760466,-0.2533752535239534
3514809,SP,9,0.5555555555555556,0.5452398644373694,-0.010315691118186199
3514908,SP,9,0.6666666666666666,0.4953760554606393,-0.17129061120602734
3515004,SP,133,0.5488721804511278,0.3720641514321602,-0.17680802901896764
3515103,SP,32,0.59375,0.4407163349551498,-0.15303366504485022
3515129,SP,2,0.5,0.6593627570513035,0.15936275705130354
3515152,SP,5,0.6,0.4723673508525569,-0.1276326491474431
3515186,SP,13,0.6923076923076923,0.6014216793596746,-0.09088601294801768
3515202,SP,6,0.8333333333333334,0.5665316595971821,-0.26680167373615127
3515301,SP,1,1.0,0.747044384758435,-0.25295561524156496
3515350,SP,2,1.0,0.5763329622185273,-0.42366703778147274
3515400,SP,6,0.8333333333333334,0.6081314167732591,-0.22520191656007427
3515509,SP,15,0.6,0.5373321030453397,-0.06266789695466024
3515608,SP,1,1.0,0.806832676190783,-0.19316732380921697
3515657,SP,1,0.0,0.6564703988796734,0.6564703988796734
3515707,SP,74,0.4864864864864865,0.4823725818529257,-0.0041139046335608165
3516002,SP,5,0.8,0.5866796328154656,-0.2133203671845344
3516200,SP,147,0.7210884353741497,0.571184007584048,-0.1499044277901017
3516309,SP,87,0.5862068965517241,0.3494868189834078,-0.2367200775683163
3516408,SP,79,0.6075949367088608,0.35944177568392793,-0.24815316102493284
3516507,SP,2,0.0,0.6426025978522754,0.6426025978522754
3516606,SP,2,0.5,0.49363709075118256,-0.006362909248817439
3516705,SP,18,0.8333333333333334,0.49389407293121645,-0.3394392604021169
3516804,SP,1,1.0,0.6049168780867499,-0.3950831219132501
3516853,SP,2,1.0,0.5610935901069641,-0.43890640989303586
3516903,SP,5,0.6,0.5244125988322809,-0.07558740116771911
3517000,SP,7,0.5714285714285714,0.505855960797402,-0.06557261063116937
3517109,SP,7,0.8571428571428571,0.7282426192299246,-0.12890023791293248
3517208,SP,5,0.6,0.5247673648793709,-0.07523263512062905
3517307,SP,3,0.6666666666666666,0.6707000518361008,0.004033385169434189
3517406,SP,11,0.7272727272727273,0.4785521105267133,-0.24872061674601398
3517505,SP,8,0.5,0.47920894636328937,-0.020791053636710632
3517604,SP,12,0.5833333333333334,0.49866818319274525,-0.08466515014058812
3517703,SP,8,0.75,0.5549368679000034,-0.1950631320999966
3517802,SP,3,0.0,0.5338669393472367,0.5338669393472367
3517901,SP,2,0.5,0.5365237787869407,0.036523778786940686
3518107,SP,2,0.5,0.4830228473445482,-0.0169771526554518
3518206,SP,13,0.7692307692307693,0.5378041910097969,-0.23142657822097235
3518305,SP,18,0.9444444444444444,0.6117931356526969,-0.33265130879174754
3518404,SP,29,0.6896551724137931,0.48745565806556274,-0.2021995143482304
3518503,SP,6,0.5,0.46062774610800655,-0.03937225389199345
3518602,SP,20,0.85,0.600684104535358,-0.24931589546464195
3518701,SP,133,0.3458646616541353,0.3371222714095742,-0.008742390244561138
3518800,SP,572,0.5454545454545454,0.39516851310873446,-0.15028603234581095
3518859,SP,3,0.3333333333333333,0.4326398656079154,0.09930653227458208
3519006,SP,1,1.0,0.5228567778097081,-0.4771432221902919
3519055,SP,6,0.6666666666666666,0.5109327734258494,-0.1557338932408172
3519071,SP,110,0.6363636363636364,0.4578405692342045,-0.17852306712943183
3519105,SP,2,0.5,0.7895888481192337,0.2895888481192337
3519253,SP,2,0.5,0.4135723265739535,-0.08642767342604651
3519303,SP,22,0.5909090909090909,0.4490105151054004,-0.14189857580369053
3519402,SP,8,0.875,0.5607223041445458,-0.3142776958554542
3519501,SP,2,1.0,0.6227651536015965,-0.37723484639840354
3519600,SP,28,0.5357142857142857,0.3860632334213994,-0.14965105229288628
3519709,SP,35,0.6571428571428571,0.42083603926317825,-0.2363068178796789
3519808,SP,4,0.5,0.6789087314810976,0.17890873148109765
3519907,SP,7,0.42857142857142855,0.41875603381558807,-0.009815394755840479
3520004,SP,9,0.5555555555555556,0.5727221622955637,0.01716660674000814
3520103,SP,11,0.6363636363636364,0.3889745364097912,-0.24738909995384517
3520202,SP,6,0.5,0.3930086226013292,-0.10699137739867082
3520301,SP,13,0.6923076923076923,0.5153205653021813,-0.176987127005511
3520400,SP,22,0.4090909090909091,0.3552636631930616,-0.05382724589784754
3520426,SP,6,0.5,0.4613023216624162,-0.03869767833758381
3520442,SP,7,0.5714285714285714,0.6161175562008779,0.04468898477230654
3520509,SP,95,0.7263157894736842,0.5405745544514454,-0.18574123502223883
3520608,SP,2,1.0,0.6635275868082242,-0.3364724131917758
3520806,SP,3,1.0,0.7740143638931448,-0.22598563610685518
3520905,SP,3,1.0,0.4485963394968218,-0.5514036605031782
3521002,SP,18,0.6666666666666666,0.3314597257905251,-0.33520694087614156
3521101,SP,3,0.3333333333333333,0.49887089609267043,0.16553756275933712
3521150,SP,5,0.6,0.3605944860221181,-0.2394055139778819
3521309,SP,6,0.5,0.5222610807449323,0.02226108074493227
3521408,SP,10,0.5,0.5394025963727025,0.03940259637270249
3521507,SP,4,0.5,0.5843672135392335,0.08436721353923349
3521606,SP,5,1.0,0.8781647741209724,-0.12183522587902762
3521804,SP,8,0.5,0.40187362489670037,-0.09812637510329963
3521903,SP,5,0.4,0.6941991460465085,0.29419914604650843
3522000,SP,2,0.5,0.5167091599074968,0.016709159907496773
3522109,SP,58,0.6379310344827587,0.4355882365409086,-0.20234279794185006
3522208,SP,79,0.5063291139240507,0.4402616970634943,-0.0660674168605564
3522307,SP,61,0.5245901639344263,0.3901292045887197,-0.13446095934570657
3522406,SP,30,0.5666666666666667,0.4864485572907754,-0.08021810937589124
3522505,SP,138,0.5869565217391305,0.3825486995032533,-0.20440782223587717
3522604,SP,17,0.5882352941176471,0.5192743231692795,-0.06896097094836762
3522653,SP,1,1.0,0.4026905123263228,-0.5973094876736772
3522703,SP,17,0.5882352941176471,0.5926158557653349,0.004380561647687853
3522802,SP,5,0.8,0.5007980549599003,-0.2992019450400998
3522901,SP,5,1.0,0.40117273980493984,-0.5988272601950602
3523008,SP,2,1.0,0.5331832738646849,-0.4668167261353151
3523107,SP,179,0.5027932960893855,0.3401209809710342,-0.16267231511835128
3523206,SP,15,0.8,0.4658803637991045,-0.3341196362008955
3523305,SP,9,1.0,0.5222014553835588,-0.4777985446164412
3523404,SP,50,0.78,0.5878106733519004,-0.19218932664809962
3523503,SP,11,0.6363636363636364,0.4370297529642356,-0.19933388339940078
3523602,SP,8,0.75,0.5190325344108004,-0.23096746558919956
3523701,SP,2,0.0,0.6802799874155121,0.6802799874155121
3523909,SP,71,0.7746478873239436,0.545233603903954,-0.2294142834199896
3524006,SP,25,0.36,0.3644961433230122,0.004496143323012236
3524105,SP,11,0.5454545454545454,0.3860478835352384,-0.15940666191930702
3524204,SP,3,0.6666666666666666,0.588899459764882,-0.07776720690178462
3524303,SP,18,0.6111111111111112,0.4581431883590344,-0.15296792275207677
3524402,SP,86,0.6046511627906976,0.3752176235002465,-0.22943353929045113
3524501,SP,3,0.6666666666666666,0.5108226506463716,-0.15584401602029507
3524600,SP,7,0.7142857142857143,0.5151689282136013,-0.19911678607211303
3524709,SP,24,0.5833333333333334,0.519827746481733,-0.06350558685160035
3524808,SP,14,0.9285714285714286,0.5435981696403263,-0.38497325893110235
3524907,SP,3,1.0,0.5895131216540899,-0.41048687834591013
3525003,SP,42,0.42857142857142855,0.3600624549382414,-0.06850897363318714
3525102,SP,21,0.5238095238095238,0.3751513484286471,-0.14865817538087672
3525201,SP,17,0.5294117647058824,0.36338747003330063,-0.16602429467258173
3525300,SP,46,0.5869565217391305,0.45702241262449556,-0.12993410911463493
3525409,SP,4,1.0,0.5726199035682845,-0.4273800964317155
3525508,SP,8,0.375,0.47354615045430243,0.09854615045430243
3525607,SP,1,1.0,0.5450403541161427,-0.4549596458838573
3525706,SP,14,0.7142857142857143,0.541380335883866,-0.17290537840184828
3525805,SP,1,0.0,0.6061969020075023,0.6061969020075023
3525854,SP,1,1.0,0.5504836558965849,-0.4495163441034151
3525904,SP,166,0.7710843373493976,0.5776787217715232,-0.1934056155778744
3526001,SP,9,0.7777777777777778,0.6570065469394144,-0.12077123083836339
3526100,SP,11,0.6363636363636364,0.5071636844648127,-0.1291999518988236
3526209,SP,14,0.7142857142857143,0.4427418617287348,-0.2715438525569795
3526407,SP,14,0.5,0.38922973385345383,-0.11077026614654617
3526506,SP,2,0.5,0.6315865548997726,0.13158655489977256
3526605,SP,2,0.5,0.45398883583691363,-0.04601116416308637
3526704,SP,35,0.6857142857142857,0.5041483772044911,-0.1815659085097946
3526803,SP,29,0.5862068965517241,0.5206937710506337,-0.06551312550109034
3526902,SP,129,0.7441860465116279,0.5367798896055096,-0.2074061569061183
3527009,SP,2,0.5,0.5867718148729547,0.08677181487295471
3527108,SP,24,0.75,0.5510012823839534,-0.1989987176160466
3527207,SP,32,0.5,0.3611962403100097,-0.1388037596899903
3527306,SP,29,0.5172413793103449,0.4463362628172294,-0.07090511649311548
3527405,SP,6,0.8333333333333334,0.5397261500515381,-0.29360718328179525
3527504,SP,1,1.0,0.6066839448446987,-0.3933160551553013
3527603,SP,8,0.25,0.3761350530434465,0.12613505304344652
3528007,SP,9,0.6666666666666666,0.5280836313832569,-0.13858303528340976
3528106,SP,5,1.0,0.7138273656315227,-0.2861726343684773
3528205,SP,2,1.0,0.6881916282928099,-0.3118083717071901
3528304,SP,3,1.0,0.7843355423395034,-0.21566445766049658
3528403,SP,11,0.36363636363636365,0.38262911344853995,0.0189927498121763
3528502,SP,20,0.7,0.48908551316698035,-0.2109144868330196
3528601,SP,4,1.0,0.5481152748896939,-0.4518847251103061
3528700,SP,1,0.0,0.5822458645321775,0.5822458645321775
3528809,SP,3,0.6666666666666666,0.7647518118648042,0.0980851451981376
3528858,SP,5,1.0,0.7864191838465933,-0.21358081615340674
3528908,SP,2,0.5,0.573345434097954,0.07334543409795402
3529005,SP,88,0.7159090909090909,0.5255221331820101,-0.1903869577270808
3529203,SP,7,0.14285714285714285,0.40920743772853757,0.2663502948713947
3529302,SP,28,0.75,0.5960622912536845,-0.15393770874631552
3529401,SP,174,0.7816091954022989,0.5498533772853993,-0.2317558181168996
3529500,SP,1,1.0,0.5696468212583882,-0.43035317874161183
3529609,SP,1,1.0,0.56604216946292,-0.43395783053708004
3529658,SP,1,0.0,0.5154831427201556,0.5154831427201556
3529708,SP,5,0.6,0.38883845551733265,-0.21116154448266733
3529807,SP,4,0.75,0.5150983374104725,-0.2349016625895275
3529906,SP,8,0.75,0.5000133256834264,-0.24998667431657362
3530003,SP,1,1.0,0.711021044573086,-0.288978955426914
3530102,SP,11,0.5454545454545454,0.48180575249665464,-0.06364879295789078
3530201,SP,5,0.8,0.7902574308540117,-0.009742569145988367
3530300,SP,23,0.6521739130434783,0.508445093866061,-0.1437288191774173
3530409,SP,2,1.0,0.6350476951413802,-0.36495230485861985
3530508,SP,14,0.5,0.5021301119361385,0.0021301119361385457
3530607,SP,157,0.5668789808917197,0.3720782477902297,-0.19480073310149004
3530706,SP,54,0.5925925925925926,0.48884564526500845,-0.1037469473275841
3530805,SP,23,0.6521739130434783,0.4404137683092425,-0.21176014473423577
3530904,SP,2,0.5,0.5213808506005159,0.021380850600515866
3531001,SP,4,1.0,0.7129660855951339,-0.28703391440486614
3531100,SP,20,0.45,0.3717723711187608,-0.07822762888123919
3531209,SP,4,0.75,0.5165189976632599,-0.23348100233674007
3531308,SP,16,0.625,0.5051346004177608,-0.11986539958223918
3531407,SP,10,1.0,0.5889206962192675,-0.41107930378073254
3531506,SP,6,0.5,0.49192914916614133,-0.008070850833858667
3531605,SP,1,0.0,0.6552868792306649,0.6552868792306649
3531704,SP,1,1.0,0.4162458732691016,-0.5837541267308983
3531803,SP,28,0.4642857142857143,0.38645413780804366,-0.07783157647767064
3531902,SP,6,0.5,0.43426039356719465,-0.06573960643280535
3532009,SP,5,0.6,0.3670328511551877,-0.2329671488448123
3532058,SP,1,1.0,0.6370088225229718,-0.36299117747702825
3532157,SP,2,1.0,0.5829778010006731,-0.4170221989993269
3532207,SP,4,0.75,0.4848648576819767,-0.2651351423180233
3532306,SP,4,0.75,0.43110024228372096,-0.31889975771627904
3532405,SP,11,0.7272727272727273,0.46798393561661233,-0.25928879165611496
3532504,SP,2,0.5,0.7065157621407754,0.20651576214077538
3532603,SP,2,0.5,0.5611631010632488,0.06116310106324885
3532702,SP,6,1.0,0.7777626373097107,-0.22223736269028926
3532801,SP,3,0.3333333333333333,0.5967801523977436,0.2634468190644103
3532827,SP,2,1.0,0.4848420701360301,-0.5151579298639699
3532900,SP,2,0.0,0.5446312528684681,0.5446312528684681
3533007,SP,2,0.5,0.5184046158904423,0.01840461589044229
3533205,SP,1,1.0,0.5802584050406101,-0.4197415949593899
3533254,SP,2,1.0,0.5493382165932206,-0.4506617834067794
3533304,SP,1,1.0,0.6427027441858677,-0.3572972558141323
3533403,SP,27,0.5925925925925926,0.4257430673164137,-0.16684952527617886
3533502,SP,18,0.6111111111111112,0.5728015398320958,-0.03830957127901535
3533601,SP,1,1.0,0.6002561807442596,-0.39974381925574043
3533700,SP,3,0.6666666666666666,0.7560353041989013,0.08936863753223467
3533908,SP,25,0.8,0.5616067583898762,-0.23839324161012387
3534005,SP,1,1.0,0.561033219635753,-0.43896678036424697
3534203,SP,5,0.6,0.43508326232109534,-0.16491673767890463
3534302,SP,8,0.625,0.4548256489751198,-0.1701743510248802
3534401,SP,260,0.5384615384615384,0.34163141889155546,-0.19683011956998298
3534500,SP,1,1.0,0.7182870377285371,-0.2817129622714629
3534609,SP,9,0.4444444444444444,0.4579940488256157,0.013549604381171254
3534708,SP,32,0.75,0.46986140674649207,-0.28013859325350793
3534757,SP,8,1.0,0.8602955781071127,-0.13970442189288734
3534807,SP,2,1.0,0.5823444433304709,-0.41765555666952914
3534906,SP,2,0.5,0.5104482865805438,0.010448286580543753
3535002,SP,2,0.5,0.5320915890600404,0.03209158906004039
3535101,SP,6,0.6666666666666666,0.6213194787674143,-0.045347187899252295
3535200,SP,2,0.5,0.5550299724737953,0.05502997247379526
3535309,SP,8,0.625,0.5083897179631677,-0.11661028203683232
3535408,SP,12,0.6666666666666666,0.7592886456770703,0.0926219790104037
3535507,SP,20,0.45,0.447078946862468,-0.0029210531375319926
3535606,SP,14,0.7142857142857143,0.4539978777065367,-0.2602878365791776
3535705,SP,2,0.0,0.735359061634994,0.735359061634994
3535804,SP,8,0.5,0.43792451890279865,-0.062075481097201346
3535903,SP,3,1.0,0.5101991407884517,-0.48980085921154826
3536000,SP,4,1.0,0.538690281181596,-0.461309718818404
3536109,SP,2,0.0,0.46712253179353547,0.46712253179353547
3536208,SP,9,0.7777777777777778,0.496485034892499,-0.2812927428852788
3536257,SP,2,1.0,0.7680495487976137,-0.23195045120238633
3536307,SP,2,0.0,0.4693063690979836,0.4693063690979836
3536406,SP,3,1.0,0.5641233388108553,-0.4358766611891447
3536505,SP,55,0.7636363636363637,0.4876899758070588,-0.27594638782930486
3536570,SP,1,1.0,0.5230674136516487,-0.47693258634835134
3536703,SP,19,0.5789473684210527,0.3932199800909984,-0.18572738833005425
3537008,SP,12,0.25,0.3861781622204792,0.13617816222047918
3537107,SP,16,0.875,0.7569550586097614,-0.11804494139023858
3537156,SP,1,1.0,0.5831021091366495,-0.4168978908633505
3537206,SP,9,0.6666666666666666,0.4146198868329417,-0.2520467798337249
3537305,SP,22,0.4090909090909091,0.5345830336831777,0.1254921245922686
3537404,SP,8,0.75,0.5301467459950278,-0.21985325400497224
3537503,SP,3,0.3333333333333333,0.5142024670433691,0.18086913371003582
3537602,SP,23,0.6086956521739131,0.3350199994388021,-0.27367565273511096
3537701,SP,3,1.0,0.701358253205823,-0.298641746794177
3537800,SP,34,0.6764705882352942,0.5033497956554005,-0.17312079257989366
3537909,SP,14,0.9285714285714286,0.4612950722738077,-0.4672763562976209
3538006,SP,74,0.7702702702702703,0.5191872969112734,-0.2510829733589969
3538105,SP,6,0.6666666666666666,0.44177408194215717,-0.22489258472450946
3538204,SP,5,0.8,0.6041148181042865,-0.19588518189571358
3538303,SP,1,1.0,0.6259559929451194,-0.3740440070548806
3538501,SP,3,0.6666666666666666,0.5274149577425656,-0.139251708924101
3538600,SP,13,0.6923076923076923,0.48367512058087275,-0.20863257172681954
3538709,SP,143,0.6783216783216783,0.5426042582030294,-0.13571742011864896
3538808,SP,14,0.8571428571428571,0.5340673736922321,-0.323075483450625
3538907,SP,8,0.5,0.37892233362991273,-0.12107766637008727
3539004,SP,4,1.0,0.5721633067918707,-0.42783669320812934
3539103,SP,7,0.42857142857142855,0.35824930294052953,-0.07032212563089901
3539202,SP,13,0.5384615384615384,0.5762348928260915,0.03777335436455309
3539301,SP,17,0.6470588235294118,0.4081288791948116,-0.23892994433460019
3539400,SP,9,0.3333333333333333,0.48449807816204454,0.15116474482871123
3539509,SP,17,0.7647058823529411,0.51030433225405,-0.2544015500988911
3539608,SP,1,1.0,0.7321115790625331,-0.2678884209374669
3539707,SP,1,0.0,0.7256731550977439,0.7256731550977439
3539806,SP,45,0.6666666666666666,0.4183992820073747,-0.24826738465929193
3540002,SP,13,0.7692307692307693,0.5000694436138793,-0.26916132561689
3540200,SP,18,0.7777777777777778,0.4379435884439595,-0.3398341893338183
3540259,SP,1,1.0,0.6121556525694639,-0.3878443474305361
3540408,SP,1,1.0,0.6697893603951139,-0.33021063960488606
3540507,SP,4,0.5,0.5048463490972317,0.004846349097231695
3540606,SP,26,0.6153846153846154,0.5825364056976658,-0.03284820968694957
3540705,SP,15,0.3333333333333333,0.34228558820127125,0.008952254867937937
3540754,SP,8,0.75,0.3503360803160159,-0.3996639196839841
3540804,SP,5,0.6,0.4981018957629505,-0.10189810423704948
3540903,SP,10,0.7,0.5825513703256979,-0.11744862967430203
3541000,SP,146,0.5,0.34863274125198357,-0.15136725874801643
3541059,SP,6,0.5,0.37847879322121053,-0.12152120677878947
3541307,SP,19,0.7894736842105263,0.5776138124442357,-0.21185987176629062
3541406,SP,80,0.7625,0.5116072782498193,-0.2508927217501806
3541505,SP,10,0.7,0.5649294105237699,-0.13507058947623007
3541604,SP,6,0.3333333333333333,0.5648901404787011,0.2315568071453678
3541653,SP,5,0.8,0.4447274409165839,-0.35527255908341615
3541703,SP,6,0.8333333333333334,0.5643476002404395,-0.26898573309289386
3541802,SP,1,1.0,0.6839731696034826,-0.31602683039651736
3541901,SP,6,0.8333333333333334,0.5322311076271873,-0.3011022257061461
3542008,SP,3,1.0,0.5168556791769149,-0.4831443208230851
3542107,SP,6,0.6666666666666666,0.6651545897471008,-0.0015120769195657857
3542206,SP,12,1.0,0.5178537591270663,-0.4821462408729337
3542305,SP,2,0.0,0.7258395279599559,0.7258395279599559
3542404,SP,4,0.25,0.5479392344947572,0.29793923449475723
3542503,SP,3,1.0,0.7946411166799673,-0.20535888332003271
3542602,SP,19,0.631578947368421,0.46685753963502785,-0.16472140773339317
3542701,SP,3,0.6666666666666666,0.546237508786425,-0.12042915788024167
3542800,SP,1,0.0,0.5990597047127234,0.5990597047127234
3542909,SP,2,0.5,0.5304996896825898,0.03049968968258976
3543006,SP,5,0.8,0.5845124977850175,-0.21548750221498258
3543105,SP,1,1.0,0.5521158120742009,-0.4478841879257991
3543253,SP,3,1.0,0.5959643261326094,-0.4040356738673906
3543303,SP,42,0.8095238095238095,0.6071358469206896,-0.20238796260311998
3543402,SP,192,0.578125,0.43699630121471617,-0.14112869878528383
3543501,SP,2,0.0,0.5376677845850766,0.5376677845850766
3543600,SP,1,1.0,0.5330967915739165,-0.46690320842608346
3543709,SP,8,0.875,0.5766297352073977,-0.2983702647926023
3543907,SP,65,0.7076923076923077,0.41479511890246795,-0.2928971887898398
3544004,SP,15,0.7333333333333333,0.46497214125727965,-0.26836119207605363
3544103,SP,11,0.8181818181818182,0.5157801540000267,-0.3024016641817915
3544202,SP,2,0.5,0.738024509603276,0.23802450960327604
3544251,SP,4,0.75,0.6069338509208866,-0.1430661490791134
3544301,SP,8,0.5,0.5306224597775854,0.030622459777585376
3544509,SP,2,1.0,0.6308946731264986,-0.3691053268735014
3544608,SP,1,1.0,0.572882956395011,-0.42711704360498903
3544707,SP,3,1.0,0.7769821912719651,-0.2230178087280349
3544806,SP,2,1.0,0.5493236476384549,-0.45067635236154513
3544905,SP,3,1.0,0.5176908472356696,-0.4823091527643304
3545001,SP,11,0.45454545454545453,0.48925085892163706,0.034705404376182525
3545100,SP,1,1.0,0.5842636166490148,-0.4157363833509852
3545159,SP,4,1.0,0.6051966795991116,-0.3948033204008884
3545209,SP,64,0.6875,0.5438086613962898,-0.1436913386037102
3545308,SP,23,0.6086956521739131,0.36624186656118396,-0.24245378561272912
3545407,SP,11,0.9090909090909091,0.4661898646286982,-0.44290104446221085
3545506,SP,5,0.8,0.7707060206186377,-0.029293979381362356
3545605,SP,4,0.75,0.5221058963937001,-0.2278941036062999
3545704,SP,3,0.6666666666666666,0.536991964314194,-0.12967470235247258
3545803,SP,78,0.6666666666666666,0.5052490798651067,-0.16141758680155993
3546009,SP,4,0.25,0.32082537834536107,0.07082537834536107
3546207,SP,1,1.0,0.6057137695778492,-0.39428623042215083
3546306,SP,14,0.7857142857142857,0.46125523694321313,-0.32445904877107257
3546405,SP,16,0.8125,0.5439676482121393,-0.2685323517878607
3546504,SP,2,0.5,0.7116626292233462,0.21166262922334622
3546603,SP,12,0.6666666666666666,0.5048748904061963,-0.16179177626047037
3546702,SP,8,0.875,0.5193939461928326,-0.35560605380716737
3546801,SP,35,0.5714285714285714,0.5143464111086055,-0.057082160319965936
3546900,SP,3,0.6666666666666666,0.5572688254395571,-0.1093978412271095
3547007,SP,3,0.6666666666666666,0.6866434868997578,0.01997682023309122
3547106,SP,2,0.5,0.7949766881788438,0.2949766881788438
3547304,SP,80,0.675,0.4626433782711466,-0.21235662172885345
3547502,SP,3,0.3333333333333333,0.5250442403450815,0.19171090701174814
3547601,SP,7,0.8571428571428571,0.5432690293972069,-0.3138738277456502
3547700,SP,4,0.5,0.583421030344524,0.08342103034452397
3547809,SP,174,0.603448275862069,0.46927782960388886,-0.1341704462581801
3547908,SP,6,0.8333333333333334,0.48065297567806947,-0.3526803576552639
3548005,SP,11,1.0,0.4835167050813796,-0.5164832949186204
3548054,SP,7,0.7142857142857143,0.5537467098665073,-0.160539004419207
3548104,SP,7,0.8571428571428571,0.5489206479922348,-0.30822220915062226
3548203,SP,5,0.6,0.5068571276923272,-0.09314287230767282
3548401,SP,1,1.0,0.6480806797034979,-0.3519193202965021
3548500,SP,90,0.5111111111111111,0.3938803964825102,-0.11723071462860085
3548609,SP,5,0.8,0.4909611780959297,-0.30903882190407034
3548708,SP,258,0.6472868217054264,0.49006340399258924,-0.15722341771283715
3548807,SP,45,0.6888888888888889,0.5281638245099584,-0.16072506437893053
3548906,SP,79,0.5822784810126582,0.5017910468697712,-0.08048743414288706
3549102,SP,18,0.7222222222222222,0.5158318347442237,-0.20639038747799854
3549201,SP,1,1.0,0.689599125750706,-0.31040087424929397
3549409,SP,10,0.6,0.46203558609864104,-0.13796441390135894
3549508,SP,1,0.0,0.48366834069937154,0.48366834069937154
3549607,SP,3,0.6666666666666666,0.4669831702948189,-0.19968349637184774
3549706,SP,12,0.5833333333333334,0.5899854639923149,0.006652130658981514
3549805,SP,135,0.5185185185185185,0.4198740857001017,-0.09864443281841678
3549904,SP,254,0.6653543307086615,0.5291906692097547,-0.1361636614989068
3549953,SP,8,0.625,0.42565291042589365,-0.19934708957410635
3550001,SP,6,0.8333333333333334,0.5080975428258336,-0.32523579050749973
3550100,SP,14,0.7142857142857143,0.49689516072987655,-0.21739055355583775
3550209,SP,11,0.7272727272727273,0.6341492229024221,-0.09312350437030514
3550308,SP,3928,0.5735743380855397,0.410575215454568,-0.16299912263097172
3550407,SP,10,0.9,0.47404576063993475,-0.42595423936006527
3550506,SP,3,1.0,0.5641668767039406,-0.4358331232960594
3550605,SP,27,0.6666666666666666,0.41797313614106446,-0.24869353052560217
3550704,SP,54,0.5740740740740741,0.35825335775263456,-0.2158207163214395
3550803,SP,6,0.8333333333333334,0.5067593147329343,-0.32657401860039903
3550902,SP,3,0.6666666666666666,0.5723009911442201,-0.09436567552244657
3551009,SP,141,0.3971631205673759,0.32137567843200204,-0.07578744213537386
3551108,SP,6,0.8333333333333334,0.41125721176603885,-0.4220761215672945
3551207,SP,3,1.0,0.6346543775627577,-0.36534562243724233
3551306,SP,2,1.0,0.6521543505515777,-0.34784564944842233
3551405,SP,3,0.0,0.3604755421136699,0.3604755421136699
3551504,SP,23,0.5217391304347826,0.34178401628476196,-0.17995511415002063
3551702,SP,58,0.6551724137931034,0.4791589220402093,-0.1760134917528941
3551801,SP,4,0.5,0.41561734695641767,-0.08438265304358233
3551900,SP,9,0.4444444444444444,0.4828535947775427,0.038409150333098274
3552007,SP,2,1.0,0.39259514546864005,-0.60740485453136
3552106,SP,11,0.5454545454545454,0.48384303264166645,-0.061611512812878966
3552205,SP,259,0.5444015444015444,0.4054453618315672,-0.13895618256997722
3552304,SP,4,0.25,0.4617885884217859,0.21178858842178588
3552403,SP,90,0.6444444444444445,0.46399420704157074,-0.18045023740287375
3552502,SP,138,0.5144927536231884,0.37435630492636196,-0.1401364486968264
3552551,SP,1,1.0,0.8645806527973835,-0.1354193472026165
3552601,SP,2,0.5,0.7361277992708501,0.23612779927085015
3552700,SP,8,0.625,0.475434973473804,-0.14956502652619602
3552809,SP,104,0.625,0.34187689548120254,-0.28312310451879746
3552908,SP,3,0.6666666666666666,0.5220588284420163,-0.1446078382246503
3553005,SP,6,0.8333333333333334,0.5202027987058155,-0.31313053462751783
3553104,SP,5,0.8,0.5197842312013322,-0.28021576879866783
3553203,SP,2,1.0,0.5934671217375576,-0.40653287826244244
3553302,SP,14,0.7857142857142857,0.46776892487126664,-0.31794536084301905
3553401,SP,7,0.42857142857142855,0.5529051027686066,0.12433367419717806
3553500,SP,2,0.5,0.4894003973223835,-0.010599602677616504
3553609,SP,7,0.7142857142857143,0.6078878153474747,-0.10639789893823959
3553658,SP,1,1.0,0.49673237397750203,-0.503267626022498
3553708,SP,17,0.7647058823529411,0.49295637942009557,-0.27174950293284555
3553807,SP,12,0.5,0.3833036818576765,-0.11669631814232351
3553856,SP,5,0.2,0.47608043712981934,0.27608043712981933
3553906,SP,3,1.0,0.526128108334443,-0.473871891665557
3553955,SP,2,0.5,0.7160572961600146,0.21605729616001457
3554003,SP,47,0.5319148936170213,0.43586152190219263,-0.09605337171482864
3554102,SP,98,0.6224489795918368,0.39698668960811756,-0.2254622899837192
3554300,SP,8,0.5,0.5132357722008949,0.01323577220089489
3554409,SP,4,0.5,0.5354112629802349,0.03541126298023489
3554508,SP,12,0.6666666666666666,0.5319456966033641,-0.13472097006330253
3554755,SP,1,0.0,0.69795194027444,0.69795194027444
3554805,SP,18,0.5555555555555556,0.38759055643869217,-0.1679649991168634
3554904,SP,5,0.6,0.6161922549455026,0.016192254945502582
3554953,SP,3,0.0,0.5434761277197013,0.5434761277197013
3555000,SP,18,0.6666666666666666,0.4796640832106856,-0.18700258345598103
3555109,SP,3,0.6666666666666666,0.8545413089988046,0.18787464233213802
3555208,SP,1,0.0,0.8758455479155645,0.8758455479155645
3555307,SP,1,1.0,0.48724110055482506,-0.5127588994451749
3555356,SP,5,1.0,0.6190498786495677,-0.38095012135043227
3555406,SP,48,0.4166666666666667,0.30659076858145795,-0.11007589808520873
3555505,SP,2,1.0,0.42350721150419995,-0.5764927884958
3555604,SP,3,1.0,0.6355237120967691,-0.36447628790323094
3555901,SP,1,1.0,0.7556750036587289,-0.24432499634127114
3556008,SP,8,0.5,0.48212261063247486,-0.017877389367525143
3556107,SP,8,0.875,0.6422374814428473,-0.2327625185571527
3556206,SP,49,0.5306122448979592,0.42698729227475785,-0.10362495262320137
3556305,SP,9,0.7777777777777778,0.463811893579,-0.3139658841987778
3556354,SP,3,1.0,0.4923121903033328,-0.5076878096966673
3556404,SP,8,0.875,0.5018970059946177,-0.37310299400538227
3556453,SP,22,0.5909090909090909,0.46677168972062977,-0.12413740118846117
3556503,SP,53,0.5471698113207547,0.36264086779752275,-0.18452894352323196
3556602,SP,2,0.5,0.4412387423543921,-0.05876125764560791
3556701,SP,31,0.7419354838709677,0.5257398258790218,-0.21619565799194596
3556800,SP,6,0.3333333333333333,0.45164231400746785,0.11830898067413453
3556909,SP,4,0.75,0.6104997471485983,-0.13950025285140166
3556958,SP,1,1.0,0.7305293152982044,-0.2694706847017956
3557006,SP,42,0.47619047619047616,0.3895059768749875,-0.08668449931548866
3557105,SP,23,0.7391304347826086,0.5189892882672928,-0.2201411465153158
3557154,SP,1,0.0,0.4903500765722031,0.4903500765722031
3557204,SP,5,1.0,0.41025808453749624,-0.5897419154625038
3557303,SP,12,0.75,0.35427196599603866,-0.39572803400396134
4100103,PR,7,0.8571428571428571,0.6140718936064017,-0.2430709635364554
4100202,PR,6,0.5,0.6642969943856275,0.1642969943856275
4100301,PR,4,1.0,0.8353115010776166,-0.16468849892238335
4100400,PR,51,0.6470588235294118,0.3986628447045878,-0.248395978824824
4100459,PR,1,1.0,0.7956505480942556,-0.20434945190574438
4100509,PR,10,0.9,0.7416639449807331,-0.15833605501926695
4100608,PR,6,1.0,0.7003450997118219,-0.2996549002881781
4100707,PR,7,0.5714285714285714,0.7200060517224747,0.14857748029390327
4100806,PR,3,0.6666666666666666,0.6646117599016552,-0.0020549067650114106
4100905,PR,2,1.0,0.7330055768904636,-0.26699442310953636
4101002,PR,9,1.0,0.689439339789372,-0.310560660210628
4101051,PR,3,1.0,0.7087454851109835,-0.29125451488901655
4101101,PR,7,1.0,0.6103062523973156,-0.3896937476026844
4101200,PR,14,0.5714285714285714,0.5802190866538242,0.00879051522525276
4101309,PR,2,1.0,0.8777645397359037,-0.12223546026409626
4101408,PR,51,0.7843137254901961,0.704800057196656,-0.07951366829354012
4101507,PR,49,0.8163265306122449,0.6481948223634586,-0.16813170824878632
4101606,PR,10,1.0,0.6680086593112736,-0.3319913406887264
4101705,PR,8,0.75,0.689681237151623,-0.060318762848377006
4101804,PR,85,0.7647058823529411,0.6264625206748169,-0.13824336167812423
4101903,PR,5,1.0,0.807231587143719,-0.192768412856281
4102000,PR,18,0.8888888888888888,0.7265257919377365,-0.16236309695115236
4102109,PR,9,1.0,0.7939539740525527,-0.20604602594744725
4102208,PR,3,1.0,0.895919124698108,-0.10408087530189203
4102307,PR,9,0.7777777777777778,0.7092032589822906,-0.06857451879548715
4102406,PR,11,1.0,0.7082451079995936,-0.2917548920004064
4102505,PR,2,1.0,0.8123717435661629,-0.18762825643383707
4102604,PR,6,0.8333333333333334,0.7414155278625166,-0.09191780547081674
4102703,PR,1,1.0,0.7223430201220954,-0.2776569798779046
4102752,PR,1,1.0,0.8451953406523491,-0.15480465934765086
4102802,PR,8,0.875,0.601869579970122,-0.273130420029878
4102901,PR,9,0.8888888888888888,0.7178971404602658,-0.17099174842862308
4103008,PR,2,0.5,0.8999827721523953,0.3999827721523953
4103024,PR,2,1.0,0.8426031277628216,-0.15739687223717835
4103040,PR,2,1.0,0.7329746456174259,-0.26702535438257413
4103057,PR,10,0.4,0.5889870222408187,0.18898702224081865
4103107,PR,11,0.7272727272727273,0.5335826063909416,-0.19369012088178572
4103156,PR,1,1.0,0.8661748773375426,-0.13382512266245739
4103206,PR,2,0.5,0.628453088660362,0.12845308866036198
4103222,PR,1,1.0,0.764409112604621,-0.23559088739537903
4103305,PR,3,0.6666666666666666,0.8216166187401847,0.15494995207351803
4103354,PR,4,1.0,0.8171182372017189,-0.18288176279828106
4103370,PR,1,1.0,0.6845254523801014,-0.31547454761989857
4103453,PR,11,0.7272727272727273,0.7379462682395309,0.010673540966803619
4103479,PR,3,1.0,0.6368023254859542,-0.36319767451404583
4103503,PR,3,1.0,0.7825230602707456,-0.21747693972925441
4103602,PR,11,0.7272727272727273,0.5682931437636796,-0.15897958350904773
4103701,PR,51,0.9215686274509803,0.7458700391717968,-0.1756985882791835
4103800,PR,2,1.0,0.7610307348677222,-0.23896926513227779
4103909,PR,11,1.0,0.7576324556747213,-0.24236754432527874
4103958,PR,6,1.0,0.7705732934335051,-0.2294267065664949
4104006,PR,23,0.782608695652174,0.5931835625560629,-0.1894251330961111
4104055,PR,1,0.0,0.7976467477919132,0.7976467477919132
4104105,PR,5,0.6,0.7623313360919611,0.16233133609196115
4104204,PR,57,0.7894736842105263,0.609072313291878,-0.18040137091864827
4104253,PR,19,0.6842105263157895,0.5232663936713073,-0.16094413264448215
4104303,PR,46,0.9565217391304348,0.7457130854177948,-0.21080865371264002
4104402,PR,3,1.0,0.8081490667097334,-0.1918509332902666
4104428,PR,10,0.8,0.7383038002777375,-0.06169619972226259
4104451,PR,6,1.0,0.6632834856644042,-0.3367165143355958
4104501,PR,12,0.8333333333333334,0.7650714746830595,-0.0682618586502739
4104600,PR,8,1.0,0.7636166942272913,-0.23638330577270872
4104659,PR,9,1.0,0.6926939695832671,-0.3073060304167329
4104709,PR,12,0.8333333333333334,0.6731220281315676,-0.16021130520176574
4104808,PR,141,0.8156028368794326,0.7744953928691427,-0.04110744401028987
4104907,PR,47,0.8723404255319149,0.7322739528572523,-0.14006647267466266
4105003,PR,5,0.8,0.6669855393105567,-0.13301446068944334
4105102,PR,5,1.0,0.6556780776640604,-0.3443219223359396
4105201,PR,6,0.8333333333333334,0.5015638485574642,-0.3317694847758692
4105300,PR,6,0.8333333333333334,0.7763051010184729,-0.05702823231486043
4105409,PR,7,1.0,0.7460906131550064,-0.25390938684499365
4105508,PR,35,0.8571428571428571,0.7849171793297886,-0.07222567781306855
4105607,PR,7,1.0,0.713810624641982,-0.286189375358018
4105706,PR,5,0.8,0.7204039928506648,-0.07959600714933524
4105805,PR,123,0.6585365853658537,0.551332309809423,-0.10720427555643064
4105904,PR,15,0.9333333333333333,0.7575767946020787,-0.17575653873125463
4106001,PR,2,1.0,0.6370066491692944,-0.3629933508307056
4106100,PR,4,0.5,0.7254587871610979,0.2254587871610979
4106209,PR,12,0.6666666666666666,0.7173490621388222,0.050682395472155584
4106308,PR,6,1.0,0.8067130064536377,-0.19328699354636225
4106407,PR,16,0.8125,0.7266036344220397,-0.08589636557796032
4106456,PR,2,0.5,0.7872452861659006,0.2872452861659006
4106506,PR,9,0.8888888888888888,0.7799580606471853,-0.10893082824170353
4106555,PR,4,0.75,0.8591823570168543,0.1091823570168543
4106571,PR,2,1.0,0.8547839882526256,-0.14521601174737442
4106605,PR,9,0.8888888888888888,0.7183344395399911,-0.17055444934889774
4106704,PR,3,0.6666666666666666,0.6478659734845411,-0.018800693182125516
4106803,PR,8,0.875,0.8197271121895646,-0.05527288781043538
4106902,PR,538,0.7602230483271375,0.5987614197139448,-0.1614616286131927
4107009,PR,4,1.0,0.7736683671876603,-0.2263316328123397
4107108,PR,2,0.5,0.7642144364045722,0.2642144364045722
4107124,PR,1,1.0,0.8218525213721671,-0.17814747862783287
4107157,PR,1,1.0,0.763942796661739,-0.23605720333826097
4107207,PR,25,1.0,0.8020262305567667,-0.1979737694432333
4107256,PR,2,0.5,0.6366929023903778,0.1366929023903778
4107306,PR,5,1.0,0.7174874597537991,-0.28251254024620087
4107405,PR,3,1.0,0.7715295616430259,-0.22847043835697411
4107504,PR,3,1.0,0.7909918771690215,-0.20900812283097847
4107538,PR,2,1.0,0.8114800780666278,-0.1885199219333722
4107546,PR,3,1.0,0.8233530230183782,-0.1766469769816218
4107553,PR,1,1.0,0.8380347127022494,-0.16196528729775062
4107603,PR,5,1.0,0.7538174803473289,-0.24618251965267113
4107652,PR,74,0.7162162162162162,0.570404721091405,-0.14581149512481117
4107702,PR,1,1.0,0.7115760230201933,-0.2884239769798067
4107736,PR,4,1.0,0.8172835584040056,-0.18271644159599443
4107751,PR,6,1.0,0.7812572292866,-0.21874277071339998
4107801,PR,2,1.0,0.7420173126596281,-0.2579826873403719
4107850,PR,4,0.75,0.8208605404693796,0.07086054046937962
4107900,PR,6,0.5,0.6531426966471172,0.15314269664711722
4108007,PR,3,1.0,0.6829085679716232,-0.31709143202837675
4108205,PR,6,0.8333333333333334,0.6196081168007576,-0.2137252165325758
4108304,PR,144,0.7916666666666666,0.6482899292188383,-0.1433767374478283
4108320,PR,3,0.6666666666666666,0.7270983447605307,0.06043167809386407
4108403,PR,41,0.8292682926829268,0.7575347975123771,-0.07173349517054972
4108452,PR,5,0.8,0.7936806475198148,-0.006319352480185225
4108502,PR,6,0.6666666666666666,0.5848033503671398,-0.08186331629952681
4108601,PR,13,0.7692307692307693,0.668454833711463,-0.1007759355193063
4108650,PR,3,0.6666666666666666,0.869071654519811,0.20240498785314442
4108700,PR,3,1.0,0.7443412676750741,-0.25565873232492586
4108809,PR,14,0.7142857142857143,0.6517224520754727,-0.06256326221024155
4108908,PR,4,1.0,0.7673751532353057,-0.2326248467646943
4108957,PR,2,0.5,0.7980576831179562,0.2980576831179562
4109005,PR,1,1.0,0.8105278578214965,-0.1894721421785035
4109104,PR,2,1.0,0.738657820572793,-0.26134217942720706
4109302,PR,10,0.9,0.7536726692332704,-0.14632733076672966
4109401,PR,107,0.719626168224299,0.6109403261273771,-0.10868584209692189
4109500,PR,2,0.5,0.5431025780947261,0.04310257809472606
4109609,PR,19,0.7368421052631579,0.574327988887449,-0.1625141163757089
4109658,PR,6,0.5,0.6967426120906008,0.19674261209060084
4109708,PR,11,0.6363636363636364,0.6869656389046573,0.050602002541020985
4109757,PR,2,1.0,0.6898814654553409,-0.3101185345446591
4109807,PR,26,0.8461538461538461,0.6395261720433301,-0.20662767411051608
4109906,PR,1,1.0,0.6479848872689546,-0.35201511273104535
4110003,PR,2,0.0,0.5195513249455554,0.5195513249455554
4110078,PR,10,1.0,0.686641407080586,-0.31335859291941404
4110102,PR,20,0.85,0.7376335975571711,-0.11236640244282892
4110201,PR,1,1.0,0.6831128268753451,-0.31688717312465486
4110300,PR,2,1.0,0.7307774554376927,-0.2692225445623073
4110409,PR,2,1.0,0.7594331111091202,-0.24056688889087985
4110508,PR,12,0.9166666666666666,0.7876155846977336,-0.129051081968933
4110607,PR,3,0.6666666666666666,0.6688295185388823,0.0021628518722156542
4110706,PR,41,0.8780487804878049,0.8065461570905293,-0.07150262339727553
4110805,PR,8,0.875,0.7617606571703825,-0.11323934282961745
4110904,PR,4,1.0,0.6008372575782267,-0.3991627424217733
4110953,PR,9,0.8888888888888888,0.7875113580686477,-0.10137753082024115
4111001,PR,7,1.0,0.8114040362247531,-0.1885959637752469
4111100,PR,5,1.0,0.8623414210370921,-0.1376585789629079
4111209,PR,6,0.8333333333333334,0.7268083474804864,-0.10652498585284698
4111258,PR,14,0.5714285714285714,0.435385481627977,-0.13604308980059437
4111308,PR,2,0.5,0.6483969429460643,0.14839694294606431
4111407,PR,1,1.0,0.8284107842502648,-0.17158921574973518
4111506,PR,14,0.9285714285714286,0.6457304609867573,-0.28284096758467125
4111555,PR,2,1.0,0.7695224644922714,-0.23047753550772865
4111605,PR,1,1.0,0.7981993047222352,-0.20180069527776479
4111704,PR,5,1.0,0.8118640415972169,-0.18813595840278308
4111803,PR,24,0.625,0.45356094086853616,-0.17143905913146384
4111902,PR,7,1.0,0.7226328499368221,-0.2773671500631779
4112009,PR,26,0.6923076923076923,0.697951803696555,0.0056441113888626715
4112108,PR,9,0.8888888888888888,0.7187808589779787,-0.17010802991091012
4112207,PR,2,1.0,0.8080500713367222,-0.19194992866327776
4112306,PR,3,1.0,0.7476946306901237,-0.25230536930987635
4112405,PR,7,1.0,0.7823988352057635,-0.21760116479423652
4112504,PR,3,1.0,0.738265106424977,-0.261734893575023
4112603,PR,2,1.0,0.7883564185857693,-0.21164358141423067
4112702,PR,6,1.0,0.6537955221887627,-0.3462044778112373
4112751,PR,2,0.5,0.8282220785602783,0.3282220785602783
4112801,PR,8,1.0,0.800204930794044,-0.19979506920595602
4112900,PR,2,1.0,0.7018130341599026,-0.2981869658400974
4112959,PR,6,0.5,0.6413921428344594,0.14139214283445944
4113007,PR,4,1.0,0.7339953266156746,-0.26600467338432543
4113106,PR,5,0.8,0.747559796863462,-0.05244020313653808
4113205,PR,20,0.8,0.7565579672729909,-0.043442032727009194
4113254,PR,6,0.16666666666666666,0.5417314833798628,0.37506481671319614
4113304,PR,10,1.0,0.6384854316643225,-0.3615145683356775
4113403,PR,6,1.0,0.9025361488887494,-0.09746385111125055
4113429,PR,2,1.0,0.8459766731926733,-0.15402332680732667
4113502,PR,7,0.8571428571428571,0.7326477716303311,-0.12449508551252597
4113601,PR,3,0.6666666666666666,0.715615390219163,0.048948723552496354
4113700,PR,196,0.8061224489795918,0.6732711770812277,-0.1328512718983641
4113734,PR,4,0.75,0.8300849245631955,0.08008492456319549
4113809,PR,2,1.0,0.7733951600436987,-0.22660483995630132
4113908,PR,8,1.0,0.8378660307028256,-0.16213396929717439
4114005,PR,6,1.0,0.8311957557373182,-0.1688042442626818
4114104,PR,23,0.7391304347826086,0.5901742343518355,-0.14895620043077318
4114203,PR,21,0.9047619047619048,0.7988125473046599,-0.10594935745724487
4114302,PR,12,1.0,0.7048703226619124,-0.2951296773380876
4114401,PR,9,0.6666666666666666,0.7062863908641334,0.03961972419746673
4114500,PR,7,1.0,0.7418918698307287,-0.25810813016927125
4114609,PR,30,0.8333333333333334,0.6976311785036544,-0.13570215482967896
4114708,PR,5,1.0,0.598492105927242,-0.401507894072758
4114807,PR,18,0.9444444444444444,0.6914253759455294,-0.253019068498915
4114906,PR,3,1.0,0.7755429693701502,-0.22445703062984979
4115002,PR,6,0.8333333333333334,0.7959371715045768,-0.0373961618287566
4115101,PR,4,0.5,0.5647469011232825,0.06474690112328252
4115200,PR,131,0.8931297709923665,0.727184010983628,-0.1659457600087385
4115309,PR,3,1.0,0.741021139068161,-0.258978860931839
4115408,PR,11,0.9090909090909091,0.8152954516674488,-0.0937954574234603
4115457,PR,2,1.0,0.8189672250297165,-0.18103277497028347
4115507,PR,1,0.0,0.7513542056171035,0.7513542056171035
4115606,PR,10,0.8,0.696387877148556,-0.10361212285144406
4115705,PR,33,0.696969696969697,0.5980949443516858,-0.09887475261801126
4115739,PR,3,0.6666666666666666,0.6196669658648797,-0.04699970080178695
4115754,PR,7,0.7142857142857143,0.8094992813229609,0.0952135670372466
4115804,PR,29,0.9655172413793104,0.7766731485897376,-0.18884409278957281
4115853,PR,3,0.6666666666666666,0.8827330267653299,0.2160663600986633
4116000,PR,1,1.0,0.6793454836469082,-0.32065451635309183
4116059,PR,2,1.0,0.7993579614955457,-0.20064203850445428
4116109,PR,2,1.0,0.7804644090804762,-0.2195355909195238
4116208,PR,9,0.5555555555555556,0.5937056197251689,0.03815006416961331
4116307,PR,1,1.0,0.6078065010398573,-0.39219349896014266
4116406,PR,4,1.0,0.8237557867457367,-0.17624421325426332
4116505,PR,1,1.0,0.5130144152376115,-0.4869855847623885
4116604,PR,2,0.5,0.7846427559212414,0.28464275592124144
4116703,PR,6,0.8333333333333334,0.8365336353718437,0.0032003020385102943
4116802,PR,4,1.0,0.8590770232017702,-0.14092297679822985
4116901,PR,9,1.0,0.7287205328912211,-0.2712794671087789
4116950,PR,3,1.0,0.8634970711730229,-0.13650292882697712
4117008,PR,2,1.0,0.8172114316816305,-0.18278856831836954
4117057,PR,4,0.75,0.7065148359663911,-0.043485164033608914
4117107,PR,4,1.0,0.7780709094256945,-0.22192909057430554
4117206,PR,1,1.0,0.8148460787588161,-0.1851539212411839
4117214,PR,5,1.0,0.8047846679983494,-0.19521533200165064
4117222,PR,7,1.0,0.783710350592718,-0.21628964940728201
4117255,PR,6,1.0,0.8042787968544571,-0.19572120314554287
4117271,PR,4,1.0,0.8185529546353293,-0.1814470453646707
4117297,PR,1,1.0,0.8539568785568435,-0.14604312144315645
4117305,PR,12,0.8333333333333334,0.5401347535236116,-0.29319857980972175
4117404,PR,2,1.0,0.757948897913026,-0.242051102086974
4117453,PR,9,0.7777777777777778,0.846197220381785,0.06841944260400723
4117503,PR,28,0.7142857142857143,0.6094035401333378,-0.10488217415237655
4117602,PR,19,0.47368421052631576,0.505660724790992,0.03197651426467624
4117701,PR,15,0.7333333333333333,0.6498851315768978,-0.08344820175643552
4117800,PR,7,0.7142857142857143,0.7063976244868736,-0.007888089798840703
4117909,PR,18,1.0,0.7073460323159217,-0.29265396768407825
4118006,PR,6,0.8333333333333334,0.6517661305678627,-0.18156720276547067
4118105,PR,6,1.0,0.7456087095592693,-0.2543912904407307
4118204,PR,63,0.6825396825396826,0.5559880134365071,-0.1265516691031755
4118402,PR,37,0.7837837837837838,0.8006093316129612,0.016825547829177445
4118451,PR,5,1.0,0.8819438302574433,-0.11805616974255673
4118501,PR,36,0.8888888888888888,0.7120318861338274,-0.17685700275506144
4118600,PR,3,0.6666666666666666,0.7907814894267547,0.12411482276008812
4118709,PR,5,1.0,0.8619591088213744,-0.1380408911786256
4118808,PR,7,0.8571428571428571,0.7732983495583705,-0.08384450758448658
4118857,PR,5,0.6,0.6901892345606178,0.09018923456061778
4118907,PR,4,0.5,0.739451290872316,0.23945129087231598
4119004,PR,1,1.0,0.8625944229071935,-0.13740557709280654
4119103,PR,7,0.8571428571428571,0.7813706380246773,-0.07577221911817977
4119152,PR,62,0.6774193548387096,0.5153152225399636,-0.16210413229874598
4119202,PR,1,1.0,0.6954390735203884,-0.30456092647961164
4119251,PR,1,1.0,0.903760113135048,-0.096239886864952
4119301,PR,15,0.8,0.5986964624732756,-0.20130353752672447
4119400,PR,18,0.6666666666666666,0.6881297174720854,0.02146305080541877
4119509,PR,54,0.6296296296296297,0.5288987799071786,-0.10073084972245105
4119608,PR,16,0.8125,0.6987348419348699,-0.1137651580651301
4119657,PR,1,0.0,0.8577476357362507,0.8577476357362507
4119707,PR,3,1.0,0.774144009168107,-0.225855990831893
4119806,PR,14,0.9285714285714286,0.7963193554577075,-0.1322520731137211
4119905,PR,147,0.8299319727891157,0.659237478084845,-0.17069449470427067
4119954,PR,19,0.6842105263157895,0.555876607893736,-0.12833391842205344
4120002,PR,5,1.0,0.794149883811324,-0.205850116188676
4120101,PR,3,1.0,0.7438009317519491,-0.25619906824805094
4120309,PR,2,0.5,0.7973346790935274,0.2973346790935274
4120333,PR,1,1.0,0.7791439536378832,-0.22085604636211675
4120507,PR,5,0.6,0.5546849515278149,-0.04531504847218504
4120606,PR,22,0.8636363636363636,0.7763251426079342,-0.08731122102842948
4120655,PR,1,1.0,0.7841036649803687,-0.21589633501963135
4120705,PR,2,1.0,0.88286869864758,-0.11713130135242
4120804,PR,18,0.9444444444444444,0.5750116087259216,-0.3694328357185228
4120853,PR,5,1.0,0.8816556762721943,-0.11834432372780568
4120903,PR,25,0.72,0.6509206757572399,-0.06907932424276009
4121000,PR,5,0.8,0.4467005985309854,-0.3532994014690146
4121109,PR,3,1.0,0.6739754617007513,-0.3260245382992487
4121208,PR,20,0.85,0.7605852368719243,-0.08941476312807572
4121257,PR,4,0.75,0.8016433418972121,0.05164334189721209
4121356,PR,1,0.0,0.7240255759085908,0.7240255759085908
4121406,PR,9,1.0,0.7981167312368642,-0.20188326876313578
4121505,PR,12,0.9166666666666666,0.8046550656542787,-0.11201160101238794
4121604,PR,2,0.0,0.7723748575880475,0.7723748575880475
4121703,PR,12,0.8333333333333334,0.7344602975724449,-0.09887303576088846
4121752,PR,5,1.0,0.8071676404624248,-0.19283235953757516
4121802,PR,10,0.9,0.802816539082602,-0.09718346091739805
4121901,PR,11,0.9090909090909091,0.7982802123777976,-0.1108106967131115
4122008,PR,9,1.0,0.8778678566569533,-0.12213214334304667
4122156,PR,6,1.0,0.7794868005982067,-0.22051319940179326
4122172,PR,1,1.0,0.7360524777518997,-0.26394752224810025
4122206,PR,19,0.7894736842105263,0.6025710238027977,-0.18690266040772863
4122305,PR,14,0.9285714285714286,0.7909515614239065,-0.13761986714752206
4122404,PR,38,0.7368421052631579,0.6595158673972104,-0.0773262378659475
4122503,PR,5,1.0,0.8235476295311962,-0.1764523704688038
4122602,PR,4,1.0,0.5934992845086011,-0.4065007154913989
4122651,PR,3,1.0,0.7631021267858435,-0.23689787321415645
4122701,PR,8,1.0,0.7982794917753355,-0.20172050822466447
4122800,PR,3,1.0,0.8671801073404587,-0.1328198926595413
4122909,PR,1,1.0,0.6686080578242716,-0.3313919421757284
4123006,PR,12,1.0,0.7955412497693178,-0.20445875023068216
4123105,PR,1,1.0,0.8980170433775333,-0.1019829566224667
4123204,PR,3,1.0,0.8249964567778171,-0.17500354322218292
4123303,PR,5,1.0,0.7415207426172375,-0.25847925738276245
4123402,PR,4,0.75,0.6963663808403093,-0.05363361915969067
4123501,PR,18,0.8888888888888888,0.7482482738614915,-0.14064061502739733
4123709,PR,3,1.0,0.8099774302355373,-0.19002256976446275
4123808,PR,7,1.0,0.8192918700922039,-0.18070812990779606
4123857,PR,2,0.0,0.7279930789929012,0.7279930789929012
4123907,PR,8,1.0,0.8094953186010162,-0.1905046813989838
4123956,PR,3,0.6666666666666666,0.7597012210708574,0.09303455440419073
4124004,PR,1,1.0,0.6594952023779365,-0.34050479762206354
4124020,PR,10,0.6,0.7578281986729684,0.15782819867296838
4124053,PR,12,0.9166666666666666,0.7550374220301243,-0.16162924463654238
4124103,PR,23,0.7391304347826086,0.5365709376513053,-0.2025594971313034
4124202,PR,1,0.0,0.8622413651649061,0.8622413651649061
4124400,PR,7,0.8571428571428571,0.7595208140678732,-0.0976220430749839
4124509,PR,5,1.0,0.8210244358159178,-0.17897556418408223
4124608,PR,3,1.0,0.7535388040078338,-0.2464611959921662
4124707,PR,3,1.0,0.7839408995230982,-0.2160591004769018
4124806,PR,3,0.6666666666666666,0.8475550518475439,0.18088838518087724
4124905,PR,3,1.0,0.8870259643439106,-0.11297403565608943
4125001,PR,2,0.5,0.6830788292838932,0.18307882928389319
4125100,PR,8,0.625,0.839277395981858,0.21427739598185802
4125209,PR,4,1.0,0.8123615394279193,-0.18763846057208067
4125308,PR,5,1.0,0.828073804228296,-0.17192619577170398
4125407,PR,1,1.0,0.7425668947407661,-0.2574331052592339
4125456,PR,5,1.0,0.7927607821460441,-0.20723921785395594
4125506,PR,157,0.821656050955414,0.5988739598250183,-0.2227820911303957
4125605,PR,21,0.5714285714285714,0.6689700221580233,0.09754145072945186
4125704,PR,9,0.8888888888888888,0.7375300644232726,-0.15135882446561622
4125753,PR,3,1.0,0.768383485944856,-0.23161651405514405
4125803,PR,6,0.6666666666666666,0.8507783969826611,0.18411173031599448
4125902,PR,3,1.0,0.7268207542658119,-0.27317924573418806
4126009,PR,3,1.0,0.8707546388420626,-0.1292453611579374
4126108,PR,1,1.0,0.790598393164076,-0.20940160683592401
4126207,PR,4,0.75,0.7940798196747674,0.04407981967476737
4126256,PR,72,0.625,0.48916629516729454,-0.13583370483270546
4126272,PR,7,0.7142857142857143,0.8306836245964988,0.1163979103107845
4126306,PR,3,1.0,0.7953195832155752,-0.20468041678442483
4126355,PR,5,1.0,0.8709292252010943,-0.12907077479890572
4126405,PR,3,1.0,0.892186499920759,-0.10781350007924095
4126504,PR,9,0.6666666666666666,0.6107457456416259,-0.05592092102504076
4126603,PR,14,0.9285714285714286,0.7786704992283949,-0.14990092934303367
4126652,PR,2,1.0,0.7300578152437651,-0.2699421847562349
4126678,PR,4,1.0,0.7254680645729432,-0.2745319354270568
4126702,PR,6,1.0,0.5948279122628586,-0.4051720877371414
4126801,PR,8,1.0,0.6173835250598048,-0.38261647494019524
4126900,PR,3,1.0,0.8064379301912675,-0.19356206980873247
4127007,PR,6,1.0,0.8628161953357929,-0.1371838046642071
4127106,PR,32,0.71875,0.5851509222515476,-0.13359907774845237
4127205,PR,6,1.0,0.862229610712482,-0.13777038928751795
4127304,PR,6,0.8333333333333334,0.6706290815756222,-0.1627042517577112
4127403,PR,9,0.7777777777777778,0.7175796385972835,-0.060198139180494326
4127502,PR,9,0.7777777777777778,0.721111702321821,-0.05666607545595681
4127601,PR,12,0.75,0.6706333828280321,-0.07936661717196791
4127700,PR,67,0.8059701492537313,0.7381192145969631,-0.06785093465676828
4127809,PR,2,1.0,0.8445995077587997,-0.15540049224120034
4127858,PR,5,1.0,0.7951172626716675,-0.2048827373283325
4127882,PR,4,0.75,0.677474607158243,-0.07252539284175696
4127908,PR,7,1.0,0.6390977140050852,-0.3609022859949148
4127957,PR,2,1.0,0.7652935039998167,-0.23470649600018334
4127965,PR,8,1.0,0.8220396250994317,-0.17796037490056826
4128005,PR,7,0.8571428571428571,0.7781562647400811,-0.07898659240277595
4128104,PR,34,0.8235294117647058,0.6383078080477146,-0.18522160371699126
4128203,PR,21,0.8095238095238095,0.6760035114995158,-0.13352029802429377
4128302,PR,1,1.0,0.735619843475035,-0.26438015652496505
4128401,PR,2,0.5,0.7481332388753069,0.24813323887530692
4128500,PR,8,0.875,0.7968767366247391,-0.07812326337526088
4128534,PR,7,0.8571428571428571,0.7530805671115033,-0.10406229003135381
4128559,PR,4,0.75,0.5578295517135105,-0.19217044828648955
4128609,PR,6,0.3333333333333333,0.7535888051502351,0.42025547181690176
4128625,PR,2,1.0,0.6993307842664855,-0.30066921573351446
4128633,PR,2,0.5,0.7555681462900186,0.25556814629001856
4128658,PR,4,1.0,0.7843729825110947,-0.21562701748890534
4128708,PR,4,1.0,0.6651931497771782,-0.33480685022282175
4128807,PR,3,1.0,0.6058702500809203,-0.3941297499190797
4200051,SC,2,0.5,0.6220565507259269,0.12205655072592692
4200101,SC,10,0.5,0.5427164771989922,0.04271647719899219
4200200,SC,4,1.0,0.6383403618359164,-0.36165963816408364
4200309,SC,5,0.2,0.5230654060644767,0.3230654060644767
4200408,SC,3,1.0,0.6497719664240071,-0.35022803357599286
4200507,SC,4,1.0,0.5056020887245548,-0.4943979112754452
4200556,SC,1,0.0,0.6610370712496055,0.6610370712496055
4200606,SC,1,1.0,0.5528204016015901,-0.4471795983984099
4200705,SC,9,0.3333333333333333,0.3856163746242666,0.05228304129093331
4200804,SC,4,0.75,0.7714555210541545,0.02145552105415449
4200903,SC,2,0.5,0.6988462983865384,0.19884629838653844
4201000,SC,2,1.0,0.6400692711364431,-0.3599307288635569
4201109,SC,2,0.5,0.5278926124248798,0.027892612424879837
4201208,SC,5,1.0,0.5190693109222604,-0.4809306890777396
4201257,SC,6,0.6666666666666666,0.5907147828588706,-0.07595188380779605
4201273,SC,1,1.0,0.7241180666807301,-0.2758819333192699
4201307,SC,31,0.5806451612903226,0.36811739426385975,-0.21252776702646287
4201406,SC,28,0.5,0.4191960429472799,-0.08080395705272009
4201505,SC,6,0.3333333333333333,0.5921390759956912,0.25880574266235784
4201604,SC,1,1.0,0.7129885712268069,-0.2870114287731931
4201653,SC,1,1.0,0.6549726298223516,-0.3450273701776484
4201703,SC,5,0.8,0.695212772497199,-0.104787227502801
4201802,SC,2,1.0,0.5554118746793298,-0.44458812532067016
4201901,SC,2,0.5,0.5456175808212056,0.045617580821205594
4201950,SC,5,0.6,0.316407192590521,-0.28359280740947895
4202008,SC,41,0.5121951219512195,0.3934150179820019,-0.11878010396921762
4202057,SC,9,0.5555555555555556,0.4203808732101847,-0.1351746823453709
4202073,SC,6,0.8333333333333334,0.42292585586419174,-0.41040747746914163
4202081,SC,1,0.0,0.5924406957234455,0.5924406957234455
4202099,SC,2,0.5,0.6081131822136585,0.10811318221365851
4202107,SC,27,0.5185185185185185,0.36831633477746695,-0.15020218374105154
4202131,SC,2,1.0,0.7128896532515698,-0.28711034674843017
4202156,SC,3,1.0,0.7331659619890561,-0.26683403801094385
4202206,SC,5,1.0,0.5926030191695407,-0.4073969808304593
4202305,SC,16,0.5625,0.32913055217080395,-0.23336944782919605
4202404,SC,146,0.6575342465753424,0.4771372117656239,-0.18039703480971853
4202438,SC,1,0.0,0.3608253523715801,0.3608253523715801
4202453,SC,10,0.7,0.42702503138149533,-0.2729749686185046
4202503,SC,2,1.0,0.3334606554606369,-0.666539344539363
4202537,SC,1,1.0,0.6185900617998301,-0.3814099382001699
4202578,SC,2,1.0,0.6417014054954535,-0.3582985945045465
4202602,SC,3,0.3333333333333333,0.38623806218478585,0.05290472885145253
4202701,SC,4,0.75,0.6226187816292249,-0.1273812183707751
4202800,SC,16,0.6875,0.48103928915078653,-0.20646071084921347
4202859,SC,3,0.3333333333333333,0.508622094779641,0.17528876144630773
4202875,SC,1,0.0,0.5033865275495985,0.5033865275495985
4202909,SC,67,0.6865671641791045,0.520692222892859,-0.16587494128624547
4203006,SC,37,0.7027027027027027,0.5075653062124451,-0.19513739649025763
4203105,SC,6,0.3333333333333333,0.39746364289526154,0.06413030956192822
4203154,SC,3,1.0,0.47228880090292363,-0.5277111990970764
4203204,SC,62,0.43548387096774194,0.38249999776235744,-0.0529838732053845
4203303,SC,7,0.5714285714285714,0.5111436059339732,-0.060284965494598164
4203402,SC,3,0.6666666666666666,0.35000027696942865,-0.316666389697238
4203501,SC,4,1.0,0.5637491032024708,-0.43625089679752915
4203600,SC,13,0.6923076923076923,0.5128655355956224,-0.17944215671206987
4203709,SC,5,0.6,0.40983755896935914,-0.19016244103064084
4203808,SC,17,0.8823529411764706,0.5904010064186588,-0.2919519347578118
4203907,SC,10,0.9,0.636650283126581,-0.263349716873419
4203956,SC,11,0.5454545454545454,0.37191746693968625,-0.17353707851485917
4204004,SC,3,1.0,0.5916173615606906,-0.40838263843930944
4204103,SC,2,1.0,0.6374064934008395,-0.36259350659916045
4204178,SC,2,0.0,0.45481246185722646,0.45481246185722646
4204194,SC,3,0.3333333333333333,0.5367844638559102,0.20345113052257685
4204202,SC,140,0.6285714285714286,0.40445391581859824,-0.22411751275283032
4204251,SC,4,0.25,0.4632547290937278,0.21325472909372778
4204301,SC,33,0.6363636363636364,0.5892655491947916,-0.04709808716884478
4204350,SC,3,0.3333333333333333,0.5513128690521194,0.2179795357187861
4204400,SC,4,0.5,0.7502029665303874,0.2502029665303874
4204459,SC,1,1.0,0.8152481881154314,-0.18475181188456857
4204509,SC,10,0.7,0.6335189272924632,-0.06648107270753678
4204558,SC,8,0.5,0.4577657587834387,-0.042234241216561275
4204608,SC,81,0.7283950617283951,0.516558396947171,-0.2118366647812241
4204707,SC,6,0.6666666666666666,0.6003163941322468,-0.06635027253441983
4204756,SC,1,1.0,0.6323957506439821,-0.3676042493560179
4204806,SC,15,0.6666666666666666,0.4739098785271906,-0.19275678813947605
4204905,SC,4,1.0,0.6367130305479143,-0.3632869694520857
4205001,SC,8,0.875,0.5950794386884113,-0.2799205613115887
4205100,SC,3,1.0,0.7031233433147653,-0.29687665668523466
4205159,SC,1,1.0,0.613356560988051,-0.386643439011949
4205175,SC,2,0.0,0.515533153853838,0.515533153853838
4205191,SC,1,1.0,0.5876240480978767,-0.4123759519021233
4205209,SC,1,0.0,0.6040712010073245,0.6040712010073245
4205308,SC,7,0.42857142857142855,0.49335112830967487,0.06477969973824632
4205357,SC,1,1.0,0.6236327807518625,-0.37636721924813754
4205407,SC,147,0.5782312925170068,0.3925257140674359,-0.18570557844957086
4205431,SC,2,0.0,0.6495477518679214,0.6495477518679214
4205456,SC,14,0.6428571428571429,0.511012391629671,-0.13184475122747186
4205506,SC,25,0.88,0.6575905785357825,-0.2224094214642175
4205605,SC,1,1.0,0.6518383981321617,-0.3481616018678383
4205704,SC,23,0.6956521739130435,0.6736471275365075,-0.022005046376535997
4205803,SC,14,0.8571428571428571,0.5380376845838374,-0.3191051725590197
4205902,SC,37,0.4864864864864865,0.43913360150763586,-0.04735288497885065
4206009,SC,15,0.6666666666666666,0.537026725263403,-0.12963994140326363
4206108,SC,5,0.6,0.5263090282411487,-0.07369097175885131
4206207,SC,4,0.75,0.5088404138918609,-0.24115958610813915
4206306,SC,14,0.8571428571428571,0.5588400185713087,-0.2983028385715484
4206405,SC,7,1.0,0.666385361709246,-0.333614638290754
4206504,SC,35,0.6571428571428571,0.5515703138239186,-0.1055725433189385
4206603,SC,2,1.0,0.6696269557785646,-0.33037304422143543
4206652,SC,10,0.7,0.4014512218830365,-0.29854877811696345
4206702,SC,5,0.4,0.46864425803520515,0.06864425803520513
4206801,SC,1,1.0,0.6064070241353493,-0.3935929758646507
4206900,SC,10,0.7,0.5860598238573639,-0.11394017614263607
4207007,SC,38,0.6578947368421053,0.5678293099012793,-0.09006542694082598
4207106,SC,8,0.75,0.43053648126015504,-0.31946351873984496
4207205,SC,10,0.9,0.4169385753788359,-0.48306142462116414
4207304,SC,21,0.47619047619047616,0.43800316347557006,-0.03818731271490611
4207403,SC,3,1.0,0.6460155129322238,-0.3539844870677762
4207502,SC,36,0.75,0.5535801741571754,-0.19641982584282458
4207577,SC,2,0.5,0.6245516747850166,0.12455167478501661
4207601,SC,2,0.5,0.7263103448462446,0.22631034484624457
4207650,SC,5,1.0,0.7635859092527106,-0.23641409074728936
4207684,SC,4,1.0,0.535341732091484,-0.46465826790851605
4207700,SC,5,0.6,0.5527793317426652,-0.04722066825733473
4207809,SC,5,0.8,0.6611686971137244,-0.13883130288627565
4207908,SC,6,0.8333333333333334,0.6932876206124186,-0.14004571272091482
4208005,SC,1,1.0,0.6644077229057904,-0.3355922770942096
4208104,SC,10,0.6,0.45683888619059465,-0.14316111380940533
4208203,SC,125,0.552,0.36577017825068076,-0.1862298217493193
4208302,SC,41,0.5121951219512195,0.42570554286258,-0.08648957908863952
4208401,SC,10,1.0,0.6747965781223664,-0.3252034218776336
4208450,SC,18,0.5555555555555556,0.42340607903791555,-0.13214947651764003
4208500,SC,10,0.5,0.5435497397485867,0.04354973974858667
4208609,SC,3,0.6666666666666666,0.6954717409437988,0.028805074277132192
4208708,SC,3,0.6666666666666666,0.5784835635860253,-0.08818310308064137
4208807,SC,16,0.25,0.3761602212182118,0.1261602212182118
4208906,SC,81,0.7160493827160493,0.5540507032876482,-0.16199867942840118
4208955,SC,1,1.0,0.6706551546063811,-0.32934484539361886
4209003,SC,14,0.5714285714285714,0.5760998164309165,0.004671245002345059
4209102,SC,251,0.6135458167330677,0.5165474086480834,-0.09699840808498439
4209151,SC,6,0.6666666666666666,0.3719491072601251,-0.29471755940654154
4209177,SC,2,1.0,0.626158111903011,-0.37384188809698904
4209300,SC,65,0.5538461538461539,0.3319670998889362,-0.2218790539572177
4209409,SC,16,0.6875,0.3212389156160445,-0.3662610843839555
4209508,SC,7,0.42857142857142855,0.5581920309104684,0.12962060233903988
4209607,SC,15,0.5333333333333333,0.5599006990701427,0.0265673657368094
4209706,SC,5,0.4,0.366452317028405,-0.03354768297159505
4209805,SC,1,0.0,0.6152958606018012,0.6152958606018012
4209854,SC,2,0.5,0.5885908526262779,0.08859085262627786
4209904,SC,6,0.5,0.43695929192874366,-0.06304070807125634
4210001,SC,7,0.5714285714285714,0.5154228278578171,-0.056005743570754274
4210035,SC,1,0.0,0.6377795083425285,0.6377795083425285
4210100,SC,30,0.5666666666666667,0.6096517089798414,0.04298504231317479
4210209,SC,3,0.6666666666666666,0.5596072303349404,-0.10705943633172621
4210308,SC,5,1.0,0.5779007143672382,-0.4220992856327618
4210407,SC,2,1.0,0.5634205146355344,-0.43657948536446556
4210506,SC,16,0.9375,0.6099503323367884,-0.3275496676632116
4210555,SC,2,1.0,0.6595039354166348,-0.34049606458336523
4210605,SC,8,0.875,0.5915504748052705,-0.28344952519472955
4210704,SC,2,1.0,0.4004997052620261,-0.599500294737974
4210803,SC,2,0.5,0.44983519550351686,-0.05016480449648314
4210852,SC,2,1.0,0.553447073190959,-0.446552926809041
4210902,SC,3,0.6666666666666666,0.7856740587607632,0.11900739209409661
4211009,SC,6,0.8333333333333334,0.6188240266849525,-0.21450930664838086
4211058,SC,11,0.8181818181818182,0.49552330244221987,-0.32265851573959836
4211108,SC,5,1.0,0.3869173632202066,-0.6130826367797935
4211207,SC,9,0.7777777777777778,0.606209160755124,-0.1715686170226538
4211256,SC,1,0.0,0.6344108908817702,0.6344108908817702
4211306,SC,68,0.5882352941176471,0.3865604657511539,-0.2016748283664932
4211454,SC,4,1.0,0.6521607621133236,-0.34783923788667637
4211504,SC,7,0.42857142857142855,0.4285679679043954,-3.460667033161613e-06
4211603,SC,4,1.0,0.6327557832071311,-0.3672442167928689
4211702,SC,10,0.5,0.5001790845791944,0.00017908457919435516
4211751,SC,8,0.375,0.4897342223126061,0.1147342223126061
4211801,SC,1,1.0,0.6808966892691163,-0.3191033107308837
4211892,SC,2,0.5,0.47686067335747134,-0.023139326642528657
4211900,SC,90,0.4777777777777778,0.3364123632275563,-0.1413654145502215
4212007,SC,2,1.0,0.6342626128983017,-0.36573738710169834
4212056,SC,2,1.0,0.6028627608012619,-0.3971372391987381
4212106,SC,6,0.8333333333333334,0.5949083324703818,-0.2384250008629516
4212205,SC,7,0.8571428571428571,0.5995194905818735,-0.2576233665609836
4212239,SC,4,1.0,0.7340844957752182,-0.26591550422478183
4212254,SC,9,0.4444444444444444,0.46471838829251116,0.020273943848066744
4212270,SC,4,0.75,0.520523967640802,-0.229476032359198
4212304,SC,3,0.6666666666666666,0.5687402825517615,-0.09792638411490517
4212403,SC,4,1.0,0.647314029576425,-0.35268597042357497
4212502,SC,22,0.6818181818181818,0.47901058924074963,-0.20280759257743214
4212601,SC,2,1.0,0.8106586956426903,-0.18934130435730967
4212650,SC,2,1.0,0.39858259928442924,-0.6014174007155708
4212700,SC,4,0.25,0.5617161334322375,0.3117161334322375
4212809,SC,22,0.8181818181818182,0.4994566895049681,-0.31872512867685016
4212908,SC,14,0.7142857142857143,0.5971913971780498,-0.11709431710766449
4213005,SC,1,1.0,0.6827044060358273,-0.31729559396417273
4213104,SC,3,0.3333333333333333,0.6891663522626886,0.3558330189293553
4213153,SC,2,1.0,0.7984454344083516,-0.20155456559164842
4213203,SC,15,0.8666666666666667,0.621128678159216,-0.24553798850745068
4213302,SC,1,0.0,0.4294337959050081,0.4294337959050081
4213401,SC,12,0.75,0.5310267394665004,-0.21897326053349964
4213500,SC,16,0.5625,0.4262323871556751,-0.13626761284432493
4213609,SC,25,0.36,0.4925459837656191,0.1325459837656191
4213708,SC,7,0.5714285714285714,0.47444084629114275,-0.09698772513742865
4213807,SC,3,0.3333333333333333,0.5811494796272852,0.24781614629395193
4213906,SC,1,1.0,0.6096192972938432,-0.39038070270615677
4214003,SC,13,0.8461538461538461,0.4712855654844814,-0.37486828066936473
4214102,SC,2,1.0,0.6006862366696016,-0.39931376333039836
4214151,SC,1,1.0,0.6687038268327927,-0.3312961731672073
4214201,SC,9,0.6666666666666666,0.5840304941242268,-0.08263617254243982
4214300,SC,1,1.0,0.6690655632961764,-0.3309344367038236
4214409,SC,3,0.6666666666666666,0.4335476670476898,-0.2331189996189768
4214508,SC,4,1.0,0.6307704796249973,-0.3692295203750027
4214607,SC,3,1.0,0.5689818988824042,-0.43101810111759575
4214706,SC,5,0.8,0.6091731058621908,-0.1908268941378093
4214805,SC,21,0.5238095238095238,0.4109690902660422,-0.11284043354348161
4214904,SC,3,1.0,0.570779432457361,-0.42922056754263904
4215000,SC,9,0.7777777777777778,0.5555734921451376,-0.22220428563264016
4215059,SC,1,1.0,0.5938754324937647,-0.40612456750623527
4215109,SC,8,0.625,0.5450938597547477,-0.07990614024525233
4215208,SC,2,0.5,0.5201970222259436,0.02019702222594355
4215307,SC,3,1.0,0.6308409145446412,-0.3691590854553588
4215356,SC,1,1.0,0.7011519484069607,-0.2988480515930393
4215406,SC,2,0.5,0.6479052131117082,0.14790521311170823
4215455,SC,4,0.75,0.45576455858504106,-0.29423544141495894
4215505,SC,10,0.8,0.48975864319880885,-0.3102413568011912
4215604,SC,3,1.0,0.8436070858557542,-0.15639291414424583
4215653,SC,2,0.5,0.5467424980091572,0.046742498009157196
4215679,SC,6,1.0,0.49958184246104387,-0.5004181575389561
4215695,SC,1,0.0,0.7140492603107704,0.7140492603107704
4215703,SC,11,0.45454545454545453,0.5248788851032138,0.07033343055775926
4215752,SC,2,1.0,0.6366387550320823,-0.36336124496791766
4215802,SC,34,0.8529411764705882,0.6177198097726337,-0.23522136669795446
4216008,SC,4,0.75,0.5885925090811733,-0.16140749091882667
4216107,SC,2,1.0,0.6515249192837788,-0.34847508071622124
4216206,SC,26,0.6153846153846154,0.36126779195996256,-0.25411682342465286
4216255,SC,2,1.0,0.8401658585925913,-0.1598341414074087
4216305,SC,27,0.48148148148148145,0.4521085486899136,-0.02937293279156783
4216354,SC,3,0.3333333333333333,0.5596677954988505,0.22633446216551717
4216404,SC,5,0.8,0.5762132139704808,-0.2237867860295193
4216503,SC,6,0.3333333333333333,0.3389293910660072,0.005596057732673909
4216602,SC,98,0.5612244897959183,0.4149502262965268,-0.14627426349939154
4216701,SC,5,0.8,0.7349971337339772,-0.06500286626602281
4216800,SC,4,0.5,0.5706632975095133,0.07066329750951328
4216909,SC,16,0.75,0.6395432903863292,-0.11045670961367082
4217006,SC,10,0.3,0.5283482074741203,0.22834820747412027
4217105,SC,2,0.5,0.5376962504007123,0.03769625040071234
4217154,SC,2,1.0,0.7669440096224323,-0.23305599037756775
4217204,SC,17,0.7647058823529411,0.6285093247874791,-0.136196557565462
4217253,SC,3,1.0,0.5998615527865941,-0.40013844721340586
4217303,SC,7,0.5714285714285714,0.6702428119570643,0.09881424052849286
4217402,SC,14,0.7142857142857143,0.5856429670180897,-0.1286427472676246
4217501,SC,9,0.6666666666666666,0.5836254837994402,-0.08304118286722639
4217550,SC,1,1.0,0.8572926218812109,-0.14270737811878909
4217600,SC,5,0.8,0.5296624793167404,-0.27033752068325967
4217709,SC,11,0.6363636363636364,0.4222467811119299,-0.21411685525170643
4217758,SC,2,0.5,0.6490837348410324,0.14908373484103243
4217808,SC,5,0.8,0.5647859496241299,-0.23521405037587018
4217907,SC,2,1.0,0.5685705877939052,-0.43142941220609476
4217956,SC,4,0.5,0.8195891601719724,0.31958916017197236
4218004,SC,23,0.391304347826087,0.34190249832033676,-0.04940184950575022
4218103,SC,3,1.0,0.6074006883021449,-0.3925993116978551
4218202,SC,12,0.5833333333333334,0.5891433593095612,0.005810025976227817
4218251,SC,3,0.3333333333333333,0.43473204085934514,0.10139870752601182
4218301,SC,11,0.18181818181818182,0.35931250153153116,0.17749431971334934
4218350,SC,2,1.0,0.622502114251649,-0.37749788574835097
4218400,SC,5,0.6,0.630374685954716,0.03037468595471604
4218509,SC,7,0.42857142857142855,0.6250502746755027,0.19647884610407412
4218608,SC,6,0.3333333333333333,0.5838314532118383,0.25049811987850495
4218707,SC,36,0.5833333333333334,0.5219187284778715,-0.06141460485546191
4218756,SC,2,1.0,0.6095976307178376,-0.39040236928216243
4218806,SC,9,0.7777777777777778,0.5747722348394968,-0.203005542938281
4218855,SC,1,1.0,0.6331462001538889,-0.3668537998461111
4218905,SC,5,0.8,0.6334605438294015,-0.1665394561705985
4218954,SC,2,1.0,0.49645729241630765,-0.5035427075836924
4219002,SC,8,0.625,0.5929056351928845,-0.03209436480711547
4219101,SC,4,1.0,0.5319135100776143,-0.46808648992238566
4219150,SC,3,0.6666666666666666,0.6724019447650423,0.005735278098375707
4219176,SC,4,0.5,0.5563801559931032,0.0563801559931032
4219200,SC,5,1.0,0.7098023184728806,-0.29019768152711944
4219309,SC,20,0.65,0.49238127498104206,-0.15761872501895796
4219358,SC,2,1.0,0.5848010342902433,-0.4151989657097567
4219408,SC,2,1.0,0.6505327908499018,-0.3494672091500982
4219507,SC,22,0.6818181818181818,0.6036761517818932,-0.07814203003628861
4219606,SC,1,1.0,0.6859621721613365,-0.3140378278386635
4219705,SC,17,0.6470588235294118,0.5355850859341581,-0.1114737375952537
4219853,SC,5,0.6,0.5259481927006424,-0.07405180729935756
4220000,SC,11,0.36363636363636365,0.4263036543544976,0.06266729071813393
4300034,RS,4,1.0,0.5150851997523622,-0.4849148002476378
4300059,RS,3,0.3333333333333333,0.43751553068652754,0.10418219735319423
4300109,RS,4,0.25,0.4163564148994965,0.16635641489949649
4300208,RS,1,1.0,0.7569164713877644,-0.2430835286122356
4300307,RS,5,0.6,0.3709054284350326,-0.22909457156496738
4300406,RS,18,0.5,0.3890716485501134,-0.11092835144988661
4300455,RS,1,0.0,0.44268600419666143,0.44268600419666143
4300471,RS,3,0.0,0.43924586784397274,0.43924586784397274
4300505,RS,2,1.0,0.621405239857647,-0.37859476014235305
4300570,RS,1,1.0,0.520869014888197,-0.47913098511180297
4300604,RS,71,0.5070422535211268,0.24813549792908232,-0.25890675559204446
4300638,RS,2,0.0,0.4780014111376853,0.4780014111376853
4300646,RS,5,1.0,0.5484002144129879,-0.4515997855870121
4300802,RS,1,1.0,0.4458928695713675,-0.5541071304286325
4300851,RS,3,0.6666666666666666,0.3837747225918155,-0.28289194407485113
4300877,RS,8,0.75,0.45408876131634424,-0.29591123868365576
4300901,RS,3,0.6666666666666666,0.5863546104314478,-0.08031205623521886
4301008,RS,7,0.8571428571428571,0.588883692665385,-0.2682591644774721
4301057,RS,5,0.4,0.3877184134507688,-0.012281586549231227
4301107,RS,10,0.4,0.2753153969479019,-0.12468460305209811
4301206,RS,9,0.8888888888888888,0.5725142700936642,-0.31637461879522466
4301305,RS,9,0.6666666666666666,0.43430740719640176,-0.23235925947026487
4301404,RS,4,0.75,0.49509521638461984,-0.25490478361538016
4301503,RS,4,0.5,0.5328555739113893,0.03285557391138927
4301552,RS,2,1.0,0.5776987225617891,-0.4223012774382109
4301602,RS,46,0.45652173913043476,0.3953317141494187,-0.061190024981016056
4301636,RS,7,0.2857142857142857,0.32400620390599066,0.038291918191704966
4301701,RS,1,1.0,0.6560393578496658,-0.3439606421503342
4301750,RS,2,1.0,0.3004606648960438,-0.6995393351039563
4301800,RS,3,0.6666666666666666,0.5064299062179021,-0.16023676044876456
4301875,RS,6,0.5,0.28884932798801105,-0.21115067201198895
4301909,RS,2,0.0,0.3976943019347081,0.3976943019347081
4301958,RS,2,0.5,0.5895772695742671,0.08957726957426715
4302006,RS,1,1.0,0.4385899620769486,-0.5614100379230513
4302105,RS,35,0.6857142857142857,0.46284775613261137,-0.22286652958167436
4302204,RS,5,0.6,0.6306794790038952,0.030679479003895227
4302220,RS,1,0.0,0.5507539655312167,0.5507539655312167
4302238,RS,3,1.0,0.4360391424808007,-0.5639608575191992
4302303,RS,5,0.4,0.4571514467939733,0.05715144679397327
4302352,RS,4,1.0,0.5441055390026016,-0.4558944609973984
4302378,RS,1,1.0,0.5175029795335232,-0.4824970204664768
4302402,RS,8,0.25,0.5211976593317859,0.27119765933178586
4302501,RS,1,0.0,0.4313063904669905,0.4313063904669905
4302659,RS,3,0.6666666666666666,0.48313737190869427,-0.18352929475797236
4302709,RS,7,0.5714285714285714,0.36165299563590286,-0.20977557579266853
4302808,RS,14,0.42857142857142855,0.3406048300303855,-0.08796659854104305
4302907,RS,6,0.0,0.4067542554075205,0.4067542554075205
4303004,RS,25,0.36,0.3785750355719554,0.01857503557195539
4303103,RS,48,0.4583333333333333,0.3367374839745776,-0.12159584935875573
4303202,RS,2,0.0,0.529745187444544,0.529745187444544
4303301,RS,2,0.5,0.5819983016738683,0.08199830167386835
4303400,RS,3,0.6666666666666666,0.5373733959606327,-0.1292932707060339
4303509,RS,20,0.2,0.4452614827660454,0.24526148276604537
4303558,RS,1,0.0,0.6135608817091343,0.6135608817091343
4303608,RS,1,1.0,0.5313481288153451,-0.4686518711846549
4303673,RS,2,1.0,0.6921782691216599,-0.3078217308783401
4303707,RS,5,0.8,0.6076642657920257,-0.19233573420797434
4303806,RS,4,0.25,0.5855400742784305,0.33554007427843047
4303905,RS,35,0.5142857142857142,0.42257956320207085,-0.09170615108364338
4304002,RS,2,0.0,0.41568227358147064,0.41568227358147064
4304200,RS,8,0.5,0.4834634862504936,-0.016536513749506376
4304309,RS,2,0.5,0.6015092526225552,0.10150925262255517
4304358,RS,7,0.42857142857142855,0.3761926687813162,-0.05237875979011236
4304408,RS,24,0.5833333333333334,0.4201844842837124,-0.16314884904962096
4304507,RS,17,0.6470588235294118,0.4608361512910738,-0.186222672238338
4304606,RS,90,0.5,0.27847037684995957,-0.22152962315004043
4304614,RS,2,1.0,0.5959187319701764,-0.4040812680298236
4304622,RS,1,1.0,0.5255646379796333,-0.47443536202036674
4304630,RS,23,0.34782608695652173,0.2693237099500479,-0.07850237700647383
4304655,RS,1,1.0,0.5226333266284816,-0.4773666733715184
4304663,RS,15,0.4666666666666667,0.3054913379021137,-0.16117532876455298
4304671,RS,1,1.0,0.32986214499748023,-0.6701378550025198
4304689,RS,2,1.0,0.41243206304392604,-0.587567936956074
4304697,RS,1,0.0,0.6371498902957432,0.6371498902957432
4304705,RS,18,0.3888888888888889,0.4411950829274527,0.05230619403856379
4304713,RS,4,1.0,0.5985631509653426,-0.4014368490346574
4304804,RS,9,0.8888888888888888,0.5853553209266482,-0.3035335679622406
4304903,RS,2,1.0,0.6786526269881133,-0.32134737301188665
4305009,RS,1,0.0,0.641210101941593,0.641210101941593
4305108,RS,142,0.5563380281690141,0.3977919018774525,-0.15854612629156162
4305124,RS,3,0.6666666666666666,0.43878489936793824,-0.2278817672987284
4305132,RS,1,1.0,0.5888922415806565,-0.41110775841934355
4305173,RS,2,0.5,0.3692124995862702,-0.13078750041372977
4305207,RS,3,1.0,0.5036020188222964,-0.4963979811777036
4305306,RS,1,1.0,0.5603854002732679,-0.4396145997267321
4305355,RS,10,0.4,0.3640314972151074,-0.03596850278489261
4305371,RS,3,0.0,0.4373573786666373,0.4373573786666373
4305405,RS,3,0.6666666666666666,0.6635809629690398,-0.0030857036976268404
4305439,RS,3,0.6666666666666666,0.414509448633317,-0.2521572180333496
4305447,RS,1,0.0,0.5921751011128648,0.5921751011128648
4305454,RS,6,0.3333333333333333,0.2902917204963052,-0.04304161283702812
4305603,RS,1,0.0,0.6823801145772757,0.6823801145772757
4305702,RS,6,0.5,0.6452104265101475,0.14521042651014748
4305801,RS,6,0.8333333333333334,0.5657540663303723,-0.2675792670029611
4305900,RS,3,0.3333333333333333,0.44879047959346213,0.11545714626012882
4305959,RS,1,1.0,0.5527574996269349,-0.4472425003730651
4305975,RS,2,0.0,0.4655926445363607,0.4655926445363607
4306007,RS,3,0.3333333333333333,0.5193498497092952,0.1860165163759619
4306056,RS,3,0.3333333333333333,0.6205229069712089,0.2871895736378756
4306072,RS,1,1.0,0.37988481317597483,-0.6201151868240251
4306106,RS,17,0.47058823529411764,0.36804760483136084,-0.1025406304627568
4306205,RS,4,0.75,0.48517739835435386,-0.26482260164564614
4306379,RS,2,0.5,0.49707936779138473,-0.0029206322086152703
4306403,RS,19,0.5789473684210527,0.4927405430944861,-0.08620682532656654
4306502,RS,4,0.5,0.418623721979412,-0.081376278020588
4306551,RS,1,1.0,0.5725930198420474,-0.42740698015795264
4306601,RS,14,0.6428571428571429,0.408496860485268,-0.2343602823718749
4306734,RS,4,0.5,0.5150882782193247,0.01508827821932468
4306767,RS,16,0.25,0.2976712955016803,0.04767129550168031
4306809,RS,10,0.8,0.5626543797095213,-0.2373456202904788
4306908,RS,7,1.0,0.3827733793972607,-0.6172266206027393
4306924,RS,1,0.0,0.5600022184501318,0.5600022184501318
4306932,RS,3,1.0,0.36061274896507417,-0.6393872510349259
4306957,RS,3,0.6666666666666666,0.6085190195709526,-0.05814764709571407
4306973,RS,6,0.3333333333333333,0.4959137149598996,0.1625803816265663
4307005,RS,48,0.7083333333333334,0.49573370325350014,-0.21259963007983324
4307054,RS,2,1.0,0.6010842773466415,-0.3989157226533585
4307104,RS,2,0.5,0.3738347841462487,-0.1261652158537513
4307203,RS,1,1.0,0.5962029613493631,-0.4037970386506369
4307302,RS,3,0.3333333333333333,0.4723797726901024,0.13904643935676908
4307401,RS,1,1.0,0.4475063837158791,-0.552493616284121
4307450,RS,1,1.0,0.6687071719736244,-0.3312928280263756
4307500,RS,9,0.5555555555555556,0.4437375299843263,-0.11181802557122927
4307559,RS,1,1.0,0.5212332429377516,-0.47876675706224836
4307609,RS,24,0.625,0.41716062249974034,-0.20783937750025966
4307708,RS,33,0.42424242424242425,0.39748192381298686,-0.026760500429437395
4307807,RS,13,0.46153846153846156,0.4324529167391751,-0.02908554479928649
4307906,RS,22,0.6363636363636364,0.560027662186712,-0.07633597417692439
4308003,RS,3,1.0,0.5805323677325426,-0.4194676322674574
4308078,RS,2,0.0,0.6062765303852063,0.6062765303852063
4308102,RS,6,0.3333333333333333,0.5076429845000988,0.1743096511667655
4308201,RS,20,0.7,0.5238525536617145,-0.1761474463382855
4308300,RS,1,1.0,0.6035515457389115,-0.39644845426108855
4308409,RS,4,0.75,0.5425177114850082,-0.20748228851499184
4308458,RS,1,1.0,0.7346532667133877,-0.2653467332866123
4308508,RS,6,0.5,0.5534744943384181,0.05347449433841811
4308607,RS,10,0.6,0.49782839421606023,-0.10217160578393975
4308706,RS,3,0.6666666666666666,0.5745492968568447,-0.09211736980982188
4308805,RS,6,0.16666666666666666,0.3786050226741588,0.21193835600749214
4308904,RS,5,0.8,0.5174518745830383,-0.2825481254169617
4309001,RS,4,0.75,0.4226646853335733,-0.3273353146664267
4309050,RS,3,0.3333333333333333,0.543892517734052,0.2105591844007187
4309100,RS,18,0.8333333333333334,0.5229251191033336,-0.31040821422999976
4309126,RS,1,1.0,0.4223855709192794,-0.5776144290807206
4309209,RS,99,0.42424242424242425,0.32132479106853695,-0.1029176331738873
4309308,RS,31,0.3870967741935484,0.27842760164722236,-0.10866917254632602
4309407,RS,13,0.5384615384615384,0.4440557076437996,-0.09440583081773884
4309506,RS,2,0.5,0.5883996842883717,0.08839968428837175
4309555,RS,2,1.0,0.6465753181728211,-0.3534246818271789
4309571,RS,1,1.0,0.4507122122312777,-0.5492877877687223
4309605,RS,7,0.7142857142857143,0.5522197588578469,-0.1620659554278674
4309654,RS,4,0.25,0.4927867735617928,0.2427867735617928
4309704,RS,3,0.6666666666666666,0.5646025442322126,-0.10206412243445406
4309902,RS,2,1.0,0.6071202300458604,-0.39287976995413965
4309951,RS,1,1.0,0.5427556656335685,-0.4572443343664315
4310009,RS,6,0.5,0.478490635555101,-0.021509364444898982
4310108,RS,15,0.8666666666666667,0.5191009184299176,-0.34756574823674913
4310207,RS,33,0.6666666666666666,0.5421016577731849,-0.12456500889348177
4310330,RS,18,0.4444444444444444,0.3523536249533067,-0.09209081949113773
4310363,RS,1,0.0,0.6164908082627776,0.6164908082627776
4310405,RS,6,0.6666666666666666,0.4779669484220752,-0.18869971824459142
4310413,RS,1,0.0,0.41313314183760147,0.41313314183760147
4310439,RS,3,1.0,0.6329437880131599,-0.36705621198684013
4310504,RS,3,0.6666666666666666,0.521069700242744,-0.1455969664239226
4310538,RS,5,0.8,0.4582927618797207,-0.34170723812027937
4310553,RS,1,0.0,0.5935364752986256,0.5935364752986256
4310579,RS,1,1.0,0.5675393753007807,-0.4324606246992193
4310603,RS,13,0.3076923076923077,0.43801337480468283,0.13032106711237512
4310652,RS,2,1.0,0.45359512456667744,-0.5464048754333226
4310702,RS,2,0.0,0.5291136434823104,0.5291136434823104
4310801,RS,13,0.6153846153846154,0.5101707658862052,-0.10521384949841017
4310850,RS,1,1.0,0.48566227894750863,-0.5143377210524913
4310876,RS,1,0.0,0.4182066172449185,0.4182066172449185
4311007,RS,8,0.75,0.3522052888688797,-0.3977947111311203
4311106,RS,7,0.8571428571428571,0.4596745939024821,-0.397468263240375
4311122,RS,2,1.0,0.4027671393829181,-0.5972328606170819
4311130,RS,1,1.0,0.39065967293340265,-0.6093403270665974
4311155,RS,1,1.0,0.3775646693169841,-0.6224353306830159
4311205,RS,4,0.25,0.36706091996975976,0.11706091996975976
4311254,RS,1,0.0,0.4778300802950586,0.4778300802950586
4311304,RS,9,0.5555555555555556,0.43012571900146035,-0.12542983655409523
4311403,RS,30,0.7666666666666667,0.4217853439525088,-0.34488132271415795
4311502,RS,1,1.0,0.3853187747053081,-0.6146812252946918
4311601,RS,2,0.5,0.6067894637573236,0.10678946375732357
4311627,RS,4,0.25,0.4835265567845889,0.2335265567845889
4311643,RS,1,1.0,0.6528305936241642,-0.3471694063758358
4311700,RS,2,0.5,0.5428546814884515,0.04285468148845151
4311718,RS,3,0.0,0.3803710368604904,0.3803710368604904
4311759,RS,4,0.5,0.38818896640236,-0.11181103359764
4311775,RS,2,0.5,0.40621681910217655,-0.09378318089782345
4311809,RS,16,0.5625,0.37919512443439524,-0.18330487556560476
4311908,RS,1,1.0,0.7270677272608164,-0.27293227273918363
4311981,RS,2,1.0,0.4670042730767089,-0.5329957269232911
4312005,RS,1,1.0,0.6219294652504234,-0.37807053474957664
4312054,RS,2,0.0,0.5661234435295581,0.5661234435295581
4312104,RS,2,0.5,0.47481272558371035,-0.02518727441628965
4312153,RS,3,1.0,0.6555832630763252,-0.3444167369236748
4312203,RS,2,0.5,0.5907893235060134,0.09078932350601343
4312252,RS,2,1.0,0.5464055363163104,-0.4535944636836896
4312377,RS,3,0.3333333333333333,0.4296182852356038,0.09628495190227049
4312385,RS,1,1.0,0.6249914844870512,-0.3750085155129488
4312401,RS,21,0.42857142857142855,0.3701652509346926,-0.058406177636735945
4312443,RS,1,1.0,0.6507345172858706,-0.3492654827141294
4312450,RS,1,1.0,0.5268563949171609,-0.47314360508283915
4312476,RS,3,0.6666666666666666,0.5114376173193756,-0.15522904934729098
4312500,RS,3,0.3333333333333333,0.41849155790395876,0.08515822457062544
4312609,RS,1,1.0,0.4135702690299625,-0.5864297309700375
4312617,RS,1,1.0,0.3825306820999744,-0.6174693179000257
4312658,RS,9,0.6666666666666666,0.5258003526971256,-0.14086631396954108
4312708,RS,4,0.5,0.3871411810362416,-0.11285881896375838
4312757,RS,2,1.0,0.6533663306412365,-0.3466336693587635
4312807,RS,2,0.5,0.5565376156714043,0.05653761567140425
4312955,RS,4,0.5,0.6417367279582656,0.14173672795826564
4313003,RS,2,1.0,0.7217075654657268,-0.2782924345342732
4313011,RS,2,1.0,0.641096706467769,-0.35890329353223105
4313037,RS,3,1.0,0.7594848284157143,-0.2405151715842857
4313060,RS,12,0.5,0.41101598166167874,-0.08898401833832126
4313102,RS,3,0.6666666666666666,0.6225421029804655,-0.0441245636862011
4313201,RS,8,0.875,0.5447688537325721,-0.3302311462674279
4313300,RS,2,1.0,0.5638406661854494,-0.43615933381455063
4313334,RS,2,1.0,0.5127075055103311,-0.48729249448966894
4313375,RS,13,0.6923076923076923,0.45494060371515493,-0.23736708859253736
4313391,RS,2,1.0,0.6590576181508914,-0.34094238184910863
4313409,RS,81,0.41975308641975306,0.3146453339270195,-0.10510775249273357
4313425,RS,1,0.0,0.43885276569220183,0.43885276569220183
4313490,RS,2,0.0,0.5189834232296204,0.5189834232296204
4313508,RS,31,0.45161290322580644,0.37939681780437745,-0.07221608542142899
4313607,RS,2,0.5,0.5988642089719687,0.09886420897196868
4313656,RS,5,0.4,0.3327588696400624,-0.06724113035993762
4313706,RS,13,0.8461538461538461,0.4316201864050055,-0.41453365974884065
4313805,RS,5,0.8,0.5675860015543484,-0.2324139984456517
4313904,RS,20,0.75,0.5178237977219995,-0.2321762022780005
4313953,RS,3,0.0,0.3536043690890826,0.3536043690890826
4314001,RS,4,0.75,0.5827460554320697,-0.1672539445679303
4314035,RS,1,0.0,0.4857387870802681,0.4857387870802681
4314050,RS,32,0.4375,0.3539752829054844,-0.08352471709451559
4314068,RS,2,0.5,0.6622326222313186,0.16223262223131862
4314076,RS,1,0.0,0.5643371870344224,0.5643371870344224
4314100,RS,65,0.3384615384615385,0.31078695154112607,-0.027674586920412414
4314159,RS,6,0.3333333333333333,0.4702057889003053,0.13687245556697197
4314209,RS,2,0.0,0.33796584743771657,0.33796584743771657
4314308,RS,3,0.6666666666666666,0.5575363931314969,-0.10913027353516969
4314407,RS,92,0.33695652173913043,0.22367907758008662,-0.11327744415904381
4314423,RS,1,0.0,0.6118757387893515,0.6118757387893515
4314456,RS,5,0.6,0.5258686895675507,-0.07413131043244925
4314464,RS,2,0.0,0.5232542280188641,0.5232542280188641
4314498,RS,1,0.0,0.575169014535065,0.575169014535065
4314506,RS,4,0.5,0.44241965337516875,-0.05758034662483125
4314605,RS,7,0.5714285714285714,0.40159958090354586,-0.16982899052502554
4314704,RS,5,1.0,0.4734338237800202,-0.5265661762199798
4314779,RS,2,1.0,0.4410510960507941,-0.5589489039492059
4314787,RS,1,1.0,0.5343020729284975,-0.4656979270715025
4314803,RS,11,0.7272727272727273,0.3750981227223351,-0.3521746045503922
4314902,RS,322,0.2919254658385093,0.1929575793119498,-0.09896788652655952
4315008,RS,2,1.0,0.6703881091818883,-0.3296118908181117
4315073,RS,1,1.0,0.7137647248532349,-0.28623527514676506
4315107,RS,3,0.6666666666666666,0.5340022331759183,-0.1326644334907483
4315149,RS,3,1.0,0.6492390388077741,-0.3507609611922259
4315305,RS,14,0.6428571428571429,0.3875934058516572,-0.2552637370054857
4315313,RS,1,1.0,0.4076095601491988,-0.5923904398508012
4315354,RS,1,1.0,0.740209736296116,-0.25979026370388403
4315404,RS,1,1.0,0.5155508027241125,-0.48444919727588753
4315453,RS,1,1.0,0.6435606202351961,-0.3564393797648039
4315503,RS,8,0.75,0.4563939533670869,-0.2936060466329131
4315552,RS,2,1.0,0.7725910145904522,-0.2274089854095478
4315602,RS,53,0.22641509433962265,0.25437577111513804,0.027960676775515392
4315701,RS,18,0.6111111111111112,0.44227148584855325,-0.1688396252625579
4315750,RS,2,1.0,0.5952538546669249,-0.40474614533307507
4315800,RS,2,0.5,0.45704504493961823,-0.04295495506038177
4315909,RS,3,1.0,0.632723907799568,-0.367276092200432
4316006,RS,4,1.0,0.5724014643629101,-0.42759853563708994
4316105,RS,4,0.5,0.5583068090937988,0.05830680909379882
4316204,RS,1,1.0,0.6978304299639385,-0.3021695700360615
4316303,RS,6,0.6666666666666666,0.6764467295056834,0.009780062839016779
4316402,RS,12,0.4166666666666667,0.33181039451078537,-0.08485627215588132
4316451,RS,5,0.8,0.4894725521758819,-0.3105274478241181
4316477,RS,1,1.0,0.6397831867369838,-0.36021681326301624
4316501,RS,2,0.5,0.6558623607124379,0.15586236071243786
4316600,RS,11,0.36363636363636365,0.4766813550661302,0.11304499142976654
4316709,RS,4,0.5,0.46853792620848345,-0.031462073791516554
4316733,RS,1,1.0,0.5709878058783715,-0.4290121941216285
4316758,RS,6,0.8333333333333334,0.64337417112966,-0.18995916220367337
4316808,RS,47,0.6170212765957447,0.3970939301674995,-0.21992734642824519
4316907,RS,77,0.5064935064935064,0.3812675028904196,-0.12522600360308683
4316956,RS,2,1.0,0.549282214395225,-0.45071778560477505
4316972,RS,2,0.5,0.43362328345097306,-0.06637671654902694
4317103,RS,34,0.5,0.30821185658846995,-0.19178814341153005
4317202,RS,27,0.5925925925925926,0.5411181415437302,-0.05147445104886239
4317301,RS,11,0.2727272727272727,0.3225985297040006,0.049871256976727896
4317400,RS,21,0.9047619047619048,0.5167199284386073,-0.3880419763232975
4317509,RS,23,0.5652173913043478,0.44644261137272645,-0.11877477993162133
4317608,RS,11,0.7272727272727273,0.4678457558087265,-0.2594269714640008
4317707,RS,3,0.0,0.37681109091948883,0.37681109091948883
4317806,RS,7,0.2857142857142857,0.6463670829679661,0.3606527972536804
4317905,RS,8,0.5,0.4980300832155018,-0.0019699167844982046
4318002,RS,24,0.625,0.35923332506816014,-0.26576667493183986
4318101,RS,3,0.6666666666666666,0.389995808723574,-0.27667085794309265
4318200,RS,12,0.5833333333333334,0.4404299600155195,-0.1429033733178139
4318309,RS,24,0.4166666666666667,0.38607032135468905,-0.030596345311977635
4318408,RS,8,0.625,0.4691873810561794,-0.1558126189438206
4318424,RS,1,1.0,0.5454893929322014,-0.45451060706779856
4318440,RS,2,0.5,0.5423154534541776,0.04231545345417764
4318481,RS,3,0.6666666666666666,0.6100744893001648,-0.056592177366501795
4318499,RS,3,1.0,0.6032604418950019,-0.39673955810499806
4318507,RS,11,0.09090909090909091,0.3485292333314231,0.2576201424223322
4318614,RS,1,0.0,0.5842677416250145,0.5842677416250145
4318622,RS,5,0.8,0.3657531441623521,-0.43424685583764794
4318705,RS,79,0.45569620253164556,0.27399068168776275,-0.1817055208438828
4318804,RS,17,0.7058823529411765,0.44460970676457234,-0.2612726461766042
4318903,RS,12,0.8333333333333334,0.49259890180757676,-0.3407344315257566
4319000,RS,8,0.625,0.4574152029199091,-0.16758479708009089
4319109,RS,1,0.0,0.48554302567921753,0.48554302567921753
4319158,RS,3,0.6666666666666666,0.5484073034706882,-0.1182593631959784
4319208,RS,1,1.0,0.3382357369419701,-0.6617642630580298
4319356,RS,3,0.3333333333333333,0.5666855052356001,0.23335217190226681
4319406,RS,1,1.0,0.5134309215963135,-0.48656907840368646
4319505,RS,7,0.5714285714285714,0.4350966347611583,-0.1363319366674131
4319604,RS,5,0.2,0.4130016218661252,0.2130016218661252
4319703,RS,1,1.0,0.6443794863324009,-0.35562051366759906
4319752,RS,1,0.0,0.5424518505472121,0.5424518505472121
4319802,RS,2,1.0,0.5002009727717951,-0.4997990272282049
4319901,RS,42,0.47619047619047616,0.38261932463744064,-0.09357115155303553
4320008,RS,51,0.5490196078431373,0.36226345227625445,-0.18675615556688285
4320107,RS,10,0.8,0.5341259970763683,-0.2658740029236317
4320206,RS,8,0.75,0.557040887740478,-0.192959112259522
4320230,RS,2,0.5,0.5830405445056456,0.08304054450564557
4320263,RS,2,1.0,0.7460351580567529,-0.2539648419432471
4320305,RS,1,1.0,0.5832724865003704,-0.41672751349962955
4320354,RS,2,0.0,0.354896576990588,0.354896576990588
4320404,RS,6,0.6666666666666666,0.5465425865407378,-0.12012408012592879
4320453,RS,1,1.0,0.43083148060412696,-0.5691685193958731
4320503,RS,4,0.75,0.5253465540509275,-0.22465344594907255
4320552,RS,2,0.0,0.513858585994861,0.513858585994861
4320578,RS,3,0.6666666666666666,0.5980262920000979,-0.0686403746665687
4320677,RS,3,0.6666666666666666,0.47434025259034907,-0.19232641407631756
4320701,RS,5,0.8,0.6464155321340843,-0.15358446786591573
4320800,RS,5,0.8,0.4723173383514913,-0.32768266164850873
4320859,RS,4,0.0,0.2967544217643996,0.2967544217643996
4320909,RS,10,0.5,0.4977171404333129,-0.002282859566687112
4321006,RS,7,0.8571428571428571,0.6091106324961683,-0.24803222464668884
4321105,RS,3,0.3333333333333333,0.4494441174247674,0.1161107840914341
4321204,RS,15,0.7333333333333333,0.41527627630453307,-0.3180570570288002
4321303,RS,10,0.4,0.3045443283262501,-0.09545567167374991
4321352,RS,3,0.6666666666666666,0.4907291382800745,-0.17593752838659216
4321402,RS,7,0.42857142857142855,0.5625122281610537,0.13394079958962518
4321436,RS,5,0.6,0.45827544054693153,-0.14172455945306844
4321451,RS,16,0.6875,0.538859725791251,-0.14864027420874903
4321493,RS,1,1.0,0.5876172536507711,-0.4123827463492289
4321501,RS,17,0.47058823529411764,0.4633871455315734,-0.007201089762544244
4321600,RS,20,0.4,0.31563526201536607,-0.08436473798463395
4321667,RS,3,1.0,0.5645113558701748,-0.43548864412982524
4321709,RS,14,0.42857142857142855,0.38297319563374327,-0.04559823293768528
4321808,RS,9,0.4444444444444444,0.502274250251168,0.05782980580672359
4321857,RS,1,1.0,0.5825814459171244,-0.41741855408287565
4321907,RS,9,0.8888888888888888,0.5868639528197966,-0.3020249360690922
4321956,RS,2,0.5,0.5040684301679973,0.0040684301679972945
4322004,RS,20,0.35,0.5040176208054227,0.1540176208054227
4322202,RS,9,0.5555555555555556,0.4745549155183934,-0.08100064003716217
4322251,RS,4,0.75,0.6008589707403251,-0.14914102925967487
4322301,RS,1,1.0,0.5514287524542665,-0.4485712475457335
4322327,RS,1,1.0,0.5329666155892263,-0.4670333844107737
4322400,RS,47,0.6808510638297872,0.38142590666442544,-0.2994251571653618
4322509,RS,31,0.6451612903225806,0.380667135713594,-0.2644941546089866
4322525,RS,3,0.3333333333333333,0.5663397978679854,0.23300646453465207
4322533,RS,1,0.0,0.5744205668203587,0.5744205668203587
4322541,RS,2,0.5,0.5317904000325772,0.03179040003257716
4322558,RS,1,1.0,0.646153595637635,-0.35384640436236503
4322608,RS,22,0.5,0.48531000178104794,-0.01468999821895206
4322707,RS,13,0.6923076923076923,0.41927961976083306,-0.27302807254685924
4322806,RS,7,0.5714285714285714,0.49149786817818175,-0.07993070325038965
4322905,RS,2,0.0,0.7522275550615621,0.7522275550615621
4323002,RS,113,0.35398230088495575,0.27793918886535873,-0.07604311201959701
4323101,RS,6,1.0,0.5823484952116552,-0.4176515047883448
4323200,RS,1,1.0,0.6672361937077593,-0.33276380629224067
4323309,RS,6,0.8333333333333334,0.5791442622427702,-0.2541890710905632
4323408,RS,2,1.0,0.638609122244558,-0.361390877755442
4323705,RS,2,0.5,0.5923659777739131,0.09236597777391309
4323754,RS,2,0.5,0.37882258667798696,-0.12117741332201304
4323804,RS,13,0.38461538461538464,0.35134018681113044,-0.0332751978042542
5000203,MS,14,0.8571428571428571,0.6959646084277307,-0.16117824871512643
5000252,MS,2,1.0,0.71154580459049,-0.28845419540951
5000609,MS,19,0.8421052631578947,0.5866625225540794,-0.25544274060381533
5000708,MS,13,0.7692307692307693,0.37446403900055836,-0.3947667302302109
5000807,MS,2,1.0,0.7268332311285174,-0.2731667688714826
5000856,MS,8,0.875,0.8060211631116994,-0.06897883688830064
5000906,MS,5,0.6,0.5784319355566975,-0.021568064443302504
5001003,MS,17,0.47058823529411764,0.47107848244069406,0.0004902471465764169
5001102,MS,33,0.7575757575757576,0.593397014420801,-0.16417874315495662
5001243,MS,12,0.8333333333333334,0.6573677179124877,-0.17596561542084566
5001508,MS,3,0.6666666666666666,0.49304833551070065,-0.17361833115596598
5001904,MS,21,0.7142857142857143,0.4800899728042425,-0.23419574148147182
5002001,MS,9,0.7777777777777778,0.5939955657386593,-0.1837822120391185
5002100,MS,10,0.7,0.3989145904614156,-0.30108540953858437
5002159,MS,1,1.0,0.5279470751430952,-0.47205292485690475
5002209,MS,20,0.65,0.49242730128846884,-0.15757269871153118
5002308,MS,12,0.9166666666666666,0.6292331100845079,-0.28743355658215874
5002407,MS,23,0.9130434782608695,0.5819021722214924,-0.3311413060393771
5002605,MS,7,0.42857142857142855,0.4773381729007578,0.04876674432932926
5002704,MS,392,0.6045918367346939,0.47483341594085215,-0.1297584207938417
5002803,MS,2,0.5,0.5326492933789077,0.03264929337890765
5002902,MS,9,0.6666666666666666,0.4207714616820851,-0.2458952049845815
5002951,MS,25,0.8,0.5159337984462623,-0.28406620155373774
5003108,MS,8,0.5,0.5460794534365783,0.046079453436578266
5003157,MS,21,1.0,0.6928697431276589,-0.3071302568723411
5003207,MS,53,0.4339622641509434,0.29239214008082853,-0.14157012407011488
5003256,MS,15,0.8,0.5309161153570598,-0.2690838846429402
5003306,MS,19,0.6842105263157895,0.40920396135679277,-0.2750065649589967
5003454,MS,7,0.5714285714285714,0.4601066963983911,-0.11132187503018032
5003488,MS,9,0.4444444444444444,0.39779288093315684,-0.046651563511287575
5003504,MS,1,1.0,0.5842961570516886,-0.4157038429483114
5003702,MS,160,0.625,0.45281923200775437,-0.17218076799224563
5003751,MS,8,0.625,0.4718178618132646,-0.15318213818673537
5003801,MS,7,0.5714285714285714,0.5891939227863686,0.01776535135779722
5003900,MS,3,1.0,0.7666788090364828,-0.23332119096351722
5004007,MS,4,1.0,0.7152815430559724,-0.28471845694402764
5004106,MS,8,0.5,0.4955586237856025,-0.004441376214397497
5004304,MS,9,0.7777777777777778,0.5574214565587896,-0.22035632121898818
5004403,MS,3,0.6666666666666666,0.4639370933931421,-0.20272957327352453
5004502,MS,9,0.2222222222222222,0.4311909856339884,0.20896876341176618
5004601,MS,18,0.8888888888888888,0.7667431681631209,-0.1221457207257679
5004700,MS,16,0.625,0.6044733436607715,-0.020526656339228455
5004809,MS,9,0.4444444444444444,0.29584749724269127,-0.14859694720175315
5004908,MS,4,0.5,0.4986532687662286,-0.001346731233771381
5005004,MS,13,0.5384615384615384,0.40974945245576905,-0.1287120860057694
5005103,MS,3,0.3333333333333333,0.49438337430586277,0.16105004097252945
5005152,MS,4,0.75,0.47177260133270615,-0.27822739866729385
5005202,MS,9,0.6666666666666666,0.2723621517965047,-0.39430451487016194
5005251,MS,7,1.0,0.7278914487222862,-0.27210855127771383
5005400,MS,22,0.5909090909090909,0.40431531887241695,-0.186593772036674
5005608,MS,15,0.4,0.2986169935429474,-0.10138300645705262
5005681,MS,15,0.8666666666666667,0.5892589953787863,-0.27740767128788035
5005707,MS,40,0.675,0.5919071911460949,-0.08309280885390513
5005806,MS,10,0.6,0.5251591630054726,-0.07484083699452737
5006002,MS,11,0.6363636363636364,0.41052803255543496,-0.2258356038082014
5006200,MS,27,0.7407407407407407,0.6540431664210193,-0.08669757431972136
5006259,MS,2,1.0,0.4802920033028866,-0.5197079966971134
5006275,MS,2,0.0,0.755918843122381,0.755918843122381
5006309,MS,24,0.5833333333333334,0.49149726859786586,-0.09183606473546752
5006358,MS,12,0.75,0.5896792517747418,-0.16032074822525821
5006408,MS,8,0.375,0.4473599484305316,0.07235994843053162
5006606,MS,71,0.7323943661971831,0.6110905438975254,-0.12130382229965775
5006903,MS,7,0.7142857142857143,0.5438411246067393,-0.17044458967897502
5007109,MS,17,0.47058823529411764,0.3999904177774261,-0.07059781751669153
5007208,MS,30,0.7333333333333333,0.4523247142911592,-0.28100861904217406
5007307,MS,1,1.0,0.5565299807749594,-0.4434700192250406
5007406,MS,13,0.5384615384615384,0.4960325661681225,-0.04242897229341591
5007505,MS,2,1.0,0.3952749391184043,-0.6047250608815957
5007554,MS,3,1.0,0.5486234576609772,-0.4513765423390228
5007695,MS,25,0.76,0.5541598029653849,-0.2058401970346151
5007703,MS,5,0.8,0.5558180449017415,-0.24418195509825857
5007802,MS,4,1.0,0.5268032335343497,-0.47319676646565034
5007901,MS,37,0.4594594594594595,0.3391001321485289,-0.12035932731093058
5007935,MS,5,1.0,0.6929048382883829,-0.3070951617116171
5007950,MS,8,0.75,0.5286492642242718,-0.22135073577572817
5007976,MS,5,0.8,0.7734503783512987,-0.026549621648701338
5008008,MS,12,0.8333333333333334,0.46792035091852985,-0.3654129824148035
5008305,MS,75,0.8533333333333334,0.694831636197276,-0.15850169713605744
5008404,MS,4,0.75,0.5213538689713894,-0.22864613102861064
5100102,MT,3,0.3333333333333333,0.45619249156590097,0.12285915823256766
5100201,MT,21,0.9047619047619048,0.7591443525980881,-0.14561755216381667
5100250,MT,27,0.8148148148148148,0.7188703092637613,-0.0959445055510535
5100300,MT,7,0.7142857142857143,0.7044446096830596,-0.009841104602654749
5100359,MT,2,1.0,0.6491321441885481,-0.35086785581145186
5100409,MT,5,1.0,0.5876905024161151,-0.4123094975838849
5100508,MT,7,0.7142857142857143,0.6166797644220056,-0.09760594986370874
5100607,MT,12,0.9166666666666666,0.7106185099567855,-0.20604815670988108
5100805,MT,3,0.6666666666666666,0.6653341874893879,-0.0013324791772787448
5101001,MT,3,0.6666666666666666,0.8816152534845777,0.21494858681791107
5101209,MT,1,1.0,0.7236856434876477,-0.27631435651235225
5101258,MT,5,0.6,0.5789087940557528,-0.021091205944247182
5101308,MT,9,0.5555555555555556,0.581108828943733,0.025553273388177367
5101407,MT,16,0.6875,0.6490035534236401,-0.038496446576359866
5101605,MT,1,0.0,0.559509368313814,0.559509368313814
5101704,MT,15,0.6666666666666666,0.6319723536432613,-0.03469431302340531
5101803,MT,32,0.75,0.6479632336959046,-0.10203676630409542
5101837,MT,3,0.6666666666666666,0.6047656650518669,-0.06190100161479972
5101852,MT,8,0.75,0.5270305597822307,-0.22296944021776932
5101902,MT,12,0.8333333333333334,0.7300965596044321,-0.10323677372890128
5102504,MT,44,0.7727272727272727,0.5964745886034009,-0.17625268412387185
5102603,MT,4,0.5,0.42693774368229237,-0.07306225631770763
5102637,MT,30,0.7666666666666667,0.7002561296518899,-0.06641053701477684
5102678,MT,23,0.8695652173913043,0.6970585734691127,-0.17250664392219162
5102686,MT,5,0.8,0.7546257195528024,-0.0453742804471976
5102694,MT,4,1.0,0.5492053118043667,-0.4507946881956333
5102702,MT,20,0.75,0.4548819506546982,-0.2951180493453018
5102793,MT,6,0.8333333333333334,0.8375807166507007,0.004247383317367293
5102850,MT,2,1.0,0.725344873687741,-0.27465512631225897
5103007,MT,11,0.7272727272727273,0.6590687904622279,-0.06820393681049941
5103056,MT,8,0.875,0.6960776760233721,-0.17892232397662788
5103106,MT,4,0.75,0.6871793596276138,-0.06282064037238622
5103205,MT,12,0.8333333333333334,0.6640622458867766,-0.16927108744655672
5103254,MT,15,0.8,0.6445526155229413,-0.15544738447705875
5103304,MT,11,0.8181818181818182,0.5260349153607102,-0.292146902821108
5103353,MT,33,0.5757575757575758,0.5060377233397668,-0.06971985241780898
5103361,MT,1,1.0,0.6999758800345334,-0.30002411996546663
5103379,MT,9,0.5555555555555556,0.6179996716141031,0.062444116058547494
5103403,MT,231,0.645021645021645,0.4422849268897046,-0.20273671813194044
5103437,MT,5,1.0,0.6778897308882919,-0.32211026911170815
5103452,MT,4,1.0,0.720357056113368,-0.279642943886632
5103502,MT,8,1.0,0.6618417437346876,-0.3381582562653124
5103601,MT,1,1.0,0.8336642330833864,-0.16633576691661356
5103700,MT,5,0.2,0.6457419670253365,0.44574196702533647
5103858,MT,5,0.8,0.6027143246306378,-0.19728567536936226
5103908,MT,3,0.6666666666666666,0.732544408235798,0.0658777415691314
5103957,MT,1,1.0,0.8656751305231618,-0.1343248694768382
5104104,MT,17,0.5882352941176471,0.5803553192561484,-0.007879974861498718
5104203,MT,4,1.0,0.8363692639654843,-0.16363073603451572
5104526,MT,5,1.0,0.7089984882389151,-0.2910015117610849
5104542,MT,7,0.8571428571428571,0.727670445816045,-0.1294724113268121
5104559,MT,2,0.5,0.6939465113105179,0.19394651131051788
5104609,MT,10,0.7,0.5369544225608934,-0.16304557743910653
5104807,MT,16,0.875,0.6061251006916104,-0.2688748993083896
5104906,MT,9,1.0,0.6259211141859474,-0.3740788858140526
5105002,MT,4,0.75,0.6666841677329044,-0.0833158322670956
5105101,MT,18,0.6111111111111112,0.6671499399442947,0.05603882883318356
5105150,MT,31,0.7419354838709677,0.5616395152135147,-0.180295968657453
5105176,MT,6,1.0,0.7242660400110618,-0.27573395998893824
5105200,MT,9,0.8888888888888888,0.6677262219058528,-0.221162666983036
5105234,MT,4,0.75,0.6381424525000813,-0.11185754749991872
5105259,MT,61,0.8360655737704918,0.7090021422479689,-0.12706343152252297
5105309,MT,1,1.0,0.5033531896891079,-0.4966468103108921
5105507,MT,13,0.7692307692307693,0.4981507573599575,-0.27108001187081177
5105580,MT,6,0.8333333333333334,0.6606503955583737,-0.1726829377749597
5105606,MT,11,0.7272727272727273,0.6013323783570798,-0.12594034891564754
5105622,MT,15,0.7333333333333333,0.6352527528157191,-0.09808058051761415
5105903,MT,13,0.8461538461538461,0.5446867467339594,-0.3014670994198867
5106000,MT,3,0.6666666666666666,0.7239995236595292,0.05733285699286261
5106109,MT,6,0.6666666666666666,0.6603201103890174,-0.00634655627764924
5106158,MT,12,1.0,0.7163931905575521,-0.28360680944244787
5106174,MT,5,0.8,0.6075884939882628,-0.1924115060117373
5106182,MT,9,1.0,0.7032088222297096,-0.2967911777702904
5106190,MT,3,1.0,0.7549206207368376,-0.24507937926316237
5106208,MT,4,0.5,0.7342812141311129,0.2342812141311129
5106216,MT,6,1.0,0.6670231225548481,-0.3329768774451519
5106224,MT,37,0.8378378378378378,0.7304674639278056,-0.10737037391003224
5106232,MT,11,0.6363636363636364,0.5963016763226542,-0.04006196004098217
5106240,MT,8,0.875,0.6967658380194203,-0.17823416198057973
5106257,MT,9,0.8888888888888888,0.5711428305569244,-0.31774605833196445
5106265,MT,2,1.0,0.7867235577732222,-0.21327644222677777
5106273,MT,2,1.0,0.7591009421885873,-0.24089905781141274
5106281,MT,6,0.5,0.7158413138963732,0.21584131389637318
5106299,MT,6,0.8333333333333334,0.7494113831668536,-0.08392195016647974
5106307,MT,12,0.9166666666666666,0.650472210064749,-0.26619445660191765
5106315,MT,1,1.0,0.711745102520414,-0.288254897479586
5106372,MT,11,0.9090909090909091,0.7049052706596405,-0.20418563843126858
5106422,MT,19,0.5263157894736842,0.38519043145587756,-0.14112535801780662
5106455,MT,2,1.0,0.8446515053366582,-0.15534849466334177
5106505,MT,20,0.5,0.3980092993121864,-0.10199070068781357
5106653,MT,3,1.0,0.6975946367630562,-0.3024053632369438
5106703,MT,2,1.0,0.8485939873481956,-0.15140601265180442
5106752,MT,36,0.8055555555555556,0.7052093915803341,-0.10034616397522145
5106778,MT,4,1.0,0.5496249334058587,-0.4503750665941413
5106802,MT,6,0.6666666666666666,0.751502041748131,0.08483537508146433
5106828,MT,10,0.8,0.5102464664770289,-0.2897535335229712
5106851,MT,3,0.6666666666666666,0.684710279698184,0.018043613031517358
5107008,MT,9,0.6666666666666666,0.4793890600546521,-0.18727760661201454
5107040,MT,47,0.7872340425531915,0.5921136502626768,-0.1951203922905147
5107065,MT,7,0.7142857142857143,0.798208420677793,0.08392270639207866
5107107,MT,10,0.8,0.7832608376333466,-0.016739162366653404
5107156,MT,3,0.3333333333333333,0.7976796910793076,0.46434635774597427
5107180,MT,7,1.0,0.7658167007734058,-0.2341832992265942
5107198,MT,4,0.75,0.7110879037412309,-0.038912096258769124
5107206,MT,4,0.75,0.7782786976348194,0.028278697634819383
5107248,MT,8,0.875,0.7483025192964787,-0.12669748070352127
5107263,MT,1,0.0,0.758917200795502,0.758917200795502
5107297,MT,1,1.0,0.7698413638800236,-0.23015863611997645
5107305,MT,9,1.0,0.6814357786031202,-0.3185642213968798
5107354,MT,7,0.7142857142857143,0.6145452676229197,-0.09974044666279458
5107404,MT,4,0.75,0.7358026137926724,-0.014197386207327578
5107578,MT,2,0.5,0.5925557133389459,0.09255571333894586
5107602,MT,126,0.7301587301587301,0.6112545569474649,-0.11890417321126523
5107701,MT,9,0.8888888888888888,0.4985249043517928,-0.39036398453709603
5107743,MT,3,1.0,0.7836406891302006,-0.21635931086979943
5107768,MT,1,0.0,0.7082487644737648,0.7082487644737648
5107776,MT,5,0.4,0.5536978708724705,0.15369787087247044
5107792,MT,4,1.0,0.7543605645822021,-0.24563943541779787
5107800,MT,8,0.5,0.41952010556680247,-0.08047989443319753
5107859,MT,4,1.0,0.3539637100209778,-0.6460362899790222
5107875,MT,20,0.95,0.7800124784505811,-0.16998752154941887
5107883,MT,1,1.0,0.8295507180241098,-0.17044928197589015
5107909,MT,122,0.7540983606557377,0.5731643983593377,-0.1809339622963999
5107925,MT,63,0.873015873015873,0.715538268955088,-0.15747760406078504
5107941,MT,7,1.0,0.620447905852756,-0.379552094147244
5107958,MT,57,0.6491228070175439,0.5940029627163406,-0.05511984430120331
5108006,MT,11,0.9090909090909091,0.7173017643868378,-0.19178914470407127
5108055,MT,9,0.8888888888888888,0.6402464426256563,-0.2486424462632325
5108105,MT,3,1.0,0.6867307262524984,-0.3132692737475016
5108204,MT,1,1.0,0.9099488860123552,-0.09005111398764476
5108303,MT,2,0.5,0.7464278346336422,0.24642783463364215
5108352,MT,2,0.5,0.5671699050396753,0.06716990503967535
5108402,MT,175,0.7314285714285714,0.5596259281458399,-0.17180264328273154
5108501,MT,12,0.6666666666666666,0.4889931209693718,-0.17767354569729482
5108600,MT,10,0.6,0.5935708159637875,-0.00642918403621251
5108808,MT,5,0.8,0.754346348359858,-0.04565365164014201
5108857,MT,4,1.0,0.7069645317393976,-0.29303546826060245
5108907,MT,4,1.0,0.7058382326605623,-0.29416176733943766
5108956,MT,7,1.0,0.8378588252221535,-0.1621411747778465
5200050,GO,9,0.8888888888888888,0.5559407650244147,-0.33294812386447414
5200100,GO,8,0.625,0.7524609130428577,0.12746091304285767
5200134,GO,11,1.0,0.7416559926372218,-0.2583440073627782
5200175,GO,4,0.75,0.83851125295335,0.08851125295335005
5200209,GO,1,1.0,0.7797602809750515,-0.22023971902494854
5200258,GO,132,0.6212121212121212,0.4588700588511798,-0.1623420623609414
5200308,GO,19,0.8421052631578947,0.7224411011380016,-0.11966416201989305
5200555,GO,3,0.6666666666666666,0.7012622450668152,0.0345955784001486
5200605,GO,6,1.0,0.7119137877625089,-0.2880862122374911
5200803,GO,5,0.8,0.6889638294446794,-0.11103617055532067
5200852,GO,4,0.75,0.7878755199469443,0.03787551994694427
5200902,GO,1,1.0,0.8015593063512786,-0.1984406936487214
5201108,GO,161,0.8136645962732919,0.6940917268247595,-0.1195728694485324
5201207,GO,1,1.0,0.8110381505274897,-0.18896184947251027
5201306,GO,7,0.8571428571428571,0.896421047384773,0.03927819024191592
5201405,GO,254,0.7559055118110236,0.5812740602485557,-0.17463145156246795
5201454,GO,1,1.0,0.8224528023680706,-0.1775471976319294
5201504,GO,7,1.0,0.6965600138780313,-0.30343998612196865
5201603,GO,4,1.0,0.85440837681379,-0.14559162318621
5201702,GO,13,0.7692307692307693,0.5965442422583046,-0.17268652697246467
5201801,GO,6,0.8333333333333334,0.5415998498382558,-0.29173348349507755
5202155,GO,2,1.0,0.6331046556248577,-0.36689534437514226
5202353,GO,3,1.0,0.8793482717855187,-0.12065172821448134
5202502,GO,5,1.0,0.8286439245287222,-0.17135607547127785
5202601,GO,1,1.0,0.8242580680088708,-0.1757419319911292
5202809,GO,2,1.0,0.8217009233051163,-0.17829907669488365
5203104,GO,2,1.0,0.8020682052072772,-0.19793179479272283
5203203,GO,8,1.0,0.7970735467692829,-0.20292645323071712
5203302,GO,21,0.7619047619047619,0.6023739995777981,-0.15953076232696373
5203401,GO,3,1.0,0.7938746084433275,-0.20612539155667253
5203500,GO,10,0.8,0.7289161774861668,-0.07108382251383327
5203559,GO,9,1.0,0.8012836246398777,-0.19871637536012232
5203575,GO,1,1.0,0.6728591182152736,-0.32714088178472644
5203609,GO,2,0.5,0.793475906645631,0.29347590664563095
5203807,GO,7,1.0,0.8391336288606489,-0.1608663711393511
5203906,GO,7,0.7142857142857143,0.6441033747854235,-0.07018233950029085
5203939,GO,1,1.0,0.8714833286351159,-0.1285166713648841
5203962,GO,2,1.0,0.7106735322766529,-0.28932646772334714
5204003,GO,3,1.0,0.8249930793853534,-0.17500692061464662
5204102,GO,5,0.8,0.768599249515231,-0.03140075048476909
5204250,GO,4,0.5,0.7671780741723145,0.26717807417231454
5204300,GO,3,1.0,0.7554431241477223,-0.2445568758522777
5204409,GO,4,0.25,0.7252790600652862,0.4752790600652862
5204508,GO,50,0.7,0.5491447593937306,-0.15085524060626931
5204557,GO,2,1.0,0.7171381871522181,-0.2828618128477819
5204607,GO,3,0.6666666666666666,0.8046903050474009,0.13802363838073428
5204656,GO,4,0.5,0.8068467423799446,0.3068467423799446
5204706,GO,8,0.875,0.8085846413922226,-0.06641535860777736
5204805,GO,4,0.5,0.7846139438541245,0.28461394385412453
5204854,GO,4,1.0,0.8552437890042568,-0.1447562109957432
5204904,GO,14,0.9285714285714286,0.6783950621659984,-0.2501763664054302
5204953,GO,3,1.0,0.7894928499774188,-0.21050715002258125
5205000,GO,2,1.0,0.7949646471921697,-0.20503535280783025
5205059,GO,3,1.0,0.8526821339920486,-0.14731786600795138
5205109,GO,45,0.8,0.650434376303193,-0.14956562369680704
5205208,GO,5,1.0,0.7638828955828133,-0.2361171044171867
5205307,GO,2,0.5,0.5930382495785814,0.09303824957858142
5205406,GO,8,1.0,0.8310743594505431,-0.1689256405494569
5205455,GO,5,0.8,0.6016457370302773,-0.1983542629697227
5205471,GO,9,0.8888888888888888,0.82028356151944,-0.0686053273694488
5205497,GO,57,0.7017543859649122,0.5180446720003905,-0.18370971396452174
5205513,GO,8,0.875,0.7997885548167037,-0.07521144518329625
5205521,GO,6,0.6666666666666666,0.604162969948983,-0.06250369671768363
5205703,GO,2,1.0,0.7679181372317484,-0.2320818627682516
5205802,GO,2,1.0,0.7832840514804109,-0.21671594851958909
5205901,GO,3,1.0,0.7639488478512958,-0.2360511521487042
5206206,GO,33,0.7878787878787878,0.6244279497678923,-0.16345083811089556
5206305,GO,2,1.0,0.8462706847052731,-0.1537293152947269
5206404,GO,4,1.0,0.7145537603434758,-0.28544623965652416
5206503,GO,2,0.5,0.7372683611877158,0.23726836118771577
5206701,GO,1,1.0,0.7869641331830267,-0.21303586681697328
5206909,GO,2,1.0,0.8052137674899971,-0.19478623251000293
5207105,GO,1,1.0,0.8204090558175557,-0.17959094418244426
5207253,GO,7,1.0,0.77032184459486,-0.22967815540514003
5207352,GO,1,1.0,0.838510395158789,-0.161489604841211
5207402,GO,8,1.0,0.7638680924148958,-0.23613190758510416
5207501,GO,2,1.0,0.8103423503672815,-0.18965764963271847
5207535,GO,3,0.3333333333333333,0.7260191713185925,0.3926858379852592
5207600,GO,3,1.0,0.8934050955228452,-0.1065949044771548
5207808,GO,4,1.0,0.7064158279039798,-0.29358417209602017
5207907,GO,6,0.5,0.6095835394033323,0.10958353940333232
5208004,GO,59,0.6949152542372882,0.5721902494120094,-0.12272500482527882
5208103,GO,1,1.0,0.8499101605807846,-0.1500898394192154
5208152,GO,5,1.0,0.7830695303606034,-0.21693046963939655
5208301,GO,2,0.5,0.7273060809054749,0.22730608090547488
5208400,GO,10,0.9,0.6548193610071181,-0.2451806389928819
5208509,GO,4,0.5,0.5634608726097757,0.06346087260977573
5208608,GO,33,0.9090909090909091,0.7922259717404209,-0.1168649373504882
5208707,GO,398,0.7839195979899497,0.6347520862642663,-0.14916751172568343
5208806,GO,40,0.9,0.7898884860650774,-0.11011151393492258
5208905,GO,6,0.8333333333333334,0.7655268341795255,-0.06780649915380788
5209101,GO,14,0.8571428571428571,0.6866170868043635,-0.1705257703384936
5209150,GO,4,0.75,0.6848139525021152,-0.06518604749788481
5209200,GO,6,1.0,0.6110749798514197,-0.3889250201485803
5209291,GO,1,1.0,0.7431566118317283,-0.2568433881682717
5209408,GO,1,0.0,0.5191892308548238,0.5191892308548238
5209457,GO,1,1.0,0.8135485354252184,-0.18645146457478157
5209606,GO,3,0.6666666666666666,0.7649918504986034,0.09832518383193678
5209705,GO,15,0.6666666666666666,0.6601755298999522,-0.006491136766714423
5209804,GO,1,1.0,0.7475489251696653,-0.2524510748303347
5209903,GO,4,0.5,0.61099612598555,0.11099612598554998
5209937,GO,1,1.0,0.7862224151354704,-0.21377758486452958
5209952,GO,5,0.6,0.754867352449904,0.15486735244990402
5210000,GO,20,0.85,0.8001540064454723,-0.04984599355452768
5210109,GO,12,0.8333333333333334,0.6729611734401043,-0.16037215989322906
5210208,GO,15,0.8,0.7619006540845464,-0.03809934591545361
5210307,GO,1,1.0,0.8471619839375598,-0.15283801606244019
5210406,GO,21,0.9523809523809523,0.7888279235340089,-0.16355302884694345
5210562,GO,2,1.0,0.8429981347908521,-0.15700186520914794
5210604,GO,1,1.0,0.8476610673408765,-0.15233893265912346
5210802,GO,1,1.0,0.8376271047059775,-0.16237289529402255
5210901,GO,10,0.9,0.7952181177785059,-0.1047818822214941
5211008,GO,5,0.8,0.5649634674934417,-0.23503653250655832
5211206,GO,4,1.0,0.8269720075963805,-0.17302799240361955
5211305,GO,4,0.25,0.7578289003762344,0.5078289003762344
5211404,GO,5,1.0,0.8944320441821182,-0.10556795581788181
5211503,GO,49,0.8163265306122449,0.6399236771272528,-0.17640285348499207
5211701,GO,4,1.0,0.7145315724051472,-0.2854684275948528
5211800,GO,21,1.0,0.8399803435870591,-0.1600196564129409
5211909,GO,45,0.7333333333333333,0.582947240051248,-0.1503860932820853
5212006,GO,1,1.0,0.9037540145537601,-0.09624598544623986
5212055,GO,2,0.5,0.9143296462121758,0.41432964621217583
5212105,GO,5,0.4,0.5974787769571629,0.19747877695716287
5212204,GO,17,1.0,0.6694247227521617,-0.3305752772478383
5212253,GO,1,1.0,0.7833670345707651,-0.21663296542923494
5212303,GO,2,1.0,0.7394830676852285,-0.26051693231477147
5212501,GO,111,0.8108108108108109,0.6624877081305225,-0.14832310268028837
5212709,GO,8,0.875,0.6506821116836553,-0.2243178883163447
5212808,GO,6,1.0,0.8138446034909533,-0.18615539650904667
5212907,GO,1,1.0,0.8871969262434333,-0.11280307375656673
5212956,GO,2,1.0,0.6593827453722042,-0.3406172546277958
5213004,GO,3,0.6666666666666666,0.7743664830761482,0.10769981640948156
5213053,GO,2,1.0,0.7971699409203098,-0.2028300590796902
5213087,GO,11,0.9090909090909091,0.7963652864526787,-0.11272562263823038
5213103,GO,39,0.8974358974358975,0.7866715018929645,-0.11076439554293294
5213509,GO,1,0.0,0.696975980553613,0.696975980553613
5213707,GO,3,1.0,0.680326183994759,-0.31967381600524103
5213756,GO,6,0.8333333333333334,0.7485170674045906,-0.0848162659287428
5213772,GO,1,1.0,0.6892066120810613,-0.31079338791893873
5213806,GO,14,0.6428571428571429,0.5755346527016423,-0.06732249015550062
5213855,GO,1,1.0,0.9141257566021375,-0.08587424339786254
5213905,GO,5,1.0,0.7917002015773844,-0.2082997984226156
5214002,GO,11,0.9090909090909091,0.5386895509374712,-0.3704013581534379
5214051,GO,2,1.0,0.8828187303491403,-0.11718126965085973
5214101,GO,3,1.0,0.9057876425510575,-0.09421235744894252
5214408,GO,5,1.0,0.7867645750819228,-0.21323542491807723
5214507,GO,11,0.8181818181818182,0.6594672557264095,-0.15871456245540871
5214606,GO,11,0.8181818181818182,0.6859473187836455,-0.13223449939817278
5214705,GO,2,0.5,0.8961673844662817,0.39616738446628175
5214838,GO,6,1.0,0.6814212443372211,-0.31857875566277893
5214861,GO,2,1.0,0.8415642998880469,-0.15843570011195307
5214879,GO,1,1.0,0.8812839200520234,-0.11871607994797662
5214903,GO,2,0.0,0.701247168655695,0.701247168655695
5215009,GO,5,1.0,0.829649488027157,-0.170350511972843
5215207,GO,1,1.0,0.7178113171943684,-0.2821886828056316
5215231,GO,37,0.6486486486486487,0.5008836005087278,-0.14776504813992086
5215256,GO,1,1.0,0.8446096362789492,-0.15539036372105075
5215306,GO,6,0.8333333333333334,0.7633076821642325,-0.07002565116910087
5215405,GO,2,1.0,0.9036370804389988,-0.09636291956100118
5215504,GO,4,0.75,0.766756404798155,0.01675640479815499
5215603,GO,16,0.6875,0.681499354753578,-0.006000645246421965
5215652,GO,3,0.6666666666666666,0.8038468853613594,0.13718021869469277
5215702,GO,19,0.6842105263157895,0.7216793392490515,0.037468812933261986
5215900,GO,3,1.0,0.858081528883432,-0.14191847111656797
5216007,GO,3,1.0,0.8120667153799626,-0.18793328462003744
5216304,GO,1,1.0,0.8374764377993478,-0.16252356220065223
5216403,GO,6,0.6666666666666666,0.7128445656419015,0.04617789897523483
5216809,GO,2,1.0,0.7325215431067726,-0.26747845689322736
5216908,GO,1,1.0,0.8371977710687457,-0.1628022289312543
5217104,GO,13,0.5384615384615384,0.6310912706808464,0.09262973221930793
5217203,GO,8,0.75,0.7160458850865844,-0.0339541149134156
5217302,GO,11,0.8181818181818182,0.6094163506528264,-0.20876546752899183
5217401,GO,10,0.8,0.6294522330132125,-0.17054776698678753
5217609,GO,63,0.7619047619047619,0.662763396947218,-0.09914136495754389
5217708,GO,6,1.0,0.7975857406692294,-0.20241425933077062
5218003,GO,18,0.5,0.490482488594083,-0.009517511405917
5218052,GO,4,1.0,0.7988765424131821,-0.20112345758681793
5218102,GO,4,0.75,0.7587923128767144,0.008792312876714448
5218300,GO,18,0.9444444444444444,0.7902649911253616,-0.15417945331908278
5218391,GO,4,0.75,0.8116539130770911,0.061653913077091116
5218508,GO,21,0.8571428571428571,0.6682747181241505,-0.18886813901870658
5218607,GO,5,1.0,0.7643525362194533,-0.23564746378054668
5218706,GO,1,1.0,0.84498848575808,-0.15501151424191995
5218789,GO,3,1.0,0.7714872946114704,-0.22851270538852964
5218805,GO,114,0.9210526315789473,0.847569714308337,-0.07348291727061029
5218904,GO,10,1.0,0.8366681269580567,-0.1633318730419433
5219001,GO,1,1.0,0.8441929499879545,-0.15580705001204553
5219100,GO,5,1.0,0.8206424690404706,-0.17935753095952944
5219209,GO,1,1.0,0.8293987538795717,-0.17060124612042826
5219258,GO,2,1.0,0.7957632068706552,-0.20423679312934484
5219308,GO,19,0.7368421052631579,0.5699160915135744,-0.1669260137495835
5219357,GO,2,1.0,0.789584053127681,-0.21041594687231902
5219407,GO,3,1.0,0.7930388713032034,-0.20696112869679661
5219506,GO,1,1.0,0.85474016989959,-0.14525983010041
5219704,GO,4,1.0,0.8579608269802375,-0.14203917301976254
5219712,GO,1,1.0,0.862274394957046,-0.13772560504295395
5219738,GO,2,1.0,0.8909067090988637,-0.10909329090113629
5219753,GO,32,0.59375,0.5205766177182966,-0.07317338228170345
5219803,GO,7,0.8571428571428571,0.5949537413797191,-0.26218911576313797
5219902,GO,5,0.8,0.7123357608517011,-0.0876642391482989
5220009,GO,6,1.0,0.8094302232939601,-0.19056977670603992
5220108,GO,14,0.8571428571428571,0.6736446133632495,-0.18349824377960755
5220157,GO,3,1.0,0.8213129120568056,-0.17868708794319443
5220207,GO,13,0.9230769230769231,0.8350206393701429,-0.0880562837067802
5220264,GO,1,1.0,0.7880358211202978,-0.2119641788797022
5220280,GO,1,1.0,0.8707453463301519,-0.12925465366984812
5220405,GO,10,0.8,0.7454289383352775,-0.05457106166472259
5220454,GO,74,0.6351351351351351,0.5130705841049416,-0.12206455103019354
5220504,GO,4,1.0,0.6680070148967179,-0.3319929851032821
5220603,GO,5,0.8,0.7509989552438286,-0.0490010447561714
5220686,GO,4,1.0,0.8281215732362149,-0.17187842676378506
5220702,GO,1,0.0,0.7058830308179821,0.7058830308179821
5221007,GO,3,1.0,0.7388804633005771,-0.2611195366994229
5221080,GO,3,1.0,0.6992813379047288,-0.3007186620952712
5221197,GO,2,1.0,0.7033542616041334,-0.2966457383958666
5221403,GO,61,0.7377049180327869,0.6136750424396307,-0.12402987559315626
5221452,GO,2,1.0,0.8848382804201004,-0.11516171957989962
5221502,GO,2,1.0,0.8353837942810172,-0.16461620571898283
5221551,GO,3,1.0,0.8041476331025482,-0.19585236689745178
5221601,GO,19,0.631578947368421,0.6594852062626528,0.027906258894231817
5221700,GO,8,0.75,0.7660893691851354,0.01608936918513537
5221809,GO,3,0.6666666666666666,0.7364206544782114,0.06975398781154474
5221858,GO,86,0.6976744186046512,0.5296549933360379,-0.16801942526861324
5221908,GO,1,1.0,0.8320316479841771,-0.16796835201582294
5222005,GO,8,1.0,0.765315622833644,-0.23468437716635604
5222054,GO,2,1.0,0.702251266285649,-0.29774873371435095
5222203,GO,4,0.75,0.7669248855336954,0.016924885533695422
5222302,GO,2,0.5,0.756021438783179,0.25602143878317896
