co_municipio,no_municipio,sg_uf,p_nao_atingir_2026,meta_2026,pc_2025,esforco_2026,atingiu_meta_2025
4310553,Itacurubi,RS,0.9988512814718851,80.0,20.59,59.41,0.0
4311775,Maquiné,RS,0.9980847043853792,71.0,11.11,59.89,0.0
4319208,São Nicolau,RS,0.9970185822919513,68.0,23.53,44.47,0.0
4314209,Pedro Osório,RS,0.9945156997900299,73.0,36.84,36.16,0.0
4305900,Coronel Bicaco,RS,0.9936706534422054,80.0,49.77,30.229999999999997,0.0
4305371,Charrua,RS,0.9936624035734046,68.0,11.76,56.24,0.0
4308409,Formigueiro,RS,0.9929272415068978,80.0,42.11,37.89,0.0
4304408,Canela,RS,0.9925159739197265,79.0,47.32,31.68,0.0
4319604,São Sepé,RS,0.9923696951759605,80.0,30.18,49.82,0.0
4310876,Jacuizinho,RS,0.9918617844855167,65.0,11.11,53.89,0.0
4313953,Pantano Grande,RS,0.991511422507066,76.0,54.92,21.08,0.0
4320354,Sentinela do Sul,RS,0.991445700299889,77.0,49.74,27.259999999999998,0.0
4300877,Araricá,RS,0.9914045329180879,78.0,61.71,16.29,0.0
4301073,Arroio do Padre,RS,0.99113923721939,80.0,57.84,22.159999999999997,0.0
4323002,Viamão,RS,0.9904715202638477,69.0,41.05,27.950000000000003,0.0
4311254,Lagoão,RS,0.9903665353094189,80.0,51.61,28.39,0.0
4312203,Maximiliano de Almeida,RS,0.9903486284022592,80.0,52.31,27.689999999999998,0.0
4301305,Arroio Grande,RS,0.9903063705763616,70.0,31.14,38.86,0.0
4309209,Gravataí,RS,0.9901504722875532,71.0,45.99,25.009999999999998,0.0
4311122,Jaquirana,RS,0.9901076200760153,74.0,65.35,8.650000000000006,0.0
4318705,São Leopoldo,RS,0.9894877973213937,68.0,40.39,27.61,0.0
4307401,Esmeralda,RS,0.989415065971625,80.0,35.56,44.44,0.0
4306700,Dona Francisca,RS,0.989167547126875,80.0,69.23,10.769999999999996,0.0
4313060,Nova Hartz,RS,0.9885581461818829,76.0,46.88,29.119999999999997,0.0
4302303,Bom Jesus,RS,0.9879069116081579,76.0,53.59,22.409999999999997,0.0
4319901,Sapiranga,RS,0.9877033908099504,76.0,57.76,18.240000000000002,0.0
4300604,Alvorada,RS,0.9876409766058516,63.0,40.52,22.479999999999997,0.0
4313409,Novo Hamburgo,RS,0.9873206483088529,71.0,46.83,24.17,0.0
3505401,Barra do Turvo,SP,0.9871802738830796,80.0,46.49,33.51,0.0
4305124,Cerrito,RS,0.9864213812682772,77.0,53.7,23.299999999999997,0.0
4301909,Barra do Ribeiro,RS,0.9862014682518646,74.0,37.81,36.19,0.0
4314902,Porto Alegre,RS,0.9860064660615263,59.0,26.74,32.260000000000005,0.0
4320453,Sério,RS,0.985782541916126,80.0,72.98,7.019999999999996,0.0
4304507,Canguçu,RS,0.9856937099353682,80.0,59.13,20.869999999999997,0.0
4320859,Tabaí,RS,0.9856547841759115,69.0,28.34,40.66,0.0
4321303,Taquari,RS,0.9854389336152917,64.0,39.33,24.67,0.0
2411502,Santo Antônio,RN,0.9853422067168068,73.0,45.75,27.25,0.0
4302154,Boa Vista das Missões,RS,0.9852368498796157,78.0,45.45,32.55,0.0
4319737,São Valério do Sul,RS,0.984977396931047,75.0,40.0,35.0,0.0
4309654,Hulha Negra,RS,0.9847675096464972,75.0,53.13,21.869999999999997,0.0
4303400,Caiçara,RS,0.9847059391664329,79.0,40.0,39.0,0.0
4304952,Caseiros,RS,0.9845628617013925,80.0,41.3,38.7,0.0
4310702,Itatiba do Sul,RS,0.9843532459928789,80.0,47.37,32.63,0.0
4303905,Campo Bom,RS,0.9836106103311396,79.0,63.2,15.799999999999997,0.0
4303103,Cachoeirinha,RS,0.9834293197207452,69.0,46.41,22.590000000000003,0.0
2412005,São Gonçalo do Amarante,RN,0.9832402656805915,66.0,37.44,28.560000000000002,0.0
4307500,Espumoso,RS,0.9829621507835711,80.0,50.11,29.89,0.0
4318309,São Gabriel,RS,0.9828965847507127,70.0,44.2,25.799999999999997,0.0
4304663,Capão do Leão,RS,0.9828775261094833,64.0,32.59,31.409999999999997,0.0
4300638,Amaral Ferrador,RS,0.98272173897881,75.0,24.62,50.379999999999995,0.0
4304606,Canoas,RS,0.9826685619413461,66.0,41.9,24.1,0.0
4318507,São José do Norte,RS,0.9824278912954904,66.0,35.45,30.549999999999997,0.0
4306429,Dois Irmãos das Missões,RS,0.982202757850569,79.0,50.0,29.0,0.0
4318903,São Luiz Gonzaga,RS,0.9820783020071098,80.0,63.18,16.82,0.0
4322152,Tunas,RS,0.9816504263618261,74.0,50.11,23.89,0.0
4315602,Rio Grande,RS,0.9811732384517827,67.0,35.73,31.270000000000003,0.0
4322541,Vale Real,RS,0.9809539455330815,78.0,59.68,18.32,0.0
4301859,Barra do Guarita,RS,0.980895134233782,73.0,37.06,35.94,0.0
4306924,Engenho Velho,RS,0.9803968495933644,78.0,46.15,31.85,0.0
4317707,Santo Antônio das Missões,RS,0.979951621321613,76.0,39.53,36.47,0.0
4314050,Parobé,RS,0.9798361040069712,68.0,46.4,21.6,0.0
4322509,Vacaria,RS,0.9783463764186698,73.0,54.67,18.33,0.0
4319000,São Marcos,RS,0.9780172130219008,80.0,61.78,18.22,0.0
4319752,São Vendelino,RS,0.9779790409900632,80.0,73.68,6.319999999999993,0.0
4316451,Salto do Jacuí,RS,0.9777833825770522,80.0,62.32,17.68,0.0
4301875,Barra do Quaraí,RS,0.9771486712791271,70.0,50.37,19.630000000000003,0.0
4317004,Santana da Boa Vista,RS,0.9769234521853307,64.0,53.33,10.670000000000002,0.0
4315404,Redentora,RS,0.9766403210561686,80.0,70.31,9.689999999999998,0.0
4302006,Barros Cassal,RS,0.9766120709121524,65.0,15.38,49.62,0.0
4312401,Montenegro,RS,0.9765849287297382,73.0,48.56,24.439999999999998,0.0
4321600,Tramandaí,RS,0.9762787139940697,67.0,42.55,24.450000000000003,0.0
4316907,Santa Maria,RS,0.9761852574346791,72.0,47.89,24.11,0.0
2413102,Senador Elói de Souza,RN,0.975878419547287,69.0,27.42,41.58,0.0
4305108,Caxias do Sul,RS,0.9755944856954337,74.0,52.9,21.1,0.0
3518859,Guatapará,SP,0.975514726207593,72.0,27.87,44.129999999999995,0.0
4314100,Passo Fundo,RS,0.9750358987851483,69.0,39.33,29.67,0.0
4313102,Nova Palma,RS,0.9749363576054998,80.0,66.17,13.829999999999998,0.0
4320008,Sapucaia do Sul,RS,0.9748423054625978,69.0,54.41,14.590000000000003,0.0
1302553,Manaquiri,AM,0.9746578031644525,63.0,21.87,41.129999999999995,0.0
4306908,Encruzilhada do Sul,RS,0.9742455878655769,72.0,48.96,23.04,0.0
4315800,Roca Sales,RS,0.9742427888059584,78.0,51.47,26.53,0.0
4311627,Lindolfo Collor,RS,0.9738434128469771,73.0,55.75,17.25,0.0
3529708,Miguelópolis,SP,0.973535335637705,72.0,48.65,23.35,0.0
1713601,Monte do Carmo,TO,0.9733357590688766,75.0,46.84,28.159999999999997,0.0
4319802,São Vicente do Sul,RS,0.9728205758949715,79.0,76.56,2.4399999999999977,0.0
4203253,Capão Alto,SC,0.9726208045551383,80.0,49.57,30.43,0.0
4305173,Cerro Grande do Sul,RS,0.971714205381494,68.0,29.15,38.85,0.0
4301602,Bagé,RS,0.9712195633516357,71.0,51.19,19.810000000000002,0.0
4320230,Sede Nova,RS,0.9711137020505484,80.0,70.18,9.819999999999993,0.0
4320552,Sertão Santana,RS,0.9709983919007487,77.0,48.55,28.450000000000003,0.0
4301057,Arroio do Sal,RS,0.9705468283613401,73.0,45.16,27.840000000000003,0.0
3301702,Duque de Caxias,RJ,0.969775065220308,63.0,46.89,16.11,0.0
4203105,Caibi,SC,0.9697338494227695,77.0,59.54,17.46,0.0
4319125,São Martinho da Serra,RS,0.9697010618868502,78.0,50.0,28.0,0.0
4200309,Agronômica,SC,0.9692414674318407,78.0,40.6,37.4,0.0
4322186,Tupanci do Sul,RS,0.969186200394319,80.0,50.0,30.0,0.0
4310108,Igrejinha,RS,0.9690389591508755,80.0,76.18,3.819999999999993,0.0
4313334,Nova Ramada,RS,0.9689093247623871,80.0,75.76,4.239999999999995,0.0
4314076,Passo do Sobrado,RS,0.9681800717361057,80.0,57.2,22.799999999999997,0.0
4302709,Butiá,RS,0.9677882604286989,65.0,34.1,30.9,0.0
4310413,Inhacorá,RS,0.9677698187610132,71.0,45.0,26.0,0.0
2412609,São Paulo do Potengi,RN,0.9677277807621801,67.0,35.59,31.409999999999997,0.0
4318408,São Jerônimo,RS,0.9671181170627104,80.0,48.9,31.1,0.0
4302584,Bozano,RS,0.9669525495566496,80.0,55.56,24.439999999999998,0.0
4321352,Tavares,RS,0.9662497754973534,72.0,58.54,13.46,0.0
4309308,Guaíba,RS,0.9660717250541004,64.0,41.23,22.770000000000003,0.0
4314704,Planalto,RS,0.9660056899236518,76.0,50.75,25.25,0.0
4317301,Santa Vitória do Palmar,RS,0.9658465437917484,68.0,35.87,32.13,0.0
4322533,Vale do Sol,RS,0.9657860232939266,80.0,71.43,8.569999999999993,0.0
4313508,Osório,RS,0.9654844374306838,73.0,46.42,26.58,0.0
4302105,Bento Gonçalves,RS,0.965468974712036,79.0,69.72,9.280000000000001,0.0
4302055,Benjamin Constant do Sul,RS,0.9653398470380941,80.0,66.67,13.329999999999998,0.0
4309050,Glorinha,RS,0.9652210306900701,72.0,55.85,16.15,0.0
4311403,Lajeado,RS,0.9650867724071316,77.0,58.46,18.54,0.0
4309001,Giruá,RS,0.9650102733727807,78.0,63.08,14.920000000000002,0.0
4314464,Pinhal da Serra,RS,0.9647735753372197,77.0,73.94,3.0600000000000023,0.0
4319406,São Pedro do Sul,RS,0.9644365166431743,78.0,47.13,30.869999999999997,0.0
4302501,Bossoroca,RS,0.9642592876078517,64.0,16.67,47.33,0.0
4303202,Cacique Doble,RS,0.9641413621810043,80.0,50.0,30.0,0.0
3300456,Belford Roxo,RJ,0.9640926904698559,56.0,35.63,20.369999999999997,0.0
2400307,Afonso Bezerra,RN,0.9639861901554573,59.0,18.91,40.09,0.0
4314605,Piratini,RS,0.9639185200051823,70.0,48.11,21.89,0.0
2409332,Santa Maria,RN,0.9636266398689616,63.0,20.91,42.09,0.0
4312302,Miraguaí,RS,0.9630006651939405,79.0,66.67,12.329999999999998,0.0
4316600,Sananduva,RS,0.9627366151631732,77.0,50.14,26.86,0.0
4314159,Paverama,RS,0.9623494984046136,71.0,54.31,16.689999999999998,0.0
4323507,Vista Alegre,RS,0.9623454576309357,80.0,75.0,5.0,0.0
2403608,Extremoz,RN,0.9622325321302811,63.0,38.83,24.17,0.0
4308052,Faxinalzinho,RS,0.9620859559504555,79.0,59.13,19.869999999999997,0.0
4315305,Quaraí,RS,0.9619237870545807,67.0,47.45,19.549999999999997,0.0
2107456,Olinda Nova do Maranhão,MA,0.9618128281429004,80.0,43.98,36.02,0.0
4205175,Entre Rios,SC,0.9615856437764384,75.0,49.64,25.36,0.0
4321667,Três Cachoeiras,RS,0.9609802806115766,80.0,66.7,13.299999999999997,0.0
4311718,Maçambará,RS,0.9608062483457048,73.0,45.97,27.03,0.0
4312377,Monte Alegre dos Campos,RS,0.960220949414013,71.0,50.0,21.0,0.0
4320677,Sinimbu,RS,0.9602186378501527,74.0,72.25,1.75,0.0
3303500,Nova Iguaçu,RJ,0.9600462842314581,55.0,40.81,14.189999999999998,0.0
4319158,São Miguel das Missões,RS,0.9600238587334498,78.0,72.39,5.609999999999999,0.0
2100808,Anapurus,MA,0.9596373345225376,80.0,41.26,38.74,0.0
4316808,Santa Cruz do Sul,RS,0.9595286626243168,72.0,54.44,17.560000000000002,0.0
4307708,Esteio,RS,0.9590948812691539,71.0,53.21,17.79,0.0
4304705,Carazinho,RS,0.9590386160784911,72.0,50.67,21.33,0.0
2509057,Marcação,PB,0.9587060678430697,74.0,58.61,15.39,0.0
4317509,Santo Ângelo,RS,0.9586694829006749,72.0,52.21,19.79,0.0
4307609,Estância Velha,RS,0.9582479938660535,73.0,55.99,17.009999999999998,0.0
4310850,Jaboticaba,RS,0.958178842650359,80.0,88.24,-8.239999999999995,1.0
4318002,São Borja,RS,0.9580242671639839,72.0,45.53,26.47,0.0
4318804,São Lourenço do Sul,RS,0.9577678475229336,79.0,59.21,19.79,0.0
4321956,Trindade do Sul,RS,0.9575156760433422,80.0,53.82,26.18,0.0
4314506,Pinheiro Machado,RS,0.9574030939113384,73.0,52.31,20.689999999999998,0.0
4322251,Tupandi,RS,0.9573551088009296,80.0,60.98,19.020000000000003,0.0
4302808,Caçapava do Sul,RS,0.9570995551593107,67.0,41.46,25.54,0.0
4306205,Cruzeiro do Sul,RS,0.9568715762885539,74.0,59.02,14.979999999999997,0.0
4302402,Bom Retiro do Sul,RS,0.9568441341458236,79.0,57.09,21.909999999999997,0.0
4306973,Erebango,RS,0.9565711322221914,76.0,66.67,9.329999999999998,0.0
4304002,Campo Novo,RS,0.9556067171488011,71.0,47.39,23.61,0.0
4311502,Lavras do Sul,RS,0.9555778826541991,68.0,31.81,36.19,0.0
4218954,Urupema,SC,0.9553736593345542,80.0,68.97,11.030000000000001,0.0
4311809,Marau,RS,0.9550644381040547,73.0,47.06,25.939999999999998,0.0
4307302,Erval Seco,RS,0.9549415669348715,73.0,49.39,23.61,0.0
4304689,Capela de Santana,RS,0.9548189078373744,73.0,60.36,12.64,0.0
4305454,Cidreira,RS,0.9542633371322566,61.0,29.89,31.11,0.0
4317608,Santo Antônio da Patrulha,RS,0.9530138100942929,79.0,64.74,14.260000000000005,0.0
4304200,Candelária,RS,0.9521833292638048,77.0,67.34,9.659999999999997,0.0
4303004,Cachoeira do Sul,RS,0.9516003200483047,68.0,45.72,22.28,0.0
4322202,Tupanciretã,RS,0.9511892907247166,76.0,70.38,5.6200000000000045,0.0
4312617,Muitos Capões,RS,0.9511691997718251,74.0,57.89,16.11,0.0
4312104,Mata,RS,0.9506260460539304,72.0,43.75,28.25,0.0
4310330,Imbé,RS,0.9503288305277343,73.0,45.46,27.54,0.0
4322327,Turuçu,RS,0.9501245298828767,80.0,52.45,27.549999999999997,0.0
4311007,Jaguarão,RS,0.9495269761157945,63.0,43.39,19.61,0.0
4305355,Charqueadas,RS,0.9492930223381248,71.0,43.8,27.200000000000003,0.0
4203709,Canelinha,SC,0.9491998861480941,69.0,48.99,20.009999999999998,0.0
3304904,São Gonçalo,RJ,0.9491427798885999,62.0,46.71,15.29,0.0
2406304,Lagoa de Pedras,RN,0.9485090627912134,63.0,31.64,31.36,0.0
4322400,Uruguaiana,RS,0.9482808707229724,70.0,60.03,9.969999999999999,0.0
4322608,Venâncio Aires,RS,0.9481947284034408,79.0,70.15,8.849999999999994,0.0
3303203,Nilópolis,RJ,0.9481038955461121,61.0,55.04,5.960000000000001,0.0
1303304,Novo Aripuanã,AM,0.9470217845918749,80.0,64.57,15.430000000000007,0.0
4320404,Serafina Corrêa,RS,0.946918202803985,80.0,69.75,10.25,0.0
2408102,Natal,RN,0.9467680271381832,56.0,40.28,15.719999999999999,0.0
4306502,Dom Feliciano,RS,0.9462490826384741,69.0,63.07,5.93,0.0
4321204,Taquara,RS,0.9460151887769477,72.0,65.19,6.810000000000002,0.0
4319505,São Sebastião do Caí,RS,0.9459254812243583,68.0,51.66,16.340000000000003,0.0
3510609,Carapicuíba,SP,0.9458604569572744,62.0,45.09,16.909999999999997,0.0
4313441,Novo Tiradentes,RS,0.9458448149704225,75.0,52.63,22.369999999999997,0.0
4320651,Silveira Martins,RS,0.9456211889468313,73.0,44.44,28.560000000000002,0.0
3516309,Francisco Morato,SP,0.9453359405703426,65.0,52.07,12.93,0.0
1302603,Manaus,AM,0.9451522266649558,66.0,57.53,8.469999999999999,0.0
4306601,Dom Pedrito,RS,0.9449517572536368,68.0,47.54,20.46,0.0
2410256,Porto do Mangue,RN,0.944789233814894,69.0,36.22,32.78,0.0
4315701,Rio Pardo,RS,0.9446810569998738,76.0,60.27,15.729999999999997,0.0
3305109,São João de Meriti,RJ,0.9445386393074923,58.0,38.15,19.85,0.0
3518701,Guarujá,SP,0.9435427515044496,64.0,38.71,25.29,0.0
4318614,São José do Sul,RS,0.9421212906025205,80.0,70.0,10.0,0.0
4316709,Santa Bárbara do Sul,RS,0.9418463621648495,73.0,61.89,11.11,0.0
2413904,Taipu,RN,0.9418447894018976,57.0,26.53,30.47,0.0
4321808,Três de Maio,RS,0.9417146155201016,79.0,64.07,14.930000000000007,0.0
4310603,Itaqui,RS,0.9416430985628691,70.0,50.99,19.009999999999998,0.0
2411601,São Bento do Norte,RN,0.94115551704504,68.0,53.06,14.939999999999998,0.0
4318101,São Francisco de Assis,RS,0.9411248952634365,69.0,43.9,25.1,0.0
4318200,São Francisco de Paula,RS,0.9399873787848081,68.0,58.94,9.060000000000002,0.0
4322525,Vale Verde,RS,0.9384262442620751,80.0,76.25,3.75,0.0
4306403,Dois Irmãos,RS,0.9384176328097477,79.0,66.94,12.060000000000002,0.0
1303809,São Gabriel da Cachoeira,AM,0.938289340839992,57.0,33.15,23.85,0.0
4321436,Terra de Areia,RS,0.9382039048562218,73.0,54.67,18.33,0.0
2516904,Uiraúna,PB,0.9376300706347994,80.0,50.17,29.83,0.0
4304358,Candiota,RS,0.9374502871599409,64.0,39.95,24.049999999999997,0.0
3542909,Ribeirão Bonito,SP,0.9368505337278225,80.0,65.85,14.150000000000006,0.0
1506005,Prainha,PA,0.9365835452668323,68.0,43.06,24.939999999999998,0.0
4305207,Cerro Largo,RS,0.9363005723651014,77.0,53.84,23.159999999999997,0.0
4309753,Ibarama,RS,0.9356717820446487,75.0,73.32,1.6800000000000068,0.0
4322707,Vera Cruz,RS,0.934483873628909,73.0,66.11,6.890000000000001,0.0
4321709,Três Coroas,RS,0.9335956747663756,67.0,55.16,11.840000000000003,0.0
4322301,Tuparendi,RS,0.9325354832180034,80.0,59.08,20.92,0.0
4313904,Panambi,RS,0.9317931854173744,77.0,65.01,11.989999999999995,0.0
4321501,Torres,RS,0.931122276635955,71.0,54.92,16.08,0.0
1303106,Nova Olinda do Norte,AM,0.9309950270861066,65.0,48.06,16.939999999999998,0.0
2512804,Riacho dos Cavalos,PB,0.9305380159987187,74.0,34.69,39.31,0.0
2408805,Parazinho,RN,0.9304555980179298,63.0,48.52,14.479999999999997,0.0
4314753,Poço das Antas,RS,0.9302036516401558,80.0,47.78,32.22,0.0
3543501,Riversul,SP,0.9294746171410584,80.0,58.51,21.490000000000002,0.0
4308102,Feliz,RS,0.9292046688632114,76.0,70.13,5.8700000000000045,0.0
3553658,Taquaral,SP,0.929068642913957,77.0,65.38,11.620000000000005,0.0
4303301,Caibaté,RS,0.9290510408375159,80.0,62.61,17.39,0.0
2410900,Riachuelo,RN,0.9289444975417014,60.0,39.9,20.1,0.0
4316956,Santa Maria do Herval,RS,0.9289155630019298,79.0,73.5,5.5,0.0
4320321,Senador Salgado Filho,RS,0.9286787514703924,80.0,75.06,4.939999999999998,0.0
4318465,São José do Herval,RS,0.9281403684600623,80.0,61.54,18.46,0.0
4313656,Palmares do Sul,RS,0.9274721624883702,66.0,40.77,25.229999999999997,0.0
4301651,Barão,RS,0.9273719698267255,80.0,64.68,15.319999999999993,0.0
4213708,Pouso Redondo,SC,0.9270986180791168,73.0,30.75,42.25,0.0
4318622,São José dos Ausentes,RS,0.9269935844494508,70.0,51.97,18.03,0.0
3531704,Monteiro Lobato,SP,0.9264086175896358,73.0,44.48,28.520000000000003,0.0
4321907,Três Passos,RS,0.925576966350681,80.0,74.99,5.010000000000005,0.0
4321451,Teutônia,RS,0.9250239850358263,80.0,65.59,14.409999999999997,0.0
2304400,Fortaleza,CE,0.9246496309462527,77.0,73.31,3.6899999999999977,0.0
4314498,Pinheirinho do Vale,RS,0.9237845960038575,80.0,51.28,28.72,0.0
2106359,Marajá do Sena,MA,0.9237819941303776,80.0,73.66,6.340000000000003,0.0
4319109,São Martinho,RS,0.9235966851964436,80.0,56.8,23.200000000000003,0.0
4306809,Encantado,RS,0.9225329900692191,80.0,78.1,1.9000000000000057,0.0
4311304,Lagoa Vermelha,RS,0.9221926124585496,70.0,47.24,22.759999999999998,0.0
4322376,Unistalda,RS,0.9218551823882526,69.0,62.5,6.5,0.0
4308508,Frederico Westphalen,RS,0.9218124839371533,71.0,41.36,29.64,0.0
4314779,Pontão,RS,0.9216315644638118,79.0,58.62,20.380000000000003,0.0
4309100,Gramado,RS,0.9216089397126007,79.0,71.92,7.079999999999998,0.0
1303700,Santo Antônio do Içá,AM,0.9215108893517205,69.0,61.73,7.270000000000003,0.0
4216305,São João Batista,SC,0.921238350827387,77.0,64.54,12.459999999999994,0.0
3534401,Osasco,SP,0.9211159958671614,62.0,50.03,11.969999999999999,0.0
4303608,Cambará do Sul,RS,0.9210363931591471,70.0,40.0,30.0,0.0
4316006,Rolante,RS,0.9209195161052883,80.0,74.24,5.760000000000005,0.0
4217709,Sombrio,SC,0.9206485443235263,72.0,50.0,22.0,0.0
2611606,Recife,PE,0.9202120885032927,71.0,57.32,13.68,0.0
4314035,Pareci Novo,RS,0.9199994786703429,76.0,47.06,28.939999999999998,0.0
4306551,Dom Pedro de Alcântara,RS,0.9195401478361471,80.0,62.91,17.090000000000003,0.0
2513109,Salgado de São Félix,PB,0.9192691918800757,80.0,65.22,14.780000000000001,0.0
2407708,Montanhas,RN,0.9185667158859052,69.0,64.43,4.569999999999993,0.0
3513504,Cubatão,SP,0.918198775956253,64.0,50.09,13.909999999999997,0.0
3541000,Praia Grande,SP,0.9181539386153466,65.0,52.06,12.939999999999998,0.0
3556909,Vista Alegre do Alto,SP,0.9180689817877206,80.0,68.02,11.980000000000004,0.0
4317103,Sant'Ana do Livramento,RS,0.9173682056551357,64.0,46.58,17.42,0.0
1504307,Maracanã,PA,0.9170759617827224,74.0,54.94,19.060000000000002,0.0
4202057,Balneário Barra do Sul,SC,0.9165068945412929,70.0,51.88,18.119999999999997,0.0
4316733,Santa Cecília do Sul,RS,0.9164857573456849,77.0,62.96,14.04,0.0
2402808,Coronel Ezequiel,RN,0.9157991616470739,59.0,22.84,36.16,0.0
3516408,Franco da Rocha,SP,0.9157736304168593,65.0,54.36,10.64,0.0
4305306,Chapada,RS,0.915077409413886,77.0,58.0,19.0,0.0
4306007,Crissiumal,RS,0.9148108044092773,76.0,66.39,9.61,0.0
4308300,Fontoura Xavier,RS,0.9142182538027183,71.0,53.09,17.909999999999997,0.0
2413607,Severiano Melo,RN,0.9136557667246565,75.0,71.54,3.4599999999999937,0.0
4320206,Seberi,RS,0.9136105565775268,80.0,65.72,14.280000000000001,0.0
4219101,Vargeão,SC,0.912371316488608,80.0,74.62,5.3799999999999955,0.0
4305587,Colinas,RS,0.9120473234675917,80.0,75.58,4.420000000000002,0.0
4320909,Tapejara,RS,0.9117438406510128,74.0,65.8,8.200000000000003,0.0
3551009,São Vicente,SP,0.9109862716516498,61.0,43.4,17.6,0.0
3525102,Jardinópolis,SP,0.9109768384221572,69.0,44.64,24.36,0.0
4319703,São Valentim,RS,0.9107179629166577,80.0,77.9,2.0999999999999943,0.0
1300409,Barcelos,AM,0.9105134364154649,64.0,57.95,6.049999999999997,0.0
4307906,Farroupilha,RS,0.910349456954853,80.0,75.71,4.290000000000006,0.0
4307807,Estrela,RS,0.9097473335208321,73.0,59.34,13.659999999999997,0.0
3551801,Sete Barras,SP,0.9095794743651485,73.0,56.01,16.990000000000002,0.0
3302270,Japeri,RJ,0.9090858528856901,58.0,40.86,17.14,0.0
4216602,São José,SC,0.9090711188308344,72.0,58.46,13.54,0.0
4312906,Nova Bassano,RS,0.9082662074514619,79.0,66.05,12.950000000000003,0.0
4313425,Novo Machado,RS,0.9081310988166886,73.0,46.15,26.85,
2806602,Santo Amaro das Brotas,SE,0.9080304847597823,56.0,28.11,27.89,0.0
3301009,Campos dos Goytacazes,RJ,0.9077747912332488,58.0,46.4,11.600000000000001,0.0
4219150,Vargem,SC,0.9074429323461846,80.0,73.81,6.189999999999998,0.0
4317558,Santo Antônio do Palma,RS,0.907027563324176,76.0,65.0,11.0,0.0
1500800,Ananindeua,PA,0.9070174145421558,69.0,58.54,10.46,0.0
4313607,Paim Filho,RS,0.9056243767826383,79.0,69.13,9.870000000000005,0.0
1501402,Belém,PA,0.9049594807010366,63.0,50.65,12.350000000000001,0.0
4315750,Riozinho,RS,0.9046302220386684,78.0,87.12,-9.120000000000005,1.0
4300802,Antônio Prado,RS,0.9039122821903599,73.0,59.53,13.469999999999999,0.0
4314423,Picada Café,RS,0.9030811368677447,80.0,72.39,7.609999999999999,0.0
4301404,Arvorezinha,RS,0.9028955329870162,69.0,36.84,32.16,0.0
2403251,Parnamirim,RN,0.90266997978581,61.0,44.36,16.64,0.0
4314027,Paraíso do Sul,RS,0.9024290558262112,80.0,81.34,-1.3400000000000034,1.0
4308078,Fazenda Vilanova,RS,0.9021670990129166,80.0,75.3,4.700000000000003,0.0
2509305,Mataraca,PB,0.901814494197579,80.0,61.74,18.259999999999998,0.0
3507100,Bom Jesus dos Perdões,SP,0.9013336614176027,75.0,59.05,15.950000000000003,0.0
3519071,Hortolândia,SP,0.9011452511413884,69.0,61.23,7.770000000000003,0.0
3506300,Bernardino de Campos,SP,0.9003467639938252,74.0,61.21,12.79,0.0
4305702,Condor,RS,0.9002445899708781,80.0,74.25,5.75,0.0
4308003,Faxinal do Soturno,RS,0.8999872532565611,80.0,63.08,16.92,0.0
2402709,Cerro Corá,RN,0.8998455783501507,70.0,54.5,15.5,0.0
2414001,Tangará,RN,0.8992746259215533,61.0,37.37,23.630000000000003,0.0
1504505,Melgaço,PA,0.8989172490728279,58.0,37.47,20.53,0.0
4306379,Dilermando de Aguiar,RS,0.8988529694353524,73.0,46.46,26.54,0.0
3547809,Santo André,SP,0.8978760133733135,66.0,59.73,6.270000000000003,0.0
3301900,Itaboraí,RJ,0.8974341631486693,65.0,55.75,9.25,0.0
4208302,Itapema,SC,0.8966462616156909,73.0,56.01,16.990000000000002,0.0
4216800,São José do Cerrito,SC,0.8956975965042374,78.0,75.33,2.6700000000000017,0.0
1303205,Novo Airão,AM,0.8955530173895406,78.0,70.46,7.540000000000006,0.0
4310009,Ibirubá,RS,0.8954067821522105,70.0,34.29,35.71,0.0
2802007,Divina Pastora,SE,0.8951660307278745,59.0,25.06,33.94,0.0
3552205,Sorocaba,SP,0.8947112097308821,63.0,53.62,9.380000000000003,0.0
3514205,Dolcinópolis,SP,0.894592882144047,78.0,36.0,42.0,0.0
3552809,Taboão da Serra,SP,0.8941481957235933,62.0,51.94,10.060000000000002,0.0
1300706,Boca do Acre,AM,0.8941410017431984,69.0,54.74,14.259999999999998,0.0
4305959,Cotiporã,RS,0.8938161756000982,77.0,63.79,13.21,0.0
4322806,Veranópolis,RS,0.8935264201709983,78.0,59.68,18.32,0.0
3116001,Chalé,MG,0.8925363915675185,80.0,36.3,43.7,0.0
2108801,Pirapemas,MA,0.8924887596902026,80.0,73.2,6.799999999999997,0.0
4314407,Pelotas,RS,0.892419692001759,54.0,29.25,24.75,0.0
3304144,Queimados,RJ,0.8923952861296195,58.0,43.12,14.880000000000003,0.0
3302858,Mesquita,RJ,0.8923930692104758,58.0,40.82,17.18,0.0
4312807,Nova Araçá,RS,0.8922663110720259,80.0,70.79,9.209999999999994,0.0
4310801,Ivoti,RS,0.8921034943759203,79.0,70.13,8.870000000000005,0.0
2404606,Ielmo Marinho,RN,0.8916930788346803,60.0,48.61,11.39,0.0
4313300,Nova Prata,RS,0.8915959008079204,79.0,70.93,8.069999999999993,0.0
4302238,Boa Vista do Incra,RS,0.891232174140317,75.0,78.83,-3.8299999999999983,1.0
4305801,Constantina,RS,0.8907000985448192,80.0,80.03,-0.030000000000001137,1.0
4312153,Mato Leitão,RS,0.8885261315637739,80.0,78.79,1.2099999999999937,0.0
4306957,Entre Rios do Sul,RS,0.8879425619916417,80.0,71.79,8.209999999999994,0.0
3513009,Cotia,SP,0.8876945348043868,65.0,54.12,10.880000000000003,0.0
1711100,Itaporã do Tocantins,TO,0.8876432766924239,72.0,57.74,14.259999999999998,0.0
3509403,Cajuru,SP,0.8867344852684607,76.0,65.61,10.39,0.0
4303509,Camaquã,RS,0.8862139342656508,69.0,57.06,11.939999999999998,0.0
1502004,Cachoeira do Arari,PA,0.8860143074593785,66.0,47.83,18.17,0.0
2410504,Rafael Fernandes,RN,0.8858746180002289,67.0,48.07,18.93,0.0
4306106,Cruz Alta,RS,0.8855997210072275,68.0,54.37,13.630000000000003,0.0
5005681,Mundo Novo,MS,0.8855659384628651,80.0,76.71,3.2900000000000063,0.0
2409902,Pendências,RN,0.885112433541461,59.0,34.65,24.35,0.0
4208203,Itajaí,SC,0.8837090615992771,68.0,50.88,17.119999999999997,0.0
4310538,Itaara,RS,0.8835518474387392,69.0,63.54,5.460000000000001,0.0
4312500,Mostardas,RS,0.8830105259911118,65.0,57.24,7.759999999999998,0.0
4209102,Joinville,SC,0.8828874052513491,73.0,66.48,6.519999999999996,0.0
3531100,Mongaguá,SP,0.8828202940963482,64.0,46.68,17.32,0.0
4300570,Alto Feliz,RS,0.8824426529336131,76.0,62.08,13.920000000000002,0.0
4201307,Araquari,SC,0.8814735317175232,65.0,46.58,18.42,0.0
4320800,Soledade,RS,0.8813482038326075,73.0,65.85,7.150000000000006,0.0
2112605,Urbano Santos,MA,0.8811519070717322,78.0,71.25,6.75,0.0
4215505,Santa Cecília,SC,0.8810358080698149,73.0,63.51,9.490000000000002,0.0
4304713,Caraá,RS,0.8808976570435809,80.0,83.66,-3.6599999999999966,1.0
4318440,São Jorge,RS,0.8808118987767329,78.0,55.48,22.520000000000003,0.0
2413359,Serra do Mel,RN,0.8806393616995427,55.0,26.92,28.08,0.0
3522109,Itanhaém,SP,0.8801603977593002,67.0,60.38,6.619999999999997,0.0
3518800,Guarulhos,SP,0.8800628658599312,59.0,51.78,7.219999999999999,1.0
4308201,Flores da Cunha,RS,0.8786648870116602,79.0,68.48,10.519999999999996,0.0
4319356,São Pedro da Serra,RS,0.8780915912407645,80.0,76.49,3.510000000000005,0.0
4311106,Jaguari,RS,0.8770175852153118,72.0,54.96,17.04,0.0
4316402,Rosário do Sul,RS,0.8768657171114419,56.0,31.19,24.81,0.0
4202438,Bocaina do Sul,SC,0.8767282091458926,58.0,32.15,25.85,0.0
4310207,Ijuí,RS,0.8765804522737559,78.0,69.92,8.079999999999998,0.0
2607901,Jaboatão dos Guararapes,PE,0.8761356233851949,68.0,54.96,13.04,0.0
2401909,Caiçara do Rio do Vento,RN,0.8760998670425068,58.0,27.21,30.79,0.0
2109056,Porto Rico do Maranhão,MA,0.8760006544124683,77.0,61.79,15.21,0.0
4311239,Lagoa Bonita do Sul,RS,0.8753521173257955,75.0,69.76,5.239999999999995,0.0
3542404,Regente Feijó,SP,0.8752661689946203,79.0,57.84,21.159999999999997,0.0
4316428,Sagrada Família,RS,0.8750501602444327,79.0,85.08,-6.079999999999998,1.0
3516002,Flórida Paulista,SP,0.8749311517609639,80.0,61.85,18.15,0.0
1300300,Autazes,AM,0.8743226532934684,62.0,37.11,24.89,0.0
3525805,Júlio Mesquita,SP,0.874149707314599,73.0,60.71,12.29,0.0
4320701,Sobradinho,RS,0.8740978456503967,80.0,73.97,6.030000000000001,0.0
3522505,Itapevi,SP,0.8738621290958327,65.0,54.75,10.25,0.0
3539806,Poá,SP,0.8736716917755889,67.0,55.52,11.479999999999997,0.0
4302907,Cacequi,RS,0.8730641501462673,65.0,53.36,11.64,0.0
4310405,Independência,RS,0.8726259791244844,73.0,64.8,8.200000000000003,0.0
4320107,Sarandi,RS,0.872360923015201,75.0,72.52,2.480000000000004,0.0
4317202,Santa Rosa,RS,0.8717283790638654,76.0,74.2,1.7999999999999972,0.0
4322004,Triunfo,RS,0.870008993803071,73.0,48.6,24.4,0.0
4308607,Garibaldi,RS,0.8697500665819518,77.0,66.72,10.280000000000001,0.0
4204558,Correia Pinto,SC,0.8696970053641433,69.0,55.13,13.869999999999997,0.0
4301800,Barracão,RS,0.8692162092791038,76.0,56.84,19.159999999999997,0.0
4321105,Tapes,RS,0.8683097876804204,69.0,59.22,9.780000000000001,0.0
3554755,Trabiju,SP,0.8676307286266245,80.0,68.18,11.819999999999993,0.0
3509502,Campinas,SP,0.8676100049646103,60.0,49.25,10.75,0.0
1301852,Iranduba,AM,0.8662318472125102,62.0,41.23,20.770000000000003,0.0
3531506,Monte Azul Paulista,SP,0.8660286901028956,76.0,59.39,16.61,0.0
4307203,Erval Grande,RS,0.8659132140977409,80.0,94.36,-14.36,1.0
1302900,Maués,AM,0.8655969068419946,66.0,50.38,15.619999999999997,0.0
2502706,Borborema,PB,0.8649785564717232,80.0,51.8,28.200000000000003,0.0
4317400,Santiago,RS,0.8646078963927571,76.0,65.61,10.39,0.0
3549805,São José do Rio Preto,SP,0.8643985940832195,66.0,56.94,9.060000000000002,0.0
2107902,Passagem Franca,MA,0.8641184806299187,78.0,51.09,26.909999999999997,0.0
3525508,Joanópolis,SP,0.8635824525720022,76.0,62.95,13.049999999999997,0.0
3521309,Ipuã,SP,0.8629699330494721,78.0,55.47,22.53,0.0
2511509,Pilar,PB,0.8626317104743824,76.0,67.28,8.719999999999999,0.0
4316105,Ronda Alta,RS,0.8620007329966095,77.0,71.35,5.650000000000006,0.0
4307450,Esperança do Sul,RS,0.861775162175753,80.0,61.99,18.009999999999998,0.0
2109452,Raposa,MA,0.8617730166734153,74.0,49.94,24.060000000000002,0.0
3522653,Itapirapuã Paulista,SP,0.8615439307819366,62.0,44.07,17.93,0.0
4213609,Porto União,SC,0.8610850597104052,75.0,47.54,27.46,0.0
4310363,Imigrante,RS,0.8608250401073503,79.0,73.33,5.670000000000002,0.0
4301008,Arroio do Meio,RS,0.859881703041897,80.0,74.84,5.159999999999997,0.0
2100303,Aldeias Altas,MA,0.85968559905339,74.0,65.83,8.170000000000002,0.0
2407807,Monte Alegre,RN,0.8590014450642651,69.0,57.68,11.32,0.0
4315909,Rodeio Bonito,RS,0.8589146433592045,80.0,81.51,-1.5100000000000051,1.0
2414803,Vera Cruz,RN,0.8583698517192963,69.0,56.58,12.420000000000002,0.0
3523503,Itatinga,SP,0.8583064267457152,70.0,55.75,14.25,0.0
3523107,Itaquaquecetuba,SP,0.8573687328402996,61.0,46.95,14.049999999999997,0.0
3555406,Ubatuba,SP,0.8572888338812584,60.0,44.04,15.96,0.0
4312658,Não-Me-Toque,RS,0.8560691267231451,73.0,63.85,9.149999999999999,0.0
4314803,Portão,RS,0.8552466453620639,68.0,64.98,3.019999999999996,1.0
4305009,Catuípe,RS,0.855027350150976,80.0,55.89,24.11,0.0
3515103,Embu-Guaçu,SP,0.8545574579420818,63.0,54.18,8.82,0.0
4305975,Coxilha,RS,0.8542892984207526,71.0,55.17,15.829999999999998,0.0
3522208,Itapecerica da Serra,SP,0.853918795598426,66.0,60.89,5.109999999999999,0.0
2402204,Canguaretama,RN,0.8532189889031397,58.0,46.7,11.299999999999997,0.0
3518107,Guarantã,SP,0.8529608522445468,73.0,55.09,17.909999999999997,0.0
1304237,Tonantins,AM,0.8518428633773825,62.0,55.58,6.420000000000002,0.0
4203154,Calmon,SC,0.851718629850096,71.0,65.79,5.209999999999994,0.0
4203006,Caçador,SC,0.8515593299773153,75.0,63.55,11.450000000000003,0.0
3550308,São Paulo,SP,0.8514323459757468,58.0,53.07,4.93,1.0
4321857,Três Palmeiras,RS,0.8511994858148656,80.0,73.72,6.280000000000001,0.0
2506707,Imaculada,PB,0.8501453901569221,73.0,50.71,22.29,0.0
4211504,Nova Trento,SC,0.8500690873658382,70.0,47.33,22.67,0.0
2102507,Cajari,MA,0.84887794305932,66.0,53.33,12.670000000000002,0.0
4314068,Passa Sete,RS,0.8487209386497796,80.0,74.85,5.150000000000006,0.0
1301209,Coari,AM,0.8486160661813902,58.0,37.03,20.97,0.0
4201950,Balneário Arroio do Silva,SC,0.8481896309392191,61.0,36.24,24.759999999999998,0.0
4301107,Arroio dos Ratos,RS,0.8468625609465814,59.0,47.4,11.600000000000001,0.0
3525854,Jumirim,SP,0.8464059495659956,78.0,68.3,9.700000000000003,0.0
3554201,Tejupá,SP,0.8462341348301309,76.0,59.81,16.189999999999998,0.0
1303502,Pauini,AM,0.8461393626343265,58.0,48.4,9.600000000000001,0.0
1505809,Portel,PA,0.8461330199248588,61.0,46.04,14.96,0.0
4301552,Áurea,RS,0.8452833981313979,80.0,89.47,-9.469999999999999,1.0
2511905,Pitimbu,PB,0.8449895517668522,78.0,59.46,18.54,0.0
4312450,Morro Redondo,RS,0.8437149031239966,76.0,75.6,0.4000000000000057,1.0
1712405,Lizarda,TO,0.8435461026053745,60.0,47.4,12.600000000000001,0.0
4323309,Vila Flores,RS,0.8433531360126776,80.0,67.45,12.549999999999997,0.0
2401107,Areia Branca,RN,0.8429815810214527,66.0,54.43,11.57,0.0
4212502,Penha,SC,0.842094601407682,73.0,62.07,10.93,0.0
3500501,Águas de Lindóia,SP,0.840776019856224,70.0,63.94,6.060000000000002,0.0
4306734,Doutor Maurício Cardoso,RS,0.8402212155276034,78.0,63.58,14.420000000000002,0.0
4321469,Tio Hugo,RS,0.8399590370689854,80.0,59.92,20.08,0.0
4210001,Luiz Alves,SC,0.8398439902074432,80.0,60.45,19.549999999999997,0.0
1720150,São Félix do Tocantins,TO,0.8396491114996717,80.0,62.5,17.5,0.0
5003751,Eldorado,MS,0.8379917160483837,77.0,56.15,20.85,0.0
4206504,Guaramirim,SC,0.837507063979208,75.0,68.72,6.280000000000001,0.0
4323358,Vila Lângaro,RS,0.8370062602447021,75.0,53.57,21.43,0.0
4305132,Cerro Branco,RS,0.8368151390505402,76.0,72.22,3.780000000000001,0.0
4311734,Mampituba,RS,0.8367194213252999,73.0,69.74,3.260000000000005,0.0
2512903,Rio Tinto,PB,0.8364392600270704,79.0,60.34,18.659999999999997,0.0
3556008,Urupês,SP,0.8362452839688881,80.0,60.77,19.229999999999997,0.0
2402402,Carnaúba dos Dantas,RN,0.8361996252302957,72.0,76.15,-4.150000000000006,1.0
2500809,Araçagi,PB,0.8358599613285839,72.0,51.62,20.380000000000003,0.0
3508504,Caçapava,SP,0.835850213639721,66.0,54.45,11.549999999999997,0.0
4318481,São José do Hortêncio,RS,0.8351142157997923,79.0,87.76,-8.760000000000005,1.0
1300508,Barreirinha,AM,0.8345549936847647,53.0,36.7,16.299999999999997,0.0
4309902,Ibiraiaras,RS,0.8345356501502394,79.0,78.53,0.46999999999999886,1.0
4312443,Morrinhos do Sul,RS,0.8345278640338895,80.0,56.0,24.0,0.0
4215679,Santa Terezinha,SC,0.8343105702669477,80.0,67.53,12.469999999999999,0.0
1301654,Guajará,AM,0.8335337398379123,70.0,61.18,8.82,0.0
3510153,Canitar,SP,0.8329942312754328,80.0,54.44,25.560000000000002,0.0
3556404,Vargem Grande do Sul,SP,0.832869648215226,74.0,62.93,11.07,0.0
4215752,São Bernardino,SC,0.8328478871005645,80.0,76.92,3.0799999999999983,0.0
4308805,General Câmara,RS,0.8321589716728635,63.0,42.86,20.14,
1717909,Ponte Alta do Tocantins,TO,0.8314815140301158,63.0,48.0,15.0,0.0
3510500,Caraguatatuba,SP,0.8313495165885489,67.0,55.9,11.100000000000001,0.0
3504107,Atibaia,SP,0.8312306484069912,75.0,64.52,10.480000000000004,0.0
4316758,Santa Clara do Sul,RS,0.831143028332768,80.0,79.81,0.18999999999999773,1.0
2404309,Governador Dix-Sept Rosado,RN,0.830878163815381,68.0,64.07,3.930000000000007,0.0
4203204,Camboriú,SC,0.8303136432465206,67.0,52.92,14.079999999999998,
3525003,Jandira,SP,0.8295435645885347,62.0,51.14,10.86,0.0
3302502,Magé,RJ,0.8292285785750831,62.0,52.96,9.04,0.0
2407104,Macaíba,RN,0.8284904685497506,52.0,39.14,12.86,0.0
2605202,Escada,PE,0.827729926850477,67.0,61.65,5.350000000000001,0.0
4211306,Navegantes,SC,0.8277174047549276,67.0,58.84,8.159999999999997,0.0
3539103,Pirapora do Bom Jesus,SP,0.8275396012483498,61.0,47.65,13.350000000000001,0.0
1300805,Borba,AM,0.8264243636700294,52.0,35.52,16.479999999999997,0.0
3541059,Pratânia,SP,0.8263049421587778,68.0,40.87,27.130000000000003,0.0
4309605,Horizontina,RS,0.8260357656377882,75.0,67.85,7.150000000000006,0.0
2100436,Alto Alegre do Maranhão,MA,0.8258386139046278,75.0,50.59,24.409999999999997,0.0
4308706,Gaurama,RS,0.8257434206380004,79.0,64.61,14.39,0.0
3140902,Matipó,MG,0.8252790508680614,80.0,64.99,15.010000000000005,0.0
2307304,Juazeiro do Norte,CE,0.8246441874516481,70.0,54.9,15.100000000000001,0.0
3138104,Lassance,MG,0.8238219364645574,80.0,73.2,6.799999999999997,0.0
4321402,Tenente Portela,RS,0.8236965702687037,73.0,69.9,3.0999999999999943,0.0
2507408,Jericó,PB,0.8205806866527758,66.0,47.37,18.630000000000003,0.0
3520202,Igaratá,SP,0.8203006884030938,70.0,54.03,15.969999999999999,0.0
4309951,Ibirapuitã,RS,0.8199080590050406,74.0,65.44,8.560000000000002,0.0
3526100,Juquiá,SP,0.8197309813846103,67.0,47.93,19.07,0.0
2109270,Presidente Sarney,MA,0.8196354954596983,71.0,57.46,13.54,0.0
4310900,Jacutinga,RS,0.8194088518181695,80.0,68.67,11.329999999999998,0.0
1302504,Manacapuru,AM,0.8193923252852304,61.0,52.34,8.659999999999997,0.0
4313375,Nova Santa Rita,RS,0.8192776759764303,68.0,49.0,19.0,0.0
4316501,Salvador do Sul,RS,0.8186706956915356,80.0,75.83,4.170000000000002,0.0
4317905,Santo Cristo,RS,0.8186282002802377,78.0,73.77,4.230000000000004,0.0
2508208,Lagoa de Dentro,PB,0.8183278344488065,73.0,55.07,17.93,0.0
3552403,Sumaré,SP,0.8180602535198287,66.0,57.88,8.119999999999997,0.0
3503158,Arapeí,SP,0.8176137162898336,63.0,46.26,16.740000000000002,0.0
3546801,Santa Isabel,SP,0.8173933397349382,76.0,59.45,16.549999999999997,0.0
3553104,Taiaçu,SP,0.8170086029814849,73.0,70.71,2.2900000000000063,1.0
3538907,Pirajuí,SP,0.8170078957793829,66.0,40.14,25.86,0.0
2405009,Jaçanã,RN,0.8162411752223464,63.0,55.76,7.240000000000002,0.0
3543402,Ribeirão Preto,SP,0.8160870889130211,58.0,44.55,13.450000000000003,0.0
4313201,Nova Petrópolis,RS,0.8155186235968885,80.0,81.75,-1.75,1.0
4218608,Trombudo Central,SC,0.8154647392200559,74.0,45.48,28.520000000000003,0.0
4209300,Lages,SC,0.8150826680860485,64.0,48.35,15.649999999999999,0.0
3530607,Mogi das Cruzes,SP,0.8131261680626233,63.0,53.64,9.36,0.0
2604205,Catende,PE,0.8128662797114323,62.0,51.83,10.170000000000002,0.0
1100205,Porto Velho,RO,0.8124188560154298,72.0,61.86,10.14,0.0
4307005,Erechim,RS,0.8122431305395901,70.0,67.02,2.980000000000004,1.0
4303558,Camargo,RS,0.8113637215043574,80.0,76.94,3.0600000000000023,0.0
4203303,Campo Alegre,SC,0.8108682031931732,73.0,67.28,5.719999999999999,0.0
4323200,Victor Graeff,RS,0.8108372289626316,80.0,77.47,2.530000000000001,0.0
4308250,Floriano Peixoto,RS,0.8105924375849607,80.0,70.59,9.409999999999997,0.0
3101508,Além Paraíba,MG,0.8102525513579727,74.0,56.23,17.770000000000003,0.0
4205357,Flor do Sertão,SC,0.8096725925814833,80.0,78.3,1.7000000000000028,0.0
2303709,Caucaia,CE,0.8088219044101363,73.0,57.7,15.299999999999997,0.0
4312252,Minas do Leão,RS,0.8086504094207784,76.0,73.92,2.0799999999999983,0.0
3552908,Taciba,SP,0.8085937265067538,80.0,65.53,14.469999999999999,0.0
3110806,Campanário,MG,0.8083990689975012,70.0,45.99,24.009999999999998,0.0
4323457,Vila Nova do Sul,RS,0.8072686293635851,64.0,55.0,9.0,0.0
4309704,Humaitá,RS,0.8072401932058646,80.0,77.06,2.9399999999999977,0.0
1302405,Lábrea,AM,0.807231865700476,72.0,60.27,11.729999999999997,0.0
4321493,Toropi,RS,0.8070300820728943,80.0,91.3,-11.299999999999997,1.0
4216057,São Cristóvão do Sul,SC,0.8066619844844929,68.0,60.9,7.100000000000001,0.0
1502103,Cametá,PA,0.8065154549066456,59.0,42.25,16.75,0.0
4214409,Rio das Antas,SC,0.8062473343475041,68.0,43.19,24.810000000000002,
2305407,Icó,CE,0.8059494157671006,80.0,56.95,23.049999999999997,0.0
4212809,Balneário Piçarras,SC,0.8058461045958928,70.0,64.82,5.180000000000007,0.0
2513703,Santa Rita,PB,0.8055300090883475,59.0,44.78,14.219999999999999,0.0
3552502,Suzano,SP,0.8044211685525278,60.0,49.76,10.240000000000002,0.0
4214805,Rio do Sul,SC,0.804397089235872,68.0,52.87,15.130000000000003,0.0
4302352,Bom Princípio,RS,0.8040507110198136,77.0,75.7,1.2999999999999972,1.0
4200606,Águas Mornas,SC,0.8034899299203293,80.0,59.57,20.43,0.0
4304630,Capão da Canoa,RS,0.8032498821759113,51.0,40.68,10.32,0.0
4201109,Anitápolis,SC,0.8030453930727937,66.0,47.27,18.729999999999997,0.0
1717008,Pindorama do Tocantins,TO,0.8030140951132443,63.0,39.58,23.42,0.0
1304062,Tabatinga,AM,0.8027842708968619,60.0,44.55,15.450000000000003,0.0
3508603,Cachoeira Paulista,SP,0.8025506701788981,64.0,48.07,15.93,0.0
3119609,Coronel Pacheco,MG,0.8019408966271178,80.0,48.21,31.79,0.0
2509370,Mato Grosso,PB,0.8012576930734342,59.0,35.71,23.29,0.0
3517604,Guapiara,SP,0.7998665237047295,73.0,67.93,5.069999999999993,0.0
3502754,Araçariguama,SP,0.7986103937076311,65.0,47.38,17.619999999999997,0.0
4202909,Brusque,SC,0.7979588315894778,74.0,70.01,3.989999999999995,0.0
3513306,Cruzália,SP,0.7969120843536994,80.0,76.0,4.0,0.0
4300851,Arambaré,RS,0.7954651558503709,68.0,42.63,25.369999999999997,0.0
2401701,Bom Jesus,RN,0.795024590475552,57.0,36.94,20.060000000000002,0.0
4315552,Rio dos Índios,RS,0.7947831243075476,80.0,50.93,29.07,0.0
4218301,Três Barras,SC,0.7940224810614779,64.0,53.81,10.189999999999998,0.0
3154606,Ribeirão das Neves,MG,0.7934986841181639,67.0,57.77,9.229999999999997,0.0
3521150,Ipiguá,SP,0.7932040950961577,63.0,43.3,19.700000000000003,0.0
3302007,Itaguaí,RJ,0.7930913701368922,60.0,47.46,12.54,0.0
2206720,Nazária,PI,0.7928171263454616,79.0,59.78,19.22,0.0
4313706,Palmeira das Missões,RS,0.7920867715858412,64.0,52.89,11.11,0.0
4303806,Campinas do Sul,RS,0.7913526175625961,80.0,67.88,12.120000000000005,0.0
2401651,Bodó,RN,0.7908387662798427,72.0,59.88,12.119999999999997,0.0
4307559,Estação,RS,0.7899137895898224,76.0,75.26,0.7399999999999949,1.0
4305157,Cerro Grande,RS,0.7898876154911676,64.0,50.0,14.0,0.0
4202081,Bandeirante,SC,0.7897783314952619,75.0,70.9,4.099999999999994,0.0
2106904,Monção,MA,0.7887506778039497,65.0,50.29,14.71,0.0
2404507,Guamaré,RN,0.7883914085012594,57.0,35.56,21.439999999999998,0.0
2501906,Belém,PB,0.7872008888013534,68.0,57.08,10.920000000000002,0.0
3514502,Duartina,SP,0.7871435160862067,80.0,64.65,15.349999999999994,0.0
3544608,Sabino,SP,0.7870719005574802,67.0,55.28,11.719999999999999,0.0
4312054,Marques de Souza,RS,0.7870001468080499,78.0,78.33,-0.3299999999999983,1.0
4310504,Iraí,RS,0.7868370417964211,73.0,70.52,2.480000000000004,1.0
2601409,Barreiros,PE,0.7866244819235529,70.0,54.1,15.899999999999999,0.0
4205555,Frei Rogério,SC,0.7861441063020496,72.0,62.54,9.46,0.0
2805604,Porto da Folha,SE,0.7858062874159425,48.0,32.22,15.780000000000001,0.0
4202008,Balneário Camboriú,SC,0.785032879646637,70.0,53.66,16.340000000000003,0.0
3507902,Brotas,SP,0.7847865938467451,71.0,54.65,16.35,0.0
3504503,Avaré,SP,0.7847054640589719,68.0,55.99,12.009999999999998,0.0
3531902,Morro Agudo,SP,0.784588582345337,67.0,56.39,10.61,0.0
2803500,Lagarto,SE,0.7842924551118481,56.0,45.77,10.229999999999997,0.0
2409506,Pedra Grande,RN,0.7840130326035929,62.0,41.79,20.21,0.0
4305447,Chuvisca,RS,0.7835486044677429,75.0,68.93,6.069999999999993,0.0
1508159,Uruará,PA,0.7828416251599408,72.0,59.48,12.520000000000003,0.0
5003454,Deodápolis,MS,0.7824130184103242,80.0,57.42,22.58,0.0
3505708,Barueri,SP,0.7816762583002473,71.0,66.37,4.6299999999999955,0.0
4204202,Chapecó,SC,0.781494375359779,68.0,59.11,8.89,0.0
2412203,São José de Mipibu,RN,0.781342607022831,56.0,45.13,10.869999999999997,0.0
3525607,João Ramalho,SP,0.7811724880155069,80.0,65.73,14.269999999999996,0.0
3540705,Porto Ferreira,SP,0.7811289801858085,64.0,46.51,17.490000000000002,0.0
3128600,Guarda-Mor,MG,0.7797219002197174,79.0,68.44,10.560000000000002,0.0
3162450,São João das Missões,MG,0.7796673694737088,59.0,48.75,10.25,0.0
4302659,Brochier,RS,0.7794028444235305,72.0,66.62,5.3799999999999955,0.0
3520400,Ilhabela,SP,0.7778168103031637,61.0,52.12,8.880000000000003,0.0
4313490,Novo Barreiro,RS,0.7776251412975894,71.0,73.06,-2.0600000000000023,1.0
1704600,Chapada de Areia,TO,0.7771865910413116,64.0,60.87,3.1300000000000026,1.0
3516606,Gália,SP,0.7770468575180224,79.0,63.24,15.759999999999998,0.0
1504422,Marituba,PA,0.7761209683955257,68.0,61.39,6.609999999999999,0.0
2405108,Jandaíra,RN,0.7756617479703944,53.0,38.64,14.36,0.0
2108256,Pedro do Rosário,MA,0.7756515654894078,72.0,55.34,16.659999999999997,0.0
2110237,Santana do Maranhão,MA,0.775541275817335,80.0,78.97,1.0300000000000011,0.0
4302204,Boa Vista do Buricá,RS,0.7754083223278536,80.0,76.12,3.8799999999999955,0.0
2801504,Carmópolis,SE,0.7752466180667165,49.0,38.74,10.259999999999998,0.0
2804607,Nossa Senhora das Dores,SE,0.7752343027432665,55.0,32.89,22.11,0.0
3108255,Bonito de Minas,MG,0.7748578703366968,72.0,66.21,5.790000000000006,0.0
3537008,Pedregulho,SP,0.7747855312121334,70.0,60.02,9.979999999999997,0.0
4220000,Balneário Rincão,SC,0.7742130095341351,65.0,59.35,5.649999999999999,0.0
2107001,Montes Altos,MA,0.7739184974618942,75.0,56.23,18.770000000000003,0.0
3553906,Tarabai,SP,0.7733441494119875,79.0,60.51,18.490000000000002,0.0
2104677,Governador Nunes Freire,MA,0.7730884415484346,78.0,64.53,13.469999999999999,0.0
2506103,Fagundes,PB,0.7727254503480315,70.0,61.76,8.240000000000002,0.0
3509601,Campo Limpo Paulista,SP,0.7723964410093032,64.0,55.97,8.030000000000001,0.0
4308904,Getúlio Vargas,RS,0.7720859796221875,76.0,80.47,-4.469999999999999,1.0
3505609,Barrinha,SP,0.7719955516358135,67.0,51.58,15.420000000000002,0.0
3553856,Taquarivaí,SP,0.7719223426097455,71.0,61.17,9.829999999999998,0.0
3532009,Morungaba,SP,0.7719211220444379,63.0,55.02,7.979999999999997,0.0
4218707,Tubarão,SC,0.7711280801727525,75.0,65.65,9.349999999999994,0.0
4200101,Abelardo Luz,SC,0.7706267217469523,72.0,67.19,4.810000000000002,0.0
4312955,Nova Boa Vista,RS,0.7703842486768459,80.0,60.0,20.0,0.0
4304655,Capão do Cipó,RS,0.7699407758370602,80.0,71.43,8.569999999999993,0.0
4311601,Liberato Salzano,RS,0.7697735597001294,76.0,61.82,14.18,0.0
4321626,Travesseiro,RS,0.7692183917282662,80.0,75.86,4.140000000000001,0.0
4214607,Rio do Oeste,SC,0.7685602557942521,80.0,65.33,14.670000000000002,0.0
4306767,Eldorado do Sul,RS,0.7680784628155579,54.0,28.87,25.13,
4308433,Forquetinha,RS,0.7679139952158136,70.0,60.84,9.159999999999997,0.0
4208104,Itaiópolis,SC,0.7677676689780022,72.0,68.01,3.989999999999995,0.0
4300901,Aratiba,RS,0.7674240150315585,80.0,85.62,-5.6200000000000045,1.0
1301902,Itacoatiara,AM,0.7672097643444907,62.0,47.12,14.880000000000003,0.0
4211900,Palhoça,SC,0.7671901960146068,63.0,50.89,12.11,
3515707,Ferraz de Vasconcelos,SP,0.7670168459019368,66.0,60.99,5.009999999999998,0.0
1303957,São Sebastião do Uatumã,AM,0.7668353091487036,65.0,61.82,3.1799999999999997,1.0
3103603,Arantina,MG,0.7667062383928241,77.0,46.88,30.119999999999997,0.0
4209805,Leoberto Leal,SC,0.7665701885100893,77.0,75.74,1.2600000000000051,0.0
4209904,Lontras,SC,0.7662871037395655,69.0,60.98,8.020000000000003,0.0
1501709,Bragança,PA,0.7654363260153441,61.0,52.97,8.030000000000001,0.0
3540200,Pontal,SP,0.765339059596865,70.0,53.9,16.1,0.0
3556503,Várzea Paulista,SP,0.7645065423660117,64.0,55.24,8.759999999999998,0.0
3519501,Ibirarema,SP,0.7628288506389322,80.0,68.58,11.420000000000002,0.0
3524402,Jacareí,SP,0.7626196395655558,62.0,56.01,5.990000000000002,0.0
2414159,Tenente Laurentino Cruz,RN,0.7625740291926232,62.0,55.11,6.890000000000001,0.0
3525300,Jaú,SP,0.7619518648919814,69.0,61.84,7.159999999999997,0.0
4210050,Macieira,SC,0.7609571807575486,80.0,85.36,-5.359999999999999,1.0
1500859,Anapu,PA,0.7608889113128356,64.0,40.1,23.9,0.0
2600708,Aliança,PE,0.7604630973557167,67.0,50.89,16.11,0.0
4314456,Pinhal,RS,0.7595601518113722,68.0,71.43,-3.430000000000007,1.0
3305703,Sumidouro,RJ,0.7590148024927523,77.0,58.73,18.270000000000003,0.0
3531803,Monte Mor,SP,0.7587361930646608,64.0,52.73,11.270000000000003,0.0
4309126,Gramado dos Loureiros,RS,0.7580474933676093,53.0,31.25,21.75,0.0
3530300,Mirassol,SP,0.7576103637893729,73.0,69.07,3.930000000000007,0.0
4309555,Harmonia,RS,0.7574196792252037,80.0,76.47,3.530000000000001,0.0
2510907,Paulista,PB,0.7569432323412547,70.0,52.36,17.64,0.0
3301801,Engenheiro Paulo de Frontin,RJ,0.7566759248830386,71.0,47.87,23.130000000000003,0.0
2406502,Lagoa Nova,RN,0.7564293653897851,56.0,47.57,8.43,0.0
1505064,Novo Repartimento,PA,0.7561896766613221,67.0,59.69,7.310000000000002,0.0
3519006,Herculândia,SP,0.7560038134411935,80.0,50.17,29.83,0.0
1721109,Tocantínia,TO,0.7559325200616135,61.0,51.98,9.020000000000003,0.0
1505536,Parauapebas,PA,0.7546595416931297,67.0,58.52,8.479999999999997,0.0
3506003,Bauru,SP,0.7531010546294716,61.0,45.99,15.009999999999998,0.0
3507506,Botucatu,SP,0.7528922397840172,69.0,58.96,10.04,0.0
2608008,Jataúba,PE,0.7528778293345693,65.0,57.33,7.670000000000002,0.0
2407906,Monte das Gameleiras,RN,0.7526659275866291,55.0,42.18,12.82,0.0
3548500,Santos,SP,0.7521693247740078,67.0,52.05,14.950000000000003,0.0
3514106,Dois Córregos,SP,0.7521204558804421,70.0,58.92,11.079999999999998,0.0
4202107,Barra Velha,SC,0.7512947803007599,63.0,50.93,12.07,0.0
3556800,Viradouro,SP,0.7509647010023262,71.0,65.04,5.959999999999994,0.0
1300631,Beruri,AM,0.7505608693502696,80.0,79.28,0.7199999999999989,
1500701,Anajás,PA,0.7503158179290497,51.0,36.19,14.810000000000002,0.0
3551504,Serrana,SP,0.7502851281774043,62.0,49.46,12.54,0.0
2106508,Matinha,MA,0.7501456906646422,72.0,59.1,12.899999999999999,0.0
3512902,Cosmorama,SP,0.749600062765687,80.0,77.3,2.700000000000003,0.0
3549953,São Lourenço da Serra,SP,0.7483407401525171,70.0,65.99,4.010000000000005,0.0
4202305,Biguaçu,SC,0.7476754222399546,58.0,41.81,16.189999999999998,0.0
3510302,Capela do Alto,SP,0.7471798769500662,63.0,51.28,11.719999999999999,0.0
1501303,Barcarena,PA,0.7462665789058389,63.0,51.15,11.850000000000001,0.0
1708205,Formoso do Araguaia,TO,0.7460854918004862,71.0,68.1,2.9000000000000057,0.0
4211058,Monte Carlo,SC,0.7458383996453868,71.0,73.15,-2.1500000000000057,1.0
3302403,Macaé,RJ,0.74570398321596,69.0,63.52,5.479999999999997,0.0
1301308,Codajás,AM,0.7455935909267103,61.0,47.45,13.549999999999997,0.0
2802106,Estância,SE,0.7455589871096062,55.0,45.2,9.799999999999997,0.0
3509908,Cananéia,SP,0.7455528656919593,72.0,66.17,5.829999999999998,0.0
3142908,Monte Azul,MG,0.7450378622795122,80.0,66.67,13.329999999999998,0.0
2805802,Riachão do Dantas,SE,0.744298005188488,58.0,49.07,8.93,0.0
3531308,Monte Alto,SP,0.7428875432349118,73.0,60.69,12.310000000000002,0.0
4314134,Paulo Bento,RS,0.7428270441821041,71.0,65.22,5.780000000000001,0.0
2511707,Pilõezinhos,PB,0.7428031143613002,80.0,75.75,4.25,0.0
3535606,Paraibuna,SP,0.7427352999618293,71.0,66.44,4.560000000000002,0.0
3107802,Bom Jesus do Galho,MG,0.7426879277912213,80.0,55.48,24.520000000000003,0.0
3511409,Cerqueira César,SP,0.7424250066938473,61.0,48.95,12.049999999999997,0.0
4203808,Canoinhas,SC,0.7418041609341417,77.0,71.91,5.090000000000003,0.0
2807006,São Miguel do Aleixo,SE,0.7417317539584797,58.0,15.74,42.26,0.0
4309506,Guarani das Missões,RS,0.7416638303720628,75.0,66.86,8.14,0.0
3304557,Rio de Janeiro,RJ,0.7415725191757037,68.0,67.98,0.01999999999999602,1.0
3550605,São Roque,SP,0.7415273127314213,66.0,54.68,11.32,0.0
4213351,Ponte Alta do Norte,SC,0.7411921130300959,72.0,65.2,6.799999999999997,0.0
4317756,Santo Antônio do Planalto,RS,0.7409400467581423,78.0,64.29,13.709999999999994,0.0
4200200,Agrolândia,SC,0.740419201237313,80.0,75.75,4.25,0.0
4211892,Painel,SC,0.7399121484629807,80.0,75.0,5.0,0.0
1506195,Rurópolis,PA,0.739655337485928,69.0,62.55,6.450000000000003,0.0
1301001,Carauari,AM,0.7396516754013147,63.0,52.01,10.990000000000002,0.0
3301850,Guapimirim,RJ,0.7393934292710962,65.0,58.88,6.119999999999997,0.0
4208906,Jaraguá do Sul,SC,0.7384510092912875,76.0,71.79,4.209999999999994,0.0
1504208,Marabá,PA,0.7382009876252573,65.0,55.75,9.25,0.0
3507407,Borborema,SP,0.7380784528742941,80.0,78.25,1.75,0.0
4204905,Descanso,SC,0.7380009178848546,80.0,73.19,6.810000000000002,0.0
3547700,Santo Anastácio,SP,0.7379102587774912,80.0,70.14,9.86,0.0
3511300,Cedral,SP,0.7378748431958937,76.0,63.33,12.670000000000002,0.0
3305752,Tanguá,RJ,0.7378288268001422,67.0,61.19,5.810000000000002,0.0
3507159,Bom Sucesso de Itararé,SP,0.7375991578384189,68.0,62.72,5.280000000000001,0.0
4205902,Gaspar,SC,0.7374695974676768,71.0,64.46,6.540000000000006,0.0
3548708,São Bernardo do Campo,SP,0.736756242009097,67.0,64.54,2.4599999999999937,1.0
3545308,Salto de Pirapora,SP,0.7367224767982221,61.0,51.57,9.43,0.0
3503109,Arandu,SP,0.7366837114709958,67.0,49.95,17.049999999999997,0.0
3544004,Rio das Pedras,SP,0.7362144950283039,72.0,66.43,5.569999999999993,0.0
2403509,Espírito Santo,RN,0.735912619791405,60.0,48.11,11.89,0.0
3303807,Paraty,RJ,0.7358019662862456,65.0,55.19,9.810000000000002,0.0
5004502,Itaporã,MS,0.7354523780016272,74.0,53.55,20.450000000000003,0.0
3300100,Angra dos Reis,RJ,0.7353592780912455,68.0,63.87,4.130000000000003,0.0
4205407,Florianópolis,SC,0.73528396673664,70.0,62.6,7.399999999999999,
3540853,Pracinha,SP,0.7345467789653017,80.0,52.38,27.619999999999997,0.0
4316477,Salvador das Missões,RS,0.7342820356093693,80.0,90.91,-10.909999999999997,1.0
4213500,Porto Belo,SC,0.7342158539655361,68.0,56.11,11.89,0.0
1504802,Monte Alegre,PA,0.7334460390072485,66.0,59.55,6.450000000000003,0.0
3515152,Engenheiro Coelho,SP,0.7331768699539913,66.0,59.53,6.469999999999999,0.0
4306759,Doutor Ricardo,RS,0.7330629062840746,80.0,57.89,22.11,0.0
4304697,Capitão,RS,0.7326551547411118,80.0,82.52,-2.519999999999996,1.0
4217006,São Ludgero,SC,0.732319178479059,73.0,61.51,11.490000000000002,0.0
3144359,Naque,MG,0.73155124493177,80.0,69.01,10.989999999999995,0.0
4301206,Arroio do Tigre,RS,0.7309728412206964,80.0,83.79,-3.7900000000000063,1.0
2601102,Araripina,PE,0.7304207340253691,68.0,52.69,15.310000000000002,0.0
1721000,Palmas,TO,0.730163288514468,69.0,57.78,11.219999999999999,0.0
4312674,Nicolau Vergueiro,RS,0.7297732774395539,76.0,72.22,3.780000000000001,0.0
3511607,Cesário Lange,SP,0.7297662030349563,67.0,60.71,6.289999999999999,0.0
4200507,Águas de Chapecó,SC,0.7297504703663904,76.0,58.5,17.5,0.0
2506806,Ingá,PB,0.7287882234451396,68.0,57.58,10.420000000000002,0.0
4306130,Cruzaltense,RS,0.728786774549534,79.0,66.67,12.329999999999998,0.0
4215455,Sangão,SC,0.7285352497142267,74.0,65.95,8.049999999999997,0.0
4310306,Ilópolis,RS,0.7284578488146765,80.0,100.0,-20.0,1.0
1502301,Capitão Poço,PA,0.7284253176029437,65.0,55.47,9.530000000000001,0.0
3509254,Cajati,SP,0.7269735210596178,69.0,58.75,10.25,0.0
4300059,Água Santa,RS,0.7266326646153949,72.0,44.5,27.5,0.0
3554003,Tatuí,SP,0.7263289397501562,65.0,58.2,6.799999999999997,0.0
4206652,Guatambú,SC,0.7262201769098732,61.0,51.61,9.39,0.0
4212304,Paulo Lopes,SC,0.7259349473327463,71.0,75.03,-4.030000000000001,1.0
4205159,Doutor Pedrinho,SC,0.7258050175652313,79.0,67.73,11.269999999999996,0.0
4218251,Timbó Grande,SC,0.7255508799120871,68.0,61.51,6.490000000000002,0.0
2504801,Coremas,PB,0.725389170862681,73.0,65.29,7.709999999999994,0.0
3537602,Peruíbe,SP,0.7245286049756305,59.0,46.63,12.369999999999997,0.0
1303403,Parintins,AM,0.7231471312196441,65.0,58.52,6.479999999999997,0.0
2612703,Santa Maria do Cambucá,PE,0.7224734118641916,80.0,78.0,2.0,0.0
2200905,Aroazes,PI,0.7220647384669214,68.0,63.93,4.07,0.0
1506807,Santarém,PA,0.7217902561625353,67.0,58.96,8.04,0.0
2927408,Salvador,BA,0.7211795138926074,58.0,50.32,7.68,0.0
3548906,São Carlos,SP,0.7210844634109568,65.0,59.36,5.640000000000001,0.0
3515657,Fernão,SP,0.721036344639046,80.0,80.95,-0.9500000000000028,1.0
4304309,Cândido Godói,RS,0.7210133734637676,78.0,88.24,-10.239999999999995,1.0
2400208,Açu,RN,0.7206906569506998,60.0,50.2,9.799999999999997,0.0
4209607,Lauro Müller,SC,0.7201167770867306,71.0,55.52,15.479999999999997,0.0
1500206,Acará,PA,0.719238888534782,58.0,46.97,11.030000000000001,0.0
3162807,São João Evangelista,MG,0.7186535621811889,80.0,75.5,4.5,0.0
2516003,Solânea,PB,0.7185599205301643,79.0,83.17,-4.170000000000002,1.0
3128303,Guaranésia,MG,0.7180334369991959,77.0,59.72,17.28,0.0
2404903,Itaú,RN,0.7179300797651332,66.0,58.04,7.960000000000001,0.0
4209177,Jupiá,SC,0.7176020965623543,80.0,74.65,5.349999999999994,0.0
1302702,Manicoré,AM,0.7175196772138157,65.0,57.02,7.979999999999997,0.0
3515004,Embu das Artes,SP,0.7173868392233531,54.0,47.41,6.590000000000003,1.0
4202453,Bombinhas,SC,0.7172720859300903,70.0,56.29,13.71,0.0
4303707,Campina das Missões,RS,0.7167786264368589,80.0,89.23,-9.230000000000004,1.0
3306206,Vassouras,RJ,0.7167610713327184,72.0,62.92,9.079999999999998,0.0
2600054,Abreu e Lima,PE,0.7167350714156309,63.0,49.26,13.740000000000002,0.0
3547601,Santa Rosa de Viterbo,SP,0.7166095397480055,77.0,63.39,13.61,0.0
1301803,Ipixuna,AM,0.7162827083588772,70.0,64.42,5.579999999999998,0.0
2405306,Januário Cicco,RN,0.7161387307691032,62.0,50.17,11.829999999999998,0.0
2402600,Ceará-Mirim,RN,0.7160119605737667,49.0,32.25,16.75,0.0
3170008,Ubaí,MG,0.7158322219600184,75.0,62.96,12.04,0.0
2915700,Itamari,BA,0.7158003489124698,69.0,50.91,18.090000000000003,0.0
2107100,Morros,MA,0.7155847315576616,80.0,79.19,0.8100000000000023,0.0
2509404,Mogeiro,PB,0.7146917925073398,76.0,65.81,10.189999999999998,0.0
4315503,Restinga Sêca,RS,0.7141511544447945,62.0,66.84,-4.840000000000003,1.0
2106805,Mirinzal,MA,0.7133604296062199,80.0,57.0,23.0,0.0
3526209,Juquitiba,SP,0.7128843429358301,70.0,71.26,-1.2600000000000051,1.0
4202404,Blumenau,SC,0.7125171310968033,72.0,65.17,6.829999999999998,0.0
3533601,Nuporanga,SP,0.711675519395312,74.0,63.78,10.219999999999999,0.0
2609600,Olinda,PE,0.7111924615934296,69.0,61.61,7.390000000000001,0.0
3111408,Campo Florido,MG,0.7107464443922511,78.0,56.14,21.86,0.0
4315149,Presidente Lucena,RS,0.7103474480091156,80.0,83.54,-3.5400000000000063,1.0
1710706,Itaguatins,TO,0.7094404701492523,54.0,43.34,10.659999999999997,0.0
3513801,Diadema,SP,0.7093458415166514,59.0,57.22,1.7800000000000011,1.0
3521002,Iperó,SP,0.7092907596839049,59.0,44.98,14.020000000000003,0.0
2106326,Maracaçumé,MA,0.7088397627685525,69.0,56.25,12.75,0.0
2107308,Nova Iorque,MA,0.7083955800441368,79.0,68.15,10.849999999999994,0.0
2603454,Camaragibe,PE,0.7079661978389014,69.0,61.82,7.18,0.0
1719004,Santa Tereza do Tocantins,TO,0.7077577285448602,63.0,51.46,11.54,0.0
3503505,Areias,SP,0.7073785175103533,69.0,49.41,19.590000000000003,0.0
3305554,Seropédica,RJ,0.707268271911405,63.0,44.68,18.32,0.0
2609402,Moreno,PE,0.7064559092580608,66.0,52.46,13.54,0.0
3536208,Pariquera-Açu,SP,0.7062817215701094,72.0,65.66,6.340000000000003,0.0
3522604,Itapira,SP,0.706158156470091,70.0,66.32,3.680000000000007,0.0
2111789,Serrano do Maranhão,MA,0.706026540876485,74.0,52.44,21.560000000000002,0.0
4218004,Tijucas,SC,0.7060185921707338,61.0,48.93,12.07,0.0
1503077,Garrafão do Norte,PA,0.7059559740693775,58.0,50.19,7.810000000000002,0.0
3519600,Ibitinga,SP,0.7057725101432257,64.0,57.53,6.469999999999999,0.0
2602902,Cabo de Santo Agostinho,PE,0.7053496434859134,67.0,52.07,14.93,0.0
3508306,Cabrália Paulista,SP,0.7048033120125983,80.0,69.83,10.170000000000002,0.0
1600154,Pedra Branca do Amapari,AP,0.7045772426982255,73.0,68.29,4.709999999999994,0.0
2410009,Pilões,RN,0.7041174413638914,72.0,63.16,8.840000000000003,0.0
4203600,Campos Novos,SC,0.7041081293141307,72.0,66.34,5.659999999999997,0.0
4210803,Meleiro,SC,0.7033171276237333,67.0,53.59,13.409999999999997,0.0
3503307,Araras,SP,0.7033042355628502,69.0,60.85,8.149999999999999,0.0
3554953,Tuiuti,SP,0.7024481728135006,72.0,55.97,16.03,0.0
3553807,Taquarituba,SP,0.7023910328818117,66.0,57.14,8.86,0.0
3142809,Monte Alegre de Minas,MG,0.7022396828628727,77.0,66.47,10.530000000000001,0.0
4322343,Ubiretama,RS,0.702212683708979,80.0,84.62,-4.6200000000000045,1.0
3526407,Laranjal Paulista,SP,0.7016102479870282,67.0,49.97,17.03,0.0
1500107,Abaetetuba,PA,0.7012526575442452,59.0,47.11,11.89,0.0
4217758,Sul Brasil,SC,0.7007216837082082,78.0,57.58,20.42,0.0
2607208,Ipojuca,PE,0.7005424826529933,74.0,59.66,14.340000000000003,0.0
2614105,Sertânia,PE,0.7003389884062489,69.0,43.08,25.92,0.0
2507903,Juripiranga,PB,0.7003115595624221,65.0,49.89,15.11,0.0
4300034,Aceguá,RS,0.6996680216667879,75.0,82.33,-7.329999999999998,1.0
2401800,Brejinho,RN,0.6996013718059335,65.0,54.63,10.369999999999997,
3540606,Porto Feliz,SP,0.6992217509836716,77.0,73.26,3.739999999999995,0.0
2414506,Umarizal,RN,0.698985694181226,80.0,72.89,7.109999999999999,
3556602,Vera Cruz,SP,0.6982242359949608,71.0,57.95,13.049999999999997,0.0
1302306,Jutaí,AM,0.6978710628022987,57.0,54.12,2.8800000000000026,1.0
3544905,Sales Oliveira,SP,0.6977435461555983,69.0,61.21,7.789999999999999,0.0
2305266,Ibaretama,CE,0.6975776863963313,75.0,71.9,3.0999999999999943,0.0
3154309,Resplendor,MG,0.696901100095901,75.0,71.38,3.6200000000000045,0.0
3525201,Jarinu,SP,0.6968592181745703,64.0,54.26,9.740000000000002,0.0
3527702,Luiziânia,SP,0.6967502845237015,67.0,53.26,13.740000000000002,0.0
3539202,Pirapozinho,SP,0.6964653187706379,77.0,69.46,7.540000000000006,0.0
3530409,Mirassolândia,SP,0.6961571164060087,69.0,54.93,14.07,0.0
3554904,Três Fronteiras,SP,0.6949785714867982,80.0,72.32,7.680000000000007,0.0
3137106,Lagamar,MG,0.6944354572833624,80.0,72.04,7.959999999999994,0.0
3522307,Itapetininga,SP,0.6943044973954651,60.0,52.36,7.640000000000001,0.0
3517901,Guaraci,SP,0.693879259444748,77.0,74.7,2.299999999999997,0.0
2409308,Patu,RN,0.6936442781232686,54.0,46.28,7.719999999999999,0.0
4202800,Braço do Norte,SC,0.6936199003367095,70.0,63.36,6.640000000000001,0.0
3514304,Dourado,SP,0.6935908157215517,75.0,59.92,15.079999999999998,0.0
3140852,Matias Cardoso,MG,0.6926874330644184,58.0,40.14,17.86,0.0
1505304,Oriximiná,PA,0.6924895465845473,56.0,41.99,14.009999999999998,0.0
3143500,Morada Nova de Minas,MG,0.6924352509073286,80.0,68.34,11.659999999999997,0.0
2400109,Acari,RN,0.6920564164616618,61.0,54.07,6.93,0.0
3534807,Ouro Verde,SP,0.6919106173898871,80.0,76.75,3.25,0.0
1503101,Gurupá,PA,0.691711047681203,64.0,49.05,14.950000000000003,
4313037,Nova Esperança do Sul,RS,0.6909256715741907,80.0,78.26,1.7399999999999949,0.0
2106607,Matões,MA,0.690862464151159,76.0,76.3,-0.29999999999999716,1.0
4300505,Alpestre,RS,0.6907604536294187,77.0,78.99,-1.9899999999999949,1.0
2104552,Governador Edison Lobão,MA,0.689928400288424,80.0,67.49,12.510000000000005,0.0
3554102,Taubaté,SP,0.6891910073174712,61.0,53.82,7.18,0.0
3503604,Areiópolis,SP,0.6883713227195585,76.0,72.13,3.8700000000000045,0.0
1712702,Mateiros,TO,0.6881602560882136,51.0,33.33,17.67,0.0
3118403,Conselheiro Pena,MG,0.6880254162130486,73.0,60.08,12.920000000000002,0.0
1718204,Porto Nacional,TO,0.6878588825224318,68.0,58.64,9.36,0.0
3306107,Valença,RJ,0.6876710773878602,69.0,64.33,4.670000000000002,0.0
2801009,Campo do Brito,SE,0.6873037783308844,58.0,39.6,18.4,0.0
4207106,Ilhota,SC,0.6871782699377285,67.0,55.94,11.060000000000002,0.0
2410306,Serra Caiada,RN,0.6867509794469808,52.0,37.01,14.990000000000002,0.0
4305850,Coqueiros do Sul,RS,0.6860632833307252,80.0,88.24,-8.239999999999995,1.0
3543907,Rio Claro,SP,0.685564905994037,65.0,56.64,8.36,0.0
4318424,São João da Urtiga,RS,0.6855001995961056,78.0,75.88,2.1200000000000045,0.0
1503606,Itaituba,PA,0.6851236575717782,70.0,65.85,4.150000000000006,0.0
3500709,Agudos,SP,0.6846018439129966,68.0,52.31,15.689999999999998,0.0
2600906,Amaraji,PE,0.6833077529712961,74.0,67.39,6.609999999999999,0.0
4201000,Anita Garibaldi,SC,0.6832698825145289,73.0,65.46,7.540000000000006,0.0
1503093,Goianésia do Pará,PA,0.6831837947727482,62.0,53.86,8.14,0.0
2608206,Joaquim Nabuco,PE,0.6817459843803111,64.0,50.01,13.990000000000002,0.0
3301108,Cantagalo,RJ,0.681663660485069,67.0,58.64,8.36,0.0
3302809,Mendes,RJ,0.6815204827701966,69.0,64.27,4.730000000000004,0.0
3518404,Guaratinguetá,SP,0.6805710625575597,68.0,61.81,6.189999999999998,0.0
2606200,Goiana,PE,0.680279269399411,66.0,46.2,19.799999999999997,0.0
1507706,São Sebastião da Boa Vista,PA,0.6788275569455781,63.0,47.12,15.880000000000003,0.0
4320263,Segredo,RS,0.6780118976430787,77.0,75.0,2.0,0.0
1502806,Curralinho,PA,0.6771735354968551,49.0,35.12,13.880000000000003,0.0
1507151,São Domingos do Araguaia,PA,0.6770085901228153,62.0,50.43,11.57,0.0
3120870,Curral de Dentro,MG,0.6763775117127576,80.0,63.84,16.159999999999997,0.0
3556305,Valparaíso,SP,0.6754469721174223,72.0,56.41,15.590000000000003,0.0
1502954,Eldorado do Carajás,PA,0.6747812386841161,66.0,51.95,14.049999999999997,0.0
4300208,Ajuricaba,RS,0.6739179490382852,80.0,74.29,5.709999999999994,0.0
3556453,Vargem Grande Paulista,SP,0.6732725145460514,68.0,60.01,7.990000000000002,0.0
3503208,Araraquara,SP,0.6731247456373631,67.0,52.2,14.799999999999997,0.0
3141504,Mendes Pimentel,MG,0.673073276450243,80.0,73.78,6.219999999999999,0.0
3506359,Bertioga,SP,0.6727077017510067,67.0,58.95,8.049999999999997,0.0
1703107,Barrolândia,TO,0.6726263267752688,69.0,60.63,8.369999999999997,0.0
4216206,São Francisco do Sul,SC,0.6720795140699019,62.0,53.31,8.689999999999998,0.0
1500404,Alenquer,PA,0.6716765986112125,57.0,42.33,14.670000000000002,0.0
3537305,Penápolis,SP,0.6713922052964898,70.0,63.04,6.960000000000001,0.0
3549904,São José dos Campos,SP,0.6710279658809176,68.0,68.35,-0.3499999999999943,1.0
4318606,São José do Ouro,RS,0.6709090786588465,71.0,70.67,0.3299999999999983,1.0
3540507,Porangaba,SP,0.6704042454350023,75.0,68.58,6.420000000000002,0.0
4313805,Palmitinho,RS,0.6703928223687767,80.0,88.21,-8.209999999999994,1.0
2602605,Brejo da Madre de Deus,PE,0.6701474451980838,66.0,59.7,6.299999999999997,0.0
2409209,Passagem,RN,0.6698889367200955,63.0,47.25,15.75,0.0
3556354,Vargem,SP,0.6698299493335167,77.0,72.78,4.219999999999999,0.0
4315313,Quatro Irmãos,RS,0.6696079586909405,66.0,62.5,3.5,1.0
4211702,Orleans,SC,0.6691650717706961,72.0,64.69,7.310000000000002,0.0
3129103,Gurinhatã,MG,0.668993827763281,78.0,19.05,58.95,0.0
1300680,Boa Vista do Ramos,AM,0.6688823889400173,50.0,23.83,26.17,0.0
3155900,Rio Preto,MG,0.668123442247117,75.0,65.48,9.519999999999996,0.0
4202875,Brunópolis,SC,0.6678477178519396,73.0,58.33,14.670000000000002,0.0
3300209,Araruama,RJ,0.667539931951306,65.0,56.97,8.030000000000001,0.0
4310439,Ipê,RS,0.6675056352160322,80.0,89.36,-9.36,1.0
1500602,Altamira,PA,0.6674477457389141,63.0,49.62,13.380000000000003,0.0
2612505,Santa Cruz do Capibaribe,PE,0.6668483193390491,66.0,57.61,8.39,0.0
1200344,Manoel Urbano,AC,0.6668233609345844,69.0,60.42,8.579999999999998,0.0
4316972,Santa Margarida do Sul,RS,0.6666672387567409,60.0,58.11,1.8900000000000006,1.0
2609907,Ouricuri,PE,0.6666402211226929,57.0,44.75,12.25,0.0
2109403,Primeira Cruz,MA,0.6660021945059065,78.0,72.69,5.310000000000002,0.0
4219853,Zortéa,SC,0.6658345830312473,72.0,63.38,8.619999999999997,0.0
3524006,Itupeva,SP,0.6656328108684268,62.0,49.71,12.29,0.0
2414902,Viçosa,RN,0.6652802739215435,69.0,60.87,8.130000000000003,0.0
3535101,Palmares Paulista,SP,0.6650833927272759,80.0,75.22,4.780000000000001,0.0
2509008,Manaíra,PB,0.6645808060486675,80.0,87.54,-7.540000000000006,1.0
4323408,Vila Maria,RS,0.6644884439662035,80.0,76.67,3.3299999999999983,0.0
2201919,Bom Princípio do Piauí,PI,0.663855086278452,80.0,53.97,26.03,0.0
4216404,São João do Sul,SC,0.6631025347025822,78.0,69.02,8.980000000000004,0.0
3509205,Cajamar,SP,0.662663208469759,65.0,62.86,2.1400000000000006,1.0
3545407,Salto Grande,SP,0.6625894960594715,70.0,69.03,0.9699999999999989,1.0
4212908,Pinhalzinho,SC,0.6617063739301682,79.0,65.41,13.590000000000003,0.0
3129657,Ibiracatu,MG,0.6610913379931437,72.0,73.17,-1.1700000000000017,1.0
4209508,Laurentino,SC,0.6606506095222612,72.0,67.24,4.760000000000005,0.0
4204251,Cocal do Sul,SC,0.6602267677825121,73.0,67.13,5.8700000000000045,0.0
2409803,Pedro Velho,RN,0.6599163859366808,42.0,23.16,18.84,0.0
3532058,Motuca,SP,0.6588197676238317,80.0,70.59,9.409999999999997,0.0
1720499,São Valério,TO,0.6586110870378907,72.0,65.52,6.480000000000004,0.0
1507508,São João do Araguaia,PA,0.6583881342627904,55.0,42.95,12.049999999999997,0.0
2401859,Caiçara do Norte,RN,0.6570522571746386,54.0,48.81,5.189999999999998,1.0
3518503,Guareí,SP,0.6567775315752118,71.0,58.82,12.18,0.0
2309904,Pacujá,CE,0.6555409631531401,,98.5,,
2504900,Cruz do Espírito Santo,PB,0.6553296901143506,68.0,62.89,5.109999999999999,0.0
3512407,Cordeirópolis,SP,0.6545001562820494,77.0,65.74,11.260000000000005,0.0
2202505,Caracol,PI,0.6538152911666992,70.0,59.61,10.39,0.0
3526803,Lençóis Paulista,SP,0.6533512760353296,70.0,62.15,7.850000000000001,0.0
4311643,Linha Nova,RS,0.6531202347485532,80.0,90.91,-10.909999999999997,1.0
2307106,Jardim,CE,0.6530730264221011,79.0,69.26,9.739999999999995,0.0
2511301,Piancó,PB,0.6530223756131508,64.0,45.52,18.479999999999997,0.0
4212205,Papanduva,SC,0.6526331658673765,75.0,75.52,-0.519999999999996,1.0
1504703,Moju,PA,0.6523194220847832,54.0,45.42,8.579999999999998,0.0
2801306,Capela,SE,0.6522535410330514,55.0,41.44,13.560000000000002,0.0
3521200,Iporanga,SP,0.6516156891831997,66.0,40.9,25.1,0.0
3536109,Pardinho,SP,0.6515664869957711,68.0,55.74,12.259999999999998,0.0
2411106,Ruy Barbosa,RN,0.6515447646651196,69.0,70.37,-1.3700000000000045,1.0
3162609,São João do Oriente,MG,0.651380904892509,80.0,78.1,1.9000000000000057,0.0
4302220,Boa Vista do Cadeado,RS,0.6510504107243271,75.0,66.39,8.61,0.0
2307700,Maranguape,CE,0.6509009341352705,80.0,77.54,2.4599999999999937,0.0
4205704,Garopaba,SC,0.6504807439274046,75.0,70.66,4.340000000000003,0.0
3143609,Morro da Garça,MG,0.6498189862160699,80.0,70.24,9.760000000000005,0.0
4209854,Lindóia do Sul,SC,0.6490871817834649,80.0,63.44,16.560000000000002,0.0
3300308,Barra do Piraí,RJ,0.6485107167832622,62.0,54.25,7.75,0.0
3120839,Cuparaque,MG,0.6461125280336193,80.0,67.85,12.150000000000006,0.0
1503309,Igarapé-Miri,PA,0.6460265778699182,57.0,47.05,9.950000000000003,0.0
3516507,Gabriel Monteiro,SP,0.6459731157968455,80.0,60.0,20.0,0.0
4313391,Novo Cabrais,RS,0.6458966460039737,80.0,77.87,2.1299999999999955,0.0
2209757,São Gonçalo do Gurguéia,PI,0.6458798735906026,78.0,64.57,13.430000000000007,0.0
3134707,Jacinto,MG,0.6447767664287505,62.0,25.78,36.22,0.0
4306072,Cristal do Sul,RS,0.6445376240785898,54.0,28.57,25.43,
3543303,Ribeirão Pires,SP,0.6438588059336026,72.0,70.3,1.7000000000000028,1.0
2205201,Jaicós,PI,0.6433558188977433,79.0,77.21,1.7900000000000063,0.0
4317806,Santo Augusto,RS,0.6432315800156305,79.0,81.34,-2.3400000000000034,1.0
1503705,Itupiranga,PA,0.6432174546655289,60.0,54.31,5.689999999999998,0.0
3303609,Paracambi,RJ,0.6417095261394441,72.0,65.14,6.859999999999999,0.0
4219705,Xaxim,SC,0.641449076654711,73.0,69.9,3.0999999999999943,0.0
2606408,Gravatá,PE,0.6410469099429622,60.0,41.59,18.409999999999997,0.0
1503804,Jacundá,PA,0.6406098132838816,59.0,47.09,11.909999999999997,0.0
2412708,São Pedro,RN,0.6384905229350981,55.0,32.72,22.28,
2100204,Alcântara,MA,0.6384071979616548,76.0,65.67,10.329999999999998,0.0
4215059,Rio Rufino,SC,0.6381966129217722,72.0,51.79,20.21,0.0
3300225,Areal,RJ,0.6381173982959663,71.0,67.06,3.9399999999999977,0.0
3305000,São João da Barra,RJ,0.6379687502446498,66.0,58.23,7.770000000000003,0.0
1400407,Normandia,RR,0.6378554372064074,70.0,61.44,8.560000000000002,
5003207,Corumbá,MS,0.6378242808474308,60.0,48.51,11.490000000000002,0.0
4203402,Campo Belo do Sul,SC,0.6371854469402858,60.0,50.25,9.75,0.0
1507201,São Domingos do Capim,PA,0.6363615918658239,53.0,40.22,12.780000000000001,0.0
3120151,Crisólita,MG,0.6362596768682551,66.0,42.86,23.14,0.0
2607307,Ipubi,PE,0.6357066178615199,76.0,72.86,3.1400000000000006,0.0
4201257,Apiúna,SC,0.6354984220195871,71.0,64.44,6.560000000000002,0.0
4217501,Seara,SC,0.6350058844763717,80.0,71.99,8.010000000000005,0.0
2611408,Primavera,PE,0.6344706046691388,79.0,81.94,-2.9399999999999977,1.0
4315107,Porto Xavier,RS,0.6342766378089562,76.0,93.56,-17.560000000000002,1.0
2205706,Luís Correia,PI,0.6340935237434223,71.0,61.36,9.64,0.0
1304401,Urucurituba,AM,0.6336545414073185,59.0,37.43,21.57,0.0
4311155,Jóia,RS,0.6335728671713596,,77.78,,
3132305,Itaipé,MG,0.6334764938269484,68.0,62.57,5.43,0.0
3158904,Santana do Manhuaçu,MG,0.6326471663553503,80.0,73.05,6.950000000000003,0.0
3545001,Salesópolis,SP,0.6325914138057065,72.0,63.97,8.030000000000001,0.0
3557006,Votorantim,SP,0.6323785267345672,64.0,58.8,5.200000000000003,1.0
3507704,Braúna,SP,0.6320844593706064,80.0,71.03,8.969999999999999,0.0
2608057,Jatobá,PE,0.6295046001489484,78.0,72.94,5.060000000000002,0.0
2401305,Campo Grande,RN,0.6288333139261959,57.0,43.21,13.79,0.0
1301159,Careiro da Várzea,AM,0.6282525032966596,58.0,57.68,0.3200000000000003,1.0
2111201,São José de Ribamar,MA,0.628211843193006,71.0,64.01,6.989999999999995,0.0
1505403,Ourém,PA,0.6279038253559635,64.0,49.4,14.600000000000001,0.0
3553708,Taquaritinga,SP,0.6256773584541755,71.0,58.67,12.329999999999998,0.0
2602100,Bom Conselho,PE,0.6256279622040369,70.0,53.64,16.36,0.0
3164001,São Pedro dos Ferros,MG,0.6244704231893436,80.0,78.17,1.8299999999999983,0.0
1507979,Terra Santa,PA,0.6241977851001491,75.0,71.89,3.1099999999999994,0.0
3530102,Mirandópolis,SP,0.6238093581547246,66.0,55.71,10.29,0.0
2610301,Paranatama,PE,0.6234101057184827,77.0,69.21,7.790000000000006,0.0
1720101,São Bento do Tocantins,TO,0.6222707044795455,61.0,40.27,20.729999999999997,0.0
3540804,Potirendaba,SP,0.6222569133212038,70.0,63.28,6.719999999999999,0.0
3540002,Pompéia,SP,0.6221279485976501,71.0,66.43,4.569999999999993,0.0
4312005,Mariano Moro,RS,0.6210056324339273,80.0,90.91,-10.909999999999997,1.0
3160454,Santo Antônio do Retiro,MG,0.6206662155693434,79.0,77.43,1.5699999999999932,0.0
3303104,Natividade,RJ,0.6206129474913995,70.0,62.9,7.100000000000001,0.0
4207304,Imbituba,SC,0.6203860310450198,70.0,60.54,9.46,
3304607,Santa Maria Madalena,RJ,0.6194724662114512,72.0,64.59,7.409999999999997,0.0
3305208,São Pedro da Aldeia,RJ,0.6192515120131812,68.0,65.84,2.1599999999999966,1.0
3500303,Aguaí,SP,0.619176890015994,63.0,57.09,5.909999999999997,0.0
4301503,Augusto Pestana,RS,0.6189037371117161,80.0,86.25,-6.25,1.0
3501707,Américo Brasiliense,SP,0.6187273551295631,73.0,62.55,10.450000000000003,0.0
2807204,Siriri,SE,0.6179930156031324,63.0,47.15,15.850000000000001,0.0
2610707,Paulista,PE,0.6179812348510316,65.0,59.22,5.780000000000001,0.0
4201703,Ascurra,SC,0.6177832459745982,80.0,68.97,11.030000000000001,0.0
4204301,Concórdia,SC,0.6174252534323712,78.0,75.74,2.260000000000005,0.0
1502202,Capanema,PA,0.61621508210724,71.0,64.96,6.040000000000006,0.0
5003157,Coronel Sapucaia,MS,0.6161922507616919,79.0,87.75,-8.75,1.0
3524105,Ituverava,SP,0.6160506889491422,64.0,51.18,12.82,0.0
2612554,Santa Filomena,PE,0.6158863818546025,69.0,53.43,15.57,0.0
3552007,Silveiras,SP,0.6156314474904011,62.0,55.49,6.509999999999998,0.0
2310605,Penaforte,CE,0.6149385995307275,79.0,71.17,7.829999999999998,0.0
5004007,Glória de Dourados,MS,0.6140620894675537,79.0,65.54,13.459999999999994,0.0
2607406,Itacuruba,PE,0.6135765750854285,72.0,66.36,5.640000000000001,0.0
4204608,Criciúma,SC,0.6113473724174407,69.0,66.68,2.319999999999993,1.0
2504306,Catolé do Rocha,PB,0.6109573434170879,67.0,51.41,15.590000000000003,0.0
3514809,Eldorado,SP,0.6104074921807869,71.0,58.3,12.700000000000003,0.0
3529203,Martinópolis,SP,0.6098780015797404,66.0,54.52,11.479999999999997,0.0
4307815,Estrela Velha,RS,0.6097177650844816,80.0,91.43,-11.430000000000007,1.0
4322855,Vespasiano Corrêa,RS,0.6095294178413162,80.0,100.0,-20.0,1.0
2306256,Itaitinga,CE,0.6095241039810605,80.0,78.05,1.9500000000000028,0.0
3542701,Restinga,SP,0.6094423227108351,75.0,73.83,1.1700000000000017,1.0
4109500,Guaraqueçaba,PR,0.6081611930820117,75.0,58.84,16.159999999999997,0.0
4306452,Dois Lajeados,RS,0.607227277677693,80.0,92.86,-12.86,1.0
2405801,João Câmara,RN,0.6072173021200142,47.0,34.99,12.009999999999998,0.0
2704302,Maceió,AL,0.6059668068542152,59.0,49.72,9.280000000000001,0.0
3100906,Águas Formosas,MG,0.6055783084408025,73.0,60.0,13.0,0.0
4215703,Santo Amaro da Imperatriz,SC,0.605377077950752,69.0,61.76,7.240000000000002,0.0
2805109,Pedrinhas,SE,0.6049702170372855,40.0,23.39,16.61,0.0
4206801,Ibicaré,SC,0.6046220040627445,78.0,88.5,-10.5,1.0
4310462,Ipiranga do Sul,RS,0.6043811532836325,80.0,84.21,-4.209999999999994,1.0
3156601,Rubim,MG,0.6042762644996709,80.0,74.93,5.069999999999993,0.0
2407500,Maxaranguape,RN,0.6033335053297009,51.0,37.49,13.509999999999998,0.0
3303302,Niterói,RJ,0.6032235993163308,65.0,58.67,6.329999999999998,0.0
3141009,Mato Verde,MG,0.6027517479076483,74.0,67.66,6.340000000000003,0.0
2309706,Pacatuba,CE,0.6024261438960439,78.0,74.33,3.6700000000000017,0.0
4206009,Governador Celso Ramos,SC,0.6022774666346892,75.0,69.31,5.689999999999998,
2111409,São Luís Gonzaga do Maranhão,MA,0.6022052879887315,77.0,69.14,7.859999999999999,0.0
4313466,Novo Xingu,RS,0.6021920985319013,80.0,76.19,3.8100000000000023,0.0
3139201,Malacacheta,MG,0.6020805222646227,78.0,74.94,3.0600000000000023,0.0
3162575,São João do Manteninha,MG,0.601860533895247,80.0,77.46,2.5400000000000063,0.0
3543600,Rifaina,SP,0.6016684218648545,67.0,54.97,12.030000000000001,0.0
4202859,Braço do Trombudo,SC,0.6011739644866128,71.0,44.66,26.340000000000003,0.0
3300704,Cabo Frio,RJ,0.6011396594913061,67.0,64.26,2.739999999999995,1.0
3108552,Brasilândia de Minas,MG,0.6006364362613165,78.0,67.13,10.870000000000005,0.0
2101608,Barra do Corda,MA,0.6001666544990889,72.0,63.26,8.740000000000002,0.0
3527603,Luís Antônio,SP,0.6001188387183505,60.0,47.59,12.409999999999997,0.0
1718899,Santa Rita do Tocantins,TO,0.5997807727553508,71.0,67.74,3.260000000000005,0.0
3513603,Cunha,SP,0.5997781361217072,64.0,58.87,5.130000000000003,0.0
2404853,Itajá,RN,0.5997390510877081,68.0,66.41,1.5900000000000034,1.0
3305406,Sapucaia,RJ,0.5995806571668005,72.0,67.17,4.829999999999998,0.0
1503507,Irituia,PA,0.5995726815569526,62.0,54.52,7.479999999999997,0.0
2917102,Itororó,BA,0.5995221026281277,63.0,48.99,14.009999999999998,0.0
3537800,Piedade,SP,0.5993349626349445,69.0,63.42,5.579999999999998,0.0
2301307,Araripe,CE,0.5992635745256059,78.0,72.6,5.400000000000006,0.0
4312609,Muçum,RS,0.5990685493403622,65.0,52.63,12.369999999999997,0.0
2801207,Canindé de São Francisco,SE,0.5989096125572426,47.0,32.15,14.850000000000001,0.0
3549409,São Joaquim da Barra,SP,0.5988784387809796,62.0,52.47,9.530000000000001,0.0
4307831,Eugênio de Castro,RS,0.5987557018416858,61.0,41.67,19.33,0.0
2803708,Macambira,SE,0.5984301938421,58.0,57.9,0.10000000000000142,1.0
2917904,Jandaíra,BA,0.5983442013667242,65.0,39.02,25.979999999999997,0.0
1300144,Apuí,AM,0.5981886211194802,68.0,58.38,9.619999999999997,0.0
3538204,Pinhalzinho,SP,0.5974363249329775,79.0,76.7,2.299999999999997,0.0
2302701,Campos Sales,CE,0.5974341715078844,80.0,57.68,22.32,0.0
3172004,Visconde do Rio Branco,MG,0.5966701673271324,68.0,41.64,26.36,0.0
2406403,Lagoa de Velhos,RN,0.5966114295061965,60.0,59.26,0.740000000000002,1.0
3544301,Roseira,SP,0.5964043867058652,71.0,68.08,2.9200000000000017,0.0
4318457,São José das Missões,RS,0.596083067003683,79.0,90.0,-11.0,1.0
2305357,Icapuí,CE,0.5957979101154144,80.0,67.76,12.239999999999995,0.0
1500909,Augusto Corrêa,PA,0.5956340837813189,58.0,49.17,8.829999999999998,0.0
4304101,Campos Borges,RS,0.5953355314142396,50.0,36.66,13.340000000000003,0.0
3110004,Caeté,MG,0.5947315606303623,76.0,67.04,8.959999999999994,0.0
2501302,Aroeiras,PB,0.5943454622215333,74.0,82.45,-8.450000000000003,1.0
2112803,Viana,MA,0.5941455742235295,69.0,59.61,9.39,0.0
2616407,Vitória de Santo Antão,PE,0.5938249067066679,62.0,47.31,14.689999999999998,0.0
2107704,Paraibano,MA,0.5937350389447551,79.0,65.05,13.950000000000003,0.0
4206603,Guarujá do Sul,SC,0.5928253433936606,80.0,82.16,-2.1599999999999966,1.0
3105707,Barra Longa,MG,0.5927103188418797,65.0,40.0,25.0,
3509452,Campina do Monte Alegre,SP,0.5926057644437439,62.0,54.57,7.43,0.0
2207603,Parnaguá,PI,0.5918342581194229,73.0,69.37,3.6299999999999955,0.0
4310579,Itapuca,RS,0.5917455161972012,80.0,83.33,-3.3299999999999983,1.0
3532603,Nhandeara,SP,0.5917204865861377,73.0,68.61,4.390000000000001,0.0
3112505,Capim Branco,MG,0.5907544817767627,79.0,68.55,10.450000000000003,0.0
5103403,Cuiabá,MT,0.589450782738169,66.0,61.32,4.68,0.0
3520426,Ilha Comprida,SP,0.5888799196793646,65.0,50.91,14.090000000000003,0.0
1718808,Sampaio,TO,0.5887887473196816,61.0,40.53,20.47,0.0
3540903,Pradópolis,SP,0.5882026830146004,77.0,76.18,0.8199999999999932,1.0
4303673,Campestre da Serra,RS,0.5868385777230561,80.0,76.15,3.8499999999999943,0.0
3302601,Mangaratiba,RJ,0.5865793150362446,63.0,54.31,8.689999999999998,0.0
3529401,Mauá,SP,0.5862874666898317,,46.82,,
3540754,Potim,SP,0.5856656578917059,59.0,51.05,7.950000000000003,0.0
2102358,Buritirana,MA,0.5855987164001615,70.0,54.12,15.880000000000003,0.0
4300109,Agudo,RS,0.5852371250622066,68.0,65.99,2.010000000000005,1.0
2201804,Bocaina,PI,0.5850466753766124,80.0,52.63,27.369999999999997,0.0
3304300,Rio Bonito,RJ,0.5850006538255617,67.0,61.67,5.329999999999998,0.0
3519253,Iaras,SP,0.5847792206027724,60.0,47.22,12.780000000000001,0.0
1507755,Sapucaia,PA,0.5846999370477606,80.0,72.49,7.510000000000005,0.0
2300903,Apuiarés,CE,0.5844085536534449,80.0,77.03,2.969999999999999,0.0
3506201,Bento de Abreu,SP,0.5839468708105366,80.0,58.89,21.11,0.0
3517802,Guaraçaí,SP,0.5831297240281025,67.0,52.74,14.259999999999998,0.0
3527900,Lutécia,SP,0.582082741391662,75.0,61.76,13.240000000000002,0.0
3104700,Ataléia,MG,0.5818546153773239,73.0,61.02,11.979999999999997,0.0
3549201,São João das Duas Pontes,SP,0.580570774159701,80.0,77.08,2.9200000000000017,0.0
3500600,Águas de São Pedro,SP,0.5804875160372613,80.0,78.26,1.7399999999999949,0.0
3545209,Salto,SP,0.5803997032388781,68.0,65.51,2.489999999999995,1.0
2607604,Ilha de Itamaracá,PE,0.5801629287493796,66.0,51.64,14.36,0.0
4305405,Chiapetta,RS,0.580153356119351,79.0,72.74,6.260000000000005,0.0
1706001,Couto Magalhães,TO,0.5800804967221038,63.0,52.59,10.409999999999997,0.0
1710508,Itacajá,TO,0.5800736192398395,70.0,84.42,-14.420000000000002,1.0
3136553,José Raydan,MG,0.580063270376985,79.0,73.68,5.319999999999993,0.0
2802205,Feira Nova,SE,0.5795720393862609,52.0,40.95,11.049999999999997,0.0
4200051,Abdon Batista,SC,0.5794232084269599,76.0,70.53,5.469999999999999,0.0
3140530,Martins Soares,MG,0.5792411638419095,78.0,61.67,16.33,0.0
4312179,Mato Queimado,RS,0.5790217367343404,80.0,100.0,-20.0,1.0
2600500,Águas Belas,PE,0.5781666861990509,68.0,59.53,8.469999999999999,0.0
2800308,Aracaju,SE,0.5781253242433695,53.0,56.41,-3.4099999999999966,1.0
3554300,Teodoro Sampaio,SP,0.5767915044622811,73.0,67.83,5.170000000000002,0.0
4215406,Salto Veloso,SC,0.576425920232814,80.0,79.07,0.9300000000000068,0.0
3504800,Bálsamo,SP,0.5755626706519753,80.0,58.98,21.020000000000003,0.0
3542602,Registro,SP,0.5743441551488162,66.0,57.65,8.350000000000001,0.0
4311700,Machadinho,RS,0.5730481377992291,73.0,75.03,-2.030000000000001,1.0
3554409,Terra Roxa,SP,0.572624183017522,73.0,61.3,11.700000000000003,0.0
3149952,Periquito,MG,0.5725394110002544,62.0,48.31,13.689999999999998,0.0
1507409,São Francisco do Pará,PA,0.5724207200189846,57.0,37.79,19.21,0.0
4211207,Morro da Fumaça,SC,0.5720005840802982,74.0,77.71,-3.7099999999999937,1.0
2611200,Poção,PE,0.5716871475344243,71.0,61.41,9.590000000000003,0.0
3108206,Bonfinópolis de Minas,MG,0.5716794589565121,80.0,67.37,12.629999999999995,0.0
2207751,Passagem Franca do Piauí,PI,0.5715686022086621,80.0,67.15,12.849999999999994,0.0
2308708,Morada Nova,CE,0.570496169242434,76.0,62.38,13.619999999999997,0.0
3526902,Limeira,SP,0.5704102021296631,71.0,70.75,0.25,1.0
3171907,Virgolândia,MG,0.5701712949229796,80.0,78.87,1.1299999999999955,0.0
4315206,Putinga,RS,0.5687489719295942,80.0,71.67,8.329999999999998,0.0
3303005,Miracema,RJ,0.5685849296866154,73.0,71.46,1.5400000000000063,0.0
2103307,Codó,MA,0.5685306886856114,63.0,54.98,8.020000000000003,0.0
3152006,Pompéu,MG,0.5683719339766268,72.0,63.86,8.14,0.0
3157203,Santa Bárbara,MG,0.5682974678180195,75.0,68.58,6.420000000000002,0.0
3517703,Guará,SP,0.5682539737059482,73.0,67.53,5.469999999999999,0.0
2603306,Calçado,PE,0.5676499713526637,68.0,60.73,7.270000000000003,0.0
3523206,Itararé,SP,0.56653423022583,67.0,64.83,2.1700000000000017,1.0
2924207,Pedro Alexandre,BA,0.5665086478358579,52.0,21.39,30.61,0.0
3508207,Buritizal,SP,0.5662800632451603,80.0,82.35,-2.3499999999999943,1.0
4208450,Itapoá,SC,0.5662151793758865,70.0,61.35,8.649999999999999,
4201208,Antônio Carlos,SC,0.5653801052532366,77.0,75.09,1.9099999999999966,0.0
2607505,Itaíba,PE,0.5651822723438602,69.0,56.43,12.57,0.0
2313807,Uruburetama,CE,0.5645821003266338,80.0,76.83,3.1700000000000017,0.0
4200754,Alto Bela Vista,SC,0.5644886091217078,80.0,58.33,21.67,0.0
4215307,Salete,SC,0.563714504262748,79.0,85.85,-6.849999999999994,1.0
3519303,Ibaté,SP,0.5632332360025158,66.0,56.35,9.649999999999999,0.0
4319307,São Paulo das Missões,RS,0.5631813739646615,79.0,90.74,-11.739999999999995,1.0
1303007,Nhamundá,AM,0.5614601978704192,72.0,71.99,0.010000000000005116,1.0
3524303,Jaboticabal,SP,0.5611370113341507,66.0,57.63,8.369999999999997,0.0
3303708,Paraíba do Sul,RJ,0.5611116878531378,64.0,57.99,6.009999999999998,0.0
3118106,Congonhas do Norte,MG,0.5596862576485453,80.0,82.05,-2.049999999999997,1.0
2611309,Pombos,PE,0.5592434278549281,63.0,54.52,8.479999999999997,0.0
3533304,Nova Luzitânia,SP,0.5585802975977261,79.0,76.92,2.0799999999999983,0.0
3546009,Santa Branca,SP,0.5579893150804025,59.0,44.76,14.240000000000002,0.0
3157708,Santa Juliana,MG,0.5576999519355961,71.0,65.31,5.689999999999998,0.0
2210904,Socorro do Piauí,PI,0.5576082338815511,74.0,74.76,-0.7600000000000051,1.0
3519808,Icém,SP,0.5568672116941481,76.0,71.28,4.719999999999999,0.0
4315156,Progresso,RS,0.5567821193046906,79.0,95.83,-16.83,1.0
3538709,Piracicaba,SP,0.5566634356768132,67.0,67.18,-0.18000000000000682,1.0
2408003,Mossoró,RN,0.5565434122168278,58.0,56.51,1.490000000000002,1.0
2505402,Desterro,PB,0.5561892913520863,67.0,56.3,10.700000000000003,0.0
2406007,José da Penha,RN,0.5561174734184695,61.0,52.17,8.829999999999998,0.0
4304671,Capivari do Sul,RS,0.5559568614207103,60.0,51.12,8.880000000000003,0.0
4323101,Vicente Dutra,RS,0.5558735981493963,76.0,88.77,-12.769999999999996,1.0
2105005,Humberto de Campos,MA,0.5557710658257253,70.0,60.63,9.369999999999997,0.0
1303908,São Paulo de Olivença,AM,0.5557342943099212,55.0,55.15,-0.14999999999999858,1.0
1303536,Presidente Figueiredo,AM,0.5556980723143,55.0,45.72,9.280000000000001,0.0
4308854,Gentil,RS,0.5554059660312614,80.0,75.0,5.0,0.0
3154101,Recreio,MG,0.5551255340392435,76.0,70.24,5.760000000000005,0.0
4206702,Herval d'Oeste,SC,0.5544847015973859,66.0,57.24,8.759999999999998,0.0
1503200,Igarapé-Açu,PA,0.5529932386581162,55.0,41.81,13.189999999999998,0.0
2107803,Parnarama,MA,0.5529198484902016,80.0,83.57,-3.569999999999993,1.0
3518602,Guariba,SP,0.5527977356765734,74.0,71.63,2.3700000000000045,0.0
2409100,Passa e Fica,RN,0.55194204920199,49.0,39.35,9.649999999999999,0.0
4310652,Itati,RS,0.5515885880365736,63.0,35.71,27.29,0.0
1504455,Medicilândia,PA,0.5513730610075257,64.0,55.31,8.689999999999998,0.0
3540309,Pontes Gestal,SP,0.5510368185598529,75.0,57.11,17.89,0.0
3121704,Diogo de Vasconcelos,MG,0.5509185433717072,,96.8,,
1400704,Uiramutã,RR,0.5507989988007987,56.0,49.95,6.049999999999997,
4219176,Vargem Bonita,SC,0.5492267190935338,72.0,67.2,4.799999999999997,0.0
3148608,Peçanha,MG,0.5490495253280516,72.0,66.01,5.989999999999995,0.0
2804805,Nossa Senhora do Socorro,SE,0.5478279127240262,45.0,39.14,5.859999999999999,1.0
3120805,Cruzília,MG,0.5474010851049991,80.0,73.68,6.319999999999993,0.0
3502903,Araçoiaba da Serra,SP,0.5472520223964712,64.0,55.53,8.469999999999999,0.0
2510204,Nova Olinda,PB,0.5462081714265938,62.0,51.58,10.420000000000002,0.0
2104073,Feira Nova do Maranhão,MA,0.5461189005454496,80.0,79.1,0.9000000000000057,0.0
3168507,Teixeiras,MG,0.5458444288644277,78.0,70.29,7.709999999999994,0.0
2515906,Serraria,PB,0.5456149825472127,80.0,53.87,26.130000000000003,0.0
2923100,Olindina,BA,0.5450378125058545,56.0,33.42,22.58,0.0
3507001,Boituva,SP,0.5441842714441825,70.0,67.25,2.75,0.0
2613404,São José da Coroa Grande,PE,0.5439748494738962,60.0,49.31,10.689999999999998,0.0
3148707,Pedra Azul,MG,0.5426117301555244,68.0,60.22,7.780000000000001,0.0
4314001,Paraí,RS,0.5422076624667052,80.0,82.69,-2.6899999999999977,1.0
3162906,São João Nepomuceno,MG,0.541762462099252,74.0,61.24,12.759999999999998,0.0
3553401,Tanabi,SP,0.541246167023488,72.0,66.39,5.609999999999999,0.0
4205100,Dona Emma,SC,0.5406015823521202,80.0,66.91,13.090000000000003,0.0
2300150,Acarape,CE,0.5399540859550178,79.0,76.63,2.3700000000000045,0.0
4304853,Carlos Gomes,RS,0.539924431066398,67.0,50.0,17.0,0.0
2300309,Acopiara,CE,0.5398866900819133,71.0,59.16,11.840000000000003,0.0
3512100,Colômbia,SP,0.5384617698147522,80.0,79.99,0.010000000000005116,1.0
3500907,Altair,SP,0.5378191219120193,67.0,56.25,10.75,0.0
3102902,Antônio Carlos,MG,0.537460528477551,79.0,76.82,2.180000000000007,0.0
2408300,Nova Cruz,RN,0.5371913448422287,53.0,47.68,5.32,1.0
1506401,Santa Cruz do Arari,PA,0.5370744955740072,64.0,54.36,9.64,0.0
4214151,Princesa,SC,0.5367124907993495,80.0,91.25,-11.25,1.0
2301703,Aurora,CE,0.5365123193779698,76.0,70.92,5.079999999999998,0.0
3500758,Alambari,SP,0.5364206737673953,75.0,74.96,0.04000000000000625,1.0
2803203,Itaporanga d'Ajuda,SE,0.5360736286704556,49.0,37.6,11.399999999999999,0.0
2100402,Altamira do Maranhão,MA,0.5359077625574153,80.0,62.15,17.85,0.0
2100709,Anajatuba,MA,0.5358888168823219,76.0,82.89,-6.890000000000001,1.0
2604601,Condado,PE,0.5358604193410026,62.0,53.69,8.310000000000002,0.0
2917334,Iuiu,BA,0.5354996569100415,64.0,44.45,19.549999999999997,0.0
3151701,Poço Fundo,MG,0.5353897913271919,80.0,69.53,10.469999999999999,0.0
2301851,Banabuiú,CE,0.5350880333357526,80.0,75.73,4.269999999999996,0.0
4218202,Timbó,SC,0.5347071257816929,75.0,69.05,5.950000000000003,0.0
3514601,Dumont,SP,0.534613537898083,78.0,79.02,-1.019999999999996,1.0
3503901,Arujá,SP,0.534440649434796,65.0,58.38,6.619999999999997,0.0
2307502,Lavras da Mangabeira,CE,0.5344374463747168,77.0,71.85,5.150000000000006,0.0
3302254,Itatiaia,RJ,0.5344304192968063,72.0,62.39,9.61,0.0
2413557,Serrinha dos Pintos,RN,0.5343651417434223,68.0,59.32,8.68,0.0
3528007,Macatuba,SP,0.5335444581897866,72.0,67.89,4.109999999999999,0.0
3538808,Piraju,SP,0.533466913190215,72.0,66.51,5.489999999999995,0.0
3303906,Petrópolis,RJ,0.5322840164346735,71.0,67.81,3.1899999999999977,1.0
3528601,Manduri,SP,0.5318512878078652,71.0,66.65,4.349999999999994,0.0
4217303,Saudades,SC,0.5314720211874998,80.0,74.24,5.760000000000005,0.0
3527009,Lindóia,SP,0.5308925787657588,78.0,81.14,-3.1400000000000006,1.0
2111300,São Luís,MA,0.5303334192688245,63.0,63.85,-0.8500000000000014,1.0
4218400,Treze de Maio,SC,0.5291836227171547,76.0,80.52,-4.519999999999996,1.0
2105450,Jatobá,MA,0.5276829099641139,76.0,67.12,8.879999999999995,0.0
3527306,Louveira,SP,0.5274664988579432,67.0,61.62,5.380000000000003,0.0
3501400,Álvaro de Carvalho,SP,0.5274194973312223,67.0,60.35,6.649999999999999,0.0
1713205,Miracema do Tocantins,TO,0.5273123720449283,60.0,48.24,11.759999999999998,0.0
3305505,Saquarema,RJ,0.5265107784623795,71.0,69.91,1.0900000000000034,1.0
2903953,Bom Jesus da Serra,BA,0.5264274368945352,60.0,46.62,13.380000000000003,0.0
5105234,Lambari D'Oeste,MT,0.526192659325286,80.0,65.04,14.959999999999994,0.0
2807501,Tomar do Geru,SE,0.5257765080195209,61.0,57.77,3.229999999999997,1.0
3163003,São José da Safira,MG,0.5257582407789564,76.0,87.15,-11.150000000000006,1.0
3111101,Campina Verde,MG,0.5253413991676557,78.0,65.9,12.099999999999994,0.0
2313351,Tejuçuoca,CE,0.5252357632196101,80.0,77.1,2.9000000000000057,0.0
3301504,Cordeiro,RJ,0.5249771188127883,69.0,65.07,3.930000000000007,0.0
2308302,Milagres,CE,0.524926763684431,77.0,72.17,4.829999999999998,0.0
3131307,Ipatinga,MG,0.5246950126042056,72.0,68.15,3.8499999999999943,0.0
4319711,São Valentim do Sul,RS,0.524266188750873,80.0,80.0,0.0,1.0
2804201,Monte Alegre de Sergipe,SE,0.5240714255589257,49.0,32.36,16.64,0.0
3137700,Lajinha,MG,0.5239498595460287,76.0,72.76,3.239999999999995,0.0
1304104,Tapauá,AM,0.5235215605600414,64.0,72.26,-8.260000000000005,1.0
1709807,Ipueiras,TO,0.5233196959148728,51.0,41.18,9.82,0.0
2907301,Castro Alves,BA,0.5232220630179973,61.0,40.59,20.409999999999997,0.0
3539707,Platina,SP,0.522572706108493,75.0,58.21,16.79,0.0
1507961,Terra Alta,PA,0.5218069043885266,60.0,43.69,16.310000000000002,0.0
2108603,Pinheiro,MA,0.520479036353874,66.0,59.87,6.130000000000003,0.0
3113909,Carmo da Cachoeira,MG,0.5193934431058218,77.0,70.34,6.659999999999997,0.0
2405900,João Dias,RN,0.5190111820097847,62.0,58.62,3.3800000000000026,1.0
3541604,Promissão,SP,0.5189493589429061,73.0,63.58,9.420000000000002,0.0
3512506,Coroados,SP,0.5188191421445076,74.0,67.94,6.060000000000002,0.0
2500601,Alhandra,PB,0.5186643477427746,68.0,66.06,1.9399999999999977,1.0
3530805,Mogi Mirim,SP,0.5176598354771869,66.0,58.66,7.340000000000003,0.0
1720853,Sucupira,TO,0.5175039662685512,79.0,76.26,2.739999999999995,0.0
3117702,Conceição do Rio Verde,MG,0.5168956759039016,80.0,79.11,0.8900000000000006,0.0
4318051,São Domingos do Sul,RS,0.51683147705465,80.0,75.0,5.0,
3534906,Pacaembu,SP,0.5168061588852609,72.0,73.29,-1.2900000000000063,1.0
3507308,Boracéia,SP,0.5167065855718995,75.0,67.66,7.340000000000003,0.0
3510807,Casa Branca,SP,0.5164462383044348,62.0,50.16,11.840000000000003,0.0
3516200,Franca,SP,0.5162145500999606,68.0,66.44,1.5600000000000023,1.0
4219408,Witmarsum,SC,0.5154522445704244,80.0,82.9,-2.9000000000000057,1.0
3543709,Rincão,SP,0.5150483935811984,69.0,56.98,12.020000000000003,0.0
1100080,Costa Marques,RO,0.5149609505894014,80.0,75.04,4.959999999999994,0.0
3160306,Santo Antônio do Jacinto,MG,0.5146139708677224,71.0,61.29,9.71,0.0
2616209,Vertentes,PE,0.5136206544463761,67.0,54.56,12.439999999999998,0.0
2800704,Brejo Grande,SE,0.5133321883177122,51.0,33.34,17.659999999999997,0.0
4212056,Palmeira,SC,0.5132111631602443,73.0,86.67,-13.670000000000002,1.0
2512408,Puxinanã,PB,0.5131818107640413,78.0,75.23,2.769999999999996,0.0
3121258,Delta,MG,0.5128846675674217,65.0,59.17,5.829999999999998,0.0
2307650,Maracanaú,CE,0.5128697401981261,80.0,83.93,-3.930000000000007,1.0
3162302,São João da Mata,MG,0.512842799248141,79.0,76.26,2.739999999999995,0.0
4311791,Maratá,RS,0.5124406075977914,74.0,77.2,-3.200000000000003,1.0
3535507,Paraguaçu Paulista,SP,0.5121908076182633,63.0,55.07,7.93,0.0
3509957,Canas,SP,0.5120091349136716,66.0,67.79,-1.7900000000000063,1.0
3542800,Ribeira,SP,0.5116655472362145,71.0,72.19,-1.1899999999999977,1.0
3550001,São Luiz do Paraitinga,SP,0.5114184524661654,76.0,76.75,-0.75,1.0
3532157,Nantes,SP,0.5108658284573425,69.0,68.4,0.5999999999999943,1.0
3159803,Santa Vitória,MG,0.5104520899081038,75.0,65.51,9.489999999999995,0.0
4212403,Pedras Grandes,SC,0.5101889137574347,80.0,84.82,-4.819999999999993,1.0
3302205,Itaperuna,RJ,0.5098600735788312,74.0,76.34,-2.3400000000000034,1.0
3508009,Buri,SP,0.5097870969415186,64.0,58.4,5.600000000000001,0.0
3551702,Sertãozinho,SP,0.5096889522666825,66.0,66.65,-0.6500000000000057,1.0
3528700,Marabá Paulista,SP,0.5089847536501764,75.0,82.86,-7.859999999999999,1.0
2505204,Cuitegi,PB,0.5086378013842725,52.0,42.35,9.649999999999999,0.0
3535804,Paranapanema,SP,0.507170548679351,64.0,64.11,-0.10999999999999943,1.0
4212239,Paraíso,SC,0.5066791952081205,80.0,73.0,7.0,0.0
2306504,Itapiúna,CE,0.5065062842902333,80.0,61.68,18.32,0.0
3106200,Belo Horizonte,MG,0.5063470812953571,68.0,70.38,-2.3799999999999955,1.0
4313086,Nova Pádua,RS,0.506262606902868,80.0,81.82,-1.8199999999999932,1.0
1503457,Ipixuna do Pará,PA,0.5050113806234366,59.0,55.48,3.520000000000003,1.0
3511003,Castilho,SP,0.50479279551347,63.0,54.72,8.280000000000001,0.0
1400027,Amajari,RR,0.5036855936055814,65.0,54.75,10.25,
3158300,Santana da Vargem,MG,0.5036853289742956,,96.16,,
2609154,Manari,PE,0.5035664115343126,68.0,63.28,4.719999999999999,0.0
2308401,Missão Velha,CE,0.5034453294833637,77.0,65.62,11.379999999999995,0.0
3528502,Mairiporã,SP,0.502635247878128,67.0,63.23,3.770000000000003,1.0
4301701,Barão de Cotegipe,RS,0.5025591559984064,80.0,83.51,-3.510000000000005,1.0
2201051,Assunção do Piauí,PI,0.5023764838152251,80.0,78.89,1.1099999999999994,0.0
2807105,Simão Dias,SE,0.5021953079226786,55.0,48.4,6.600000000000001,1.0
2303501,Cascavel,CE,0.5008863428689292,80.0,78.66,1.3400000000000034,0.0
2207504,Palmeirais,PI,0.49988127187139775,65.0,49.9,15.100000000000001,0.0
2103109,Cedral,MA,0.4997164675414625,75.0,59.52,15.479999999999997,0.0
1505502,Paragominas,PA,0.49958927679983856,71.0,68.68,2.319999999999993,1.0
3511102,Catanduva,SP,0.4995731891752081,67.0,62.47,4.530000000000001,0.0
2805000,Pedra Mole,SE,0.49937585560949993,63.0,54.34,8.659999999999997,0.0
3519709,Ibiúna,SP,0.49930453658085006,62.0,59.33,2.6700000000000017,1.0
3522158,Itaoca,SP,0.4992709879293554,,81.82,,
1600253,Itaubal,AP,0.4992001559730789,65.0,56.28,8.719999999999999,0.0
2602001,Bodocó,PE,0.4989864363944997,62.0,53.86,8.14,0.0
1302207,Juruá,AM,0.49898353035034315,59.0,61.55,-2.549999999999997,1.0
2413508,Serrinha,RN,0.49824819053935665,68.0,69.16,-1.1599999999999966,1.0
3112059,Cantagalo,MG,0.49815020149171596,70.0,61.4,8.600000000000001,0.0
2403707,Felipe Guerra,RN,0.49811101207190167,67.0,65.5,1.5,1.0
2411056,Tibau,RN,0.4960100830804949,61.0,51.85,9.149999999999999,
3500550,Águas de Santa Bárbara,SP,0.4959821578013649,64.0,52.16,11.840000000000003,0.0
3161304,São Francisco de Sales,MG,0.4959004433294524,78.0,69.42,8.579999999999998,0.0
3526605,Lavrinhas,SP,0.4956409256114148,66.0,68.32,-2.319999999999993,1.0
3138674,Luisburgo,MG,0.4953795730235966,80.0,70.49,9.510000000000005,0.0
3157906,Santa Margarida,MG,0.49498114825834005,76.0,74.74,1.2600000000000051,1.0
4204103,Caxambu do Sul,SC,0.49433973794331565,74.0,78.9,-4.900000000000006,1.0
3552304,Sud Mennucci,SP,0.4940424354834807,65.0,57.58,7.420000000000002,0.0
1400472,Rorainópolis,RR,0.493555095890848,65.0,48.49,16.509999999999998,
4204004,Catanduvas,SC,0.4935395995364068,74.0,80.06,-6.060000000000002,1.0
3519402,Ibirá,SP,0.49282458689087616,75.0,77.53,-2.530000000000001,1.0
4204350,Cordilheira Alta,SC,0.4926251991153273,71.0,65.47,5.530000000000001,0.0
3523909,Itu,SP,0.4924411759190773,72.0,70.47,1.5300000000000011,1.0
3142304,Moeda,MG,0.49236114830685873,79.0,64.13,14.870000000000005,0.0
2707800,Roteiro,AL,0.4923167703112712,72.0,49.18,22.82,0.0
2410405,Pureza,RN,0.49207477797615384,57.0,49.55,7.450000000000003,1.0
5001243,Aral Moreira,MS,0.4915449881480609,77.0,69.12,7.8799999999999955,0.0
3513207,Cristais Paulista,SP,0.4912621337777331,64.0,57.46,6.539999999999999,0.0
3505500,Barretos,SP,0.49047960027275805,69.0,69.04,-0.04000000000000625,1.0
2805406,Poço Redondo,SE,0.49033820902975533,42.0,25.75,16.25,0.0
4320578,Sete de Setembro,RS,0.490289954727426,79.0,92.31,-13.310000000000002,1.0
3530508,Mococa,SP,0.48994083009671574,63.0,45.49,17.509999999999998,0.0
2201606,Beneditinos,PI,0.4899276986467065,79.0,76.31,2.6899999999999977,0.0
4204806,Curitibanos,SC,0.4893838947014667,64.0,60.81,3.1899999999999977,1.0
4213104,Piratuba,SC,0.4890410887094879,80.0,76.83,3.1700000000000017,0.0
3517505,Guapiaçu,SP,0.4885849230831688,68.0,59.81,8.189999999999998,0.0
1718402,Presidente Kennedy,TO,0.4881580272303946,74.0,70.51,3.489999999999995,0.0
3140308,Marliéria,MG,0.4873612501649984,70.0,40.23,29.770000000000003,0.0
4103404,Cafeara,PR,0.48679942030185064,80.0,54.17,25.83,0.0
1300060,Amaturá,AM,0.48651943056444036,71.0,72.27,-1.269999999999996,1.0
3523701,Itirapuã,SP,0.4864009036401412,77.0,68.21,8.790000000000006,0.0
3158201,Santa Maria do Suaçuí,MG,0.4859282983231672,70.0,58.93,11.07,0.0
4208807,Jaguaruna,SC,0.48590836996761755,60.0,52.59,7.409999999999997,0.0
3524709,Jaguariúna,SP,0.4858022788850863,71.0,64.66,6.340000000000003,0.0
2414100,Tenente Ananias,RN,0.48497046193334736,61.0,58.05,2.950000000000003,1.0
3305901,Trajano de Moraes,RJ,0.48420131842098146,78.0,77.0,1.0,0.0
3524600,Jacupiranga,SP,0.4828482706106565,71.0,77.43,-6.430000000000007,1.0
2612109,Salgadinho,PE,0.4823667113498459,80.0,61.94,18.060000000000002,0.0
2804003,Maruim,SE,0.4822527343730212,46.0,36.38,9.619999999999997,0.0
2100600,Amarante do Maranhão,MA,0.48212378059899164,62.0,58.04,3.960000000000001,1.0
4321634,Três Arroios,RS,0.48143760841007543,80.0,100.0,-20.0,1.0
2102325,Buriticupu,MA,0.4814180590244662,59.0,47.78,11.219999999999999,0.0
3159506,Santa Rita do Itueto,MG,0.4808562280275339,80.0,79.29,0.7099999999999937,0.0
2503506,Cacimba de Dentro,PB,0.4808359185091118,80.0,79.79,0.20999999999999375,1.0
3306305,Volta Redonda,RJ,0.4792140044589641,70.0,71.47,-1.4699999999999989,1.0
4311270,Lagoa dos Três Cantos,RS,0.479052165985141,71.0,93.33,-22.33,1.0
2802809,Indiaroba,SE,0.47821326613554926,58.0,54.62,3.3800000000000026,1.0
2407005,Luís Gomes,RN,0.4779370749935792,50.0,49.15,0.8500000000000014,1.0
2913002,Ibitiara,BA,0.4777177526754457,71.0,66.39,4.609999999999999,0.0
3545605,Santa Adélia,SP,0.47674465536200816,70.0,62.04,7.960000000000001,0.0
2101103,Axixá,MA,0.47666853859465974,80.0,77.1,2.9000000000000057,0.0
2807402,Tobias Barreto,SE,0.4754100513378474,60.0,60.34,-0.3400000000000034,1.0
3555505,Ubirajara,SP,0.474902050716024,64.0,53.69,10.310000000000002,0.0
3147709,Passa Tempo,MG,0.47468183316436163,80.0,78.65,1.3499999999999943,0.0
3301603,Duas Barras,RJ,0.473627756046063,68.0,62.71,5.289999999999999,0.0
4314548,Pinto Bandeira,RS,0.4734645655787667,80.0,88.89,-8.89,1.0
2312601,São Luís do Curu,CE,0.47321205129971167,80.0,96.05,-16.049999999999997,1.0
3300803,Cachoeiras de Macacu,RJ,0.47298040508815287,65.0,63.71,1.2899999999999991,1.0
2514453,São José dos Ramos,PB,0.4729650117189247,69.0,80.32,-11.319999999999993,1.0
3304524,Rio das Ostras,RJ,0.47254422181904243,72.0,73.07,-1.0699999999999932,1.0
4201802,Atalanta,SC,0.47181987287622373,75.0,80.13,-5.1299999999999955,1.0
2300408,Aiuaba,CE,0.47145684239225494,77.0,70.82,6.180000000000007,0.0
3518206,Guararapes,SP,0.47115993915299215,69.0,63.07,5.93,0.0
1703008,Babaçulândia,TO,0.4711576688425829,45.0,24.94,20.06,0.0
2206605,Monte Alegre do Piauí,PI,0.4709759835141706,73.0,60.9,12.100000000000001,0.0
3170578,Vargem Alegre,MG,0.47024596864594004,80.0,69.96,10.040000000000006,0.0
3302700,Maricá,RJ,0.46951401047753727,68.0,67.76,0.23999999999999488,1.0
4211652,Novo Horizonte,SC,0.4692000294448264,80.0,76.67,3.3299999999999983,0.0
1505007,Nova Timboteua,PA,0.4685284836480146,65.0,59.2,5.799999999999997,0.0
4206405,Guaraciaba,SC,0.46825485919447907,80.0,79.04,0.9599999999999937,0.0
2403756,Fernando Pedroza,RN,0.4680954226330746,55.0,34.92,20.08,0.0
3507605,Bragança Paulista,SP,0.46595964938137024,65.0,65.03,-0.030000000000001137,1.0
2107506,Paço do Lumiar,MA,0.4658772374537957,65.0,56.91,8.090000000000003,0.0
3137536,Lagoa Grande,MG,0.46528636238602405,80.0,75.58,4.420000000000002,0.0
3306008,Três Rios,RJ,0.46414046045918633,66.0,73.64,-7.640000000000001,1.0
4302253,Boa Vista do Sul,RS,0.4628139464014206,76.0,68.18,7.819999999999993,0.0
2804508,Nossa Senhora da Glória,SE,0.4627312738668029,52.0,45.95,6.049999999999997,1.0
4215802,São Bento do Sul,SC,0.46271944235382967,76.0,77.48,-1.480000000000004,1.0
4206306,Guabiruba,SC,0.4625279650303611,75.0,74.08,0.9200000000000017,1.0
3527207,Lorena,SP,0.46245162927948114,60.0,54.22,5.780000000000001,1.0
4200903,Angelina,SC,0.4617026543550471,80.0,78.92,1.0799999999999983,0.0
2615805,Tupanatinga,PE,0.4614309496131299,74.0,69.68,4.319999999999993,0.0
4316303,Roque Gonzales,RS,0.46137260482411746,78.0,86.17,-8.170000000000002,1.0
2301505,Arneiroz,CE,0.4612747476829363,77.0,63.82,13.18,0.0
3519105,Iacanga,SP,0.4609560077523607,80.0,73.9,6.099999999999994,0.0
3550704,São Sebastião,SP,0.4606232901967774,59.0,52.62,6.380000000000003,1.0
3545803,Santa Bárbara d'Oeste,SP,0.4602169231117199,67.0,63.05,3.950000000000003,1.0
3528403,Mairinque,SP,0.46010592841846154,61.0,55.14,5.859999999999999,1.0
2111508,São Mateus do Maranhão,MA,0.4594010794805846,72.0,61.65,10.350000000000001,0.0
3529302,Matão,SP,0.45929482590799975,72.0,70.09,1.9099999999999966,1.0
2207777,Patos do Piauí,PI,0.45925316451600207,80.0,75.19,4.810000000000002,0.0
3162005,São Gonçalo do Sapucaí,MG,0.45832720616431666,78.0,73.61,4.390000000000001,0.0
3305604,Silva Jardim,RJ,0.4579941481415264,67.0,63.3,3.700000000000003,1.0
4315131,Pouso Novo,RS,0.45769328670553155,80.0,68.18,11.819999999999993,0.0
2803906,Malhador,SE,0.4572990141212393,56.0,48.47,7.530000000000001,1.0
5003488,Dois Irmãos do Buriti,MS,0.457217914951086,58.0,44.47,13.530000000000001,0.0
4312757,Nova Alvorada,RS,0.457215439848376,80.0,85.68,-5.680000000000007,1.0
3123858,Entre Folhas,MG,0.4569586373125919,79.0,75.56,3.4399999999999977,0.0
3165537,Sarzedo,MG,0.45677167360265736,80.0,79.39,0.6099999999999994,0.0
3512209,Conchal,SP,0.45586390016570666,66.0,64.65,1.3499999999999943,1.0
3121209,Delfinópolis,MG,0.4556592809855152,80.0,71.33,8.670000000000002,0.0
4315008,Porto Lucena,RS,0.45559520103308826,79.0,61.11,17.89,0.0
3537156,Pedrinhas Paulista,SP,0.4552421165503163,74.0,64.52,9.480000000000004,0.0
3121803,Dionísio,MG,0.4552132902915256,80.0,69.95,10.049999999999997,0.0
2506251,Gado Bravo,PB,0.4533537851379148,79.0,78.91,0.09000000000000341,1.0
2308104,Mauriti,CE,0.45312521044330145,80.0,79.23,0.769999999999996,0.0
4214904,Rio Fortuna,SC,0.4529319013258344,79.0,72.37,6.6299999999999955,0.0
4318499,São José do Inhacorá,RS,0.452225220906203,80.0,96.55,-16.549999999999997,1.0
3534708,Ourinhos,SP,0.45170082919478527,65.0,62.4,2.6000000000000014,1.0
3515350,Euclides da Cunha Paulista,SP,0.45143239090851894,78.0,78.11,-0.10999999999999943,1.0
2800506,Areia Branca,SE,0.4507801535773086,51.0,37.94,13.060000000000002,0.0
5103106,Cocalinho,MT,0.45037962325957315,79.0,72.81,6.189999999999998,0.0
5001102,Aquidauana,MS,0.45014372942204595,75.0,78.94,-3.9399999999999977,1.0
4323705,Vista Gaúcha,RS,0.45007461169479246,77.0,45.49,31.509999999999998,0.0
4201406,Araranguá,SC,0.44981281380080707,61.0,52.38,8.619999999999997,
5005251,Laguna Carapã,MS,0.4498003350821832,80.0,76.55,3.450000000000003,0.0
3515194,Espírito Santo do Turvo,SP,0.448392268352633,69.0,68.68,0.3199999999999932,1.0
2507507,João Pessoa,PB,0.44837676075378485,63.0,65.56,-2.5600000000000023,1.0
3520509,Indaiatuba,SP,0.4481397153210175,69.0,71.98,-2.980000000000004,1.0
3520905,Ipaussu,SP,0.4472849447219164,67.0,69.4,-2.4000000000000057,1.0
1506583,Santa Maria das Barreiras,PA,0.4472848457176207,66.0,73.35,-7.349999999999994,1.0
3304805,São Fidélis,RJ,0.4470193255550655,59.0,48.5,10.5,0.0
2100956,Arame,MA,0.44700069093511885,78.0,82.37,-4.3700000000000045,1.0
5008404,Vicentina,MS,0.4469460338437584,72.0,62.91,9.090000000000003,0.0
3552700,Tabatinga,SP,0.4466548588537229,71.0,72.23,-1.230000000000004,1.0
3136702,Juiz de Fora,MG,0.44471745961156195,61.0,56.5,4.5,1.0
2802700,Ilha das Flores,SE,0.4445481808088475,51.0,55.93,-4.93,1.0
3139508,Manhumirim,MG,0.4444593162623164,74.0,70.49,3.510000000000005,0.0
3118601,Contagem,MG,0.4442626074533226,66.0,67.34,-1.3400000000000034,1.0
4312708,Nonoai,RS,0.4442031236595737,60.0,62.07,-2.0700000000000003,1.0
4202537,Bom Jesus,SC,0.4437987297630648,72.0,83.79,-11.790000000000006,1.0
1507904,Soure,PA,0.443637129663757,71.0,70.8,0.20000000000000284,1.0
2203602,Eliseu Martins,PI,0.4434253726465943,80.0,77.56,2.4399999999999977,0.0
3205002,Serra,ES,0.4427330667140633,69.0,64.16,4.840000000000003,0.0
4211009,Mondaí,SC,0.442411618081369,74.0,76.44,-2.4399999999999977,1.0
3538006,Pindamonhangaba,SP,0.4420205239518985,67.0,72.57,-5.569999999999993,1.0
4204400,Coronel Freitas,SC,0.4417528614316034,77.0,66.62,10.379999999999995,0.0
2925956,Rafael Jambeiro,BA,0.44169850036332525,64.0,53.26,10.740000000000002,0.0
2407302,Marcelino Vieira,RN,0.4415210901741732,51.0,53.11,-2.1099999999999994,1.0
4202701,Botuverá,SC,0.4414646838209034,74.0,81.38,-7.3799999999999955,1.0
2910057,Dias d'Ávila,BA,0.44123459140858745,56.0,45.59,10.409999999999997,0.0
1501808,Breves,PA,0.44117529946985523,61.0,59.78,1.2199999999999989,1.0
2604403,Chã de Alegria,PE,0.44105517963579977,71.0,64.0,7.0,0.0
4218350,Treviso,SC,0.4409557163217446,74.0,72.77,1.230000000000004,1.0
2110401,São Benedito do Rio Preto,MA,0.44081765831223196,63.0,57.61,5.390000000000001,1.0
3541406,Presidente Prudente,SP,0.4405962983946383,67.0,65.99,1.0100000000000051,1.0
4301958,Barra Funda,RS,0.4402102267450587,74.0,89.47,-15.469999999999999,1.0
1721208,Tocantinópolis,TO,0.44005311392771695,56.0,48.57,7.43,1.0
2512762,Riachão do Poço,PB,0.43996063913706374,74.0,58.93,15.07,0.0
1302108,Japurá,AM,0.43960257741507824,78.0,79.79,-1.7900000000000063,1.0
4215000,Rio Negrinho,SC,0.439347481064283,70.0,71.68,-1.6800000000000068,1.0
3538600,Piracaia,SP,0.43892265840062616,69.0,67.2,1.7999999999999972,1.0
1400050,Alto Alegre,RR,0.43891691065583915,63.0,50.51,12.490000000000002,
4320503,Sertão,RS,0.4388692460181173,69.0,70.63,-1.6299999999999955,1.0
4202131,Bela Vista do Toldo,SC,0.4388001324003056,80.0,81.49,-1.4899999999999949,1.0
2803005,Itabaianinha,SE,0.4386497478131617,69.0,74.37,-5.3700000000000045,1.0
3126752,Franciscópolis,MG,0.4384518733605921,80.0,84.25,-4.25,1.0
2102002,Bom Jardim,MA,0.4383861570274947,80.0,88.39,-8.39,1.0
5005806,Nioaque,MS,0.4379049932246435,66.0,57.51,8.490000000000002,0.0
2806404,Santana do São Francisco,SE,0.43712759069163587,52.0,46.98,5.020000000000003,1.0
4305504,Ciríaco,RS,0.4371036542795341,80.0,83.33,-3.3299999999999983,1.0
2401453,Baraúna,RN,0.43684128719279247,54.0,48.1,5.899999999999999,1.0
1705102,Chapada da Natividade,TO,0.4368286808478721,64.0,53.78,10.219999999999999,0.0
2105427,Itinga do Maranhão,MA,0.43614548013165344,80.0,80.03,-0.030000000000001137,1.0
1506559,Santa Luzia do Pará,PA,0.43602489446168025,68.0,81.15,-13.150000000000006,1.0
1715150,Novo Alegre,TO,0.43574518578667876,75.0,66.67,8.329999999999998,0.0
3522406,Itapeva,SP,0.4356310914956958,66.0,65.78,0.21999999999999886,1.0
3160009,Santo Antônio do Aventureiro,MG,0.43543079210266555,80.0,93.64,-13.64,1.0
3170800,Várzea da Palma,MG,0.4352098831268417,70.0,63.9,6.100000000000001,0.0
3532207,Narandiba,SP,0.43505988213895197,66.0,61.0,5.0,0.0
3544202,Riolândia,SP,0.43492954579833465,80.0,79.77,0.23000000000000398,1.0
4217253,São Pedro de Alcântara,SC,0.43475315289935534,77.0,92.0,-15.0,1.0
4322558,Vanini,RS,0.43447832356637117,80.0,85.95,-5.950000000000003,1.0
1501576,Bom Jesus do Tocantins,PA,0.43430012161480636,69.0,71.68,-2.680000000000007,1.0
1505908,Porto de Moz,PA,0.43388706264583987,76.0,74.5,1.5,1.0
4210506,Maravilha,SC,0.4335112648141063,80.0,83.8,-3.799999999999997,1.0
3304755,São Francisco de Itabapoana,RJ,0.433491981005222,61.0,57.64,3.3599999999999994,1.0
4203501,Campo Erê,SC,0.4334899727423014,70.0,88.86,-18.86,1.0
2409407,Pau dos Ferros,RN,0.43309476534646607,58.0,53.63,4.369999999999997,1.0
2207553,Paquetá,PI,0.4329485577730603,80.0,87.57,-7.569999999999993,1.0
3505906,Batatais,SP,0.4327576689384852,70.0,72.94,-2.9399999999999977,1.0
2924504,Pindaí,BA,0.4325320169846306,75.0,75.72,-0.7199999999999989,1.0
4323770,Westfália,RS,0.43250072619856417,80.0,92.0,-12.0,1.0
2103752,Davinópolis,MA,0.4316140792026447,73.0,65.01,7.989999999999995,0.0
3539509,Pitangueiras,SP,0.4315861421851038,71.0,72.39,-1.3900000000000006,1.0
3303401,Nova Friburgo,RJ,0.430824236704341,72.0,71.71,0.29000000000000625,1.0
4207809,Irani,SC,0.4298764585196406,77.0,84.69,-7.689999999999998,1.0
4203907,Capinzal,SC,0.4293887169550805,76.0,78.18,-2.180000000000007,1.0
1501451,Belterra,PA,0.42787783582906325,70.0,72.03,-2.030000000000001,1.0
1300201,Atalaia do Norte,AM,0.4276136140406783,67.0,63.81,3.1899999999999977,1.0
3510401,Capivari,SP,0.4271175904750225,72.0,75.11,-3.1099999999999994,1.0
2202901,Corrente,PI,0.42673011675868955,63.0,53.42,9.579999999999998,0.0
2503803,Caldas Brandão,PB,0.42640455434280067,67.0,91.67,-24.67,1.0
3504909,Bananal,SP,0.4259349510828797,63.0,51.3,11.700000000000003,0.0
3539004,Pirangi,SP,0.4254923488946929,80.0,86.19,-6.189999999999998,1.0
3171154,Vermelho Novo,MG,0.42485782791634974,76.0,60.42,15.579999999999998,0.0
1504752,Mojuí dos Campos,PA,0.4236465772057637,67.0,64.4,2.5999999999999943,1.0
4107652,Fazenda Rio Grande,PR,0.42200726671762245,74.0,68.14,5.859999999999999,0.0
3152170,Ponto dos Volantes,MG,0.42198813893382436,76.0,78.64,-2.6400000000000006,1.0
3125408,Felício dos Santos,MG,0.4218926685684742,80.0,76.54,3.4599999999999937,0.0
3305802,Teresópolis,RJ,0.4214808195891251,69.0,68.08,0.9200000000000017,1.0
1508308,Viseu,PA,0.4214808092219038,56.0,50.84,5.159999999999997,1.0
3153202,Presidente Juscelino,MG,0.42145905631556013,80.0,86.09,-6.090000000000003,1.0
3112208,Capela Nova,MG,0.4214351082866288,80.0,79.33,0.6700000000000017,0.0
4304614,Canudos do Vale,RS,0.42083865330284853,80.0,80.0,0.0,1.0
3535200,Palmeira d'Oeste,SP,0.4207813884431142,73.0,66.91,6.090000000000003,0.0
4206900,Ibirama,SC,0.42060610948028077,73.0,72.43,0.5699999999999932,1.0
2413003,São Vicente,RN,0.42048680790382553,71.0,89.66,-18.659999999999997,1.0
2309458,Ocara,CE,0.4204545505505376,80.0,73.05,6.950000000000003,0.0
3550100,São Manuel,SP,0.4199342787242768,69.0,66.6,2.4000000000000057,1.0
2103554,Conceição do Lago-Açu,MA,0.4193211730484152,61.0,51.14,9.86,0.0
4316204,Rondinha,RS,0.4187545975656576,80.0,82.91,-2.9099999999999966,1.0
3522000,Itaju,SP,0.4187114567315726,66.0,65.74,0.2600000000000051,1.0
4209706,Lebon Régis,SC,0.41852479044783686,59.0,55.07,3.9299999999999997,1.0
1508050,Trairão,PA,0.41850686607250787,75.0,75.74,-0.7399999999999949,1.0
4100400,Almirante Tamandaré,PR,0.41832416253564275,66.0,60.18,5.82,0.0
3502408,Anhumas,SP,0.41796766845856625,73.0,73.46,-0.45999999999999375,1.0
5002704,Campo Grande,MS,0.41789685111854113,60.0,63.52,-3.520000000000003,1.0
3510708,Cardoso,SP,0.4178876563001783,74.0,84.71,-10.709999999999994,1.0
3529005,Marília,SP,0.417492881027958,69.0,72.39,-3.3900000000000006,1.0
4313011,Nova Candelária,RS,0.417468854882185,80.0,89.01,-9.010000000000005,1.0
2924678,Piraí do Norte,BA,0.4169633104225495,63.0,48.81,14.189999999999998,0.0
2211506,Vera Mendes,PI,0.41672424416844656,80.0,86.35,-6.349999999999994,1.0
3509700,Campos do Jordão,SP,0.4165313511139225,65.0,61.97,3.030000000000001,1.0
3512605,Coronel Macedo,SP,0.41621409902735307,62.0,58.75,3.25,1.0
5001003,Aparecida do Taboado,MS,0.4154874571122039,65.0,52.99,12.009999999999998,0.0
3533007,Nova Granada,SP,0.4152575741747998,70.0,72.36,-2.3599999999999994,1.0
2508307,Lagoa Seca,PB,0.4148572308872355,73.0,79.17,-6.170000000000002,1.0
2412559,São Miguel do Gostoso,RN,0.4148054787069707,48.0,43.39,4.609999999999999,1.0
3557303,Estiva Gerbi,SP,0.4138312090955655,62.0,62.29,-0.28999999999999915,1.0
4216503,São Joaquim,SC,0.4137916508825674,56.0,51.18,4.82,1.0
3514908,Elias Fausto,SP,0.4133258558805015,67.0,70.48,-3.480000000000004,1.0
3145851,Oratórios,MG,0.41319438081416937,77.0,69.6,7.400000000000006,0.0
4304903,Casca,RS,0.41276545669356957,80.0,81.22,-1.2199999999999989,1.0
2706448,Paripueira,AL,0.4120969646518723,66.0,49.22,16.78,0.0
2408706,Paraú,RN,0.4119101695581616,33.0,9.09,23.91,0.0
4207601,Ipira,SC,0.41105322719603543,80.0,77.31,2.6899999999999977,0.0
4211405,Nova Erechim,SC,0.41079653304904673,74.0,69.99,4.010000000000005,0.0
2914802,Itabuna,BA,0.41073586455721256,54.0,35.81,18.189999999999998,0.0
4314175,Pedras Altas,RS,0.4104538695114971,,62.5,,
4215109,Rodeio,SC,0.4100990218001681,68.0,63.57,4.43,0.0
3534609,Osvaldo Cruz,SP,0.4096418150725605,69.0,65.38,3.6200000000000045,1.0
2514206,São José da Lagoa Tapada,PB,0.40846346326022964,80.0,92.74,-12.739999999999995,1.0
3300407,Barra Mansa,RJ,0.40753874081035135,69.0,68.24,0.7600000000000051,1.0
3534104,Oriente,SP,0.4071974947739456,69.0,79.29,-10.290000000000006,1.0
4212007,Palma Sola,SC,0.4071794273231837,80.0,85.73,-5.730000000000004,1.0
2302909,Capistrano,CE,0.4061709416319955,79.0,74.48,4.519999999999996,0.0
1302009,Itapiranga,AM,0.4059928695481847,51.0,39.16,11.840000000000003,0.0
1501006,Aveiro,PA,0.4058279586290482,68.0,64.55,3.450000000000003,1.0
1301704,Humaitá,AM,0.40567298311252087,65.0,62.62,2.3800000000000026,1.0
1505650,Placas,PA,0.40541971770547136,65.0,69.95,-4.950000000000003,1.0
1508084,Tucumã,PA,0.40461650726210263,69.0,67.86,1.1400000000000006,1.0
4124004,Santana do Itararé,PR,0.4044735550579438,79.0,74.52,4.480000000000004,0.0
3301306,Casimiro de Abreu,RJ,0.40328253937879344,67.0,64.18,2.819999999999993,1.0
4105201,Cerro Azul,PR,0.4031095839617399,67.0,58.95,8.049999999999997,0.0
1500305,Afuá,PA,0.4029768024955851,53.0,52.94,0.060000000000002274,1.0
4216909,São Lourenço do Oeste,SC,0.40263784925587887,75.0,76.29,-1.2900000000000063,1.0
3519055,Holambra,SP,0.40242373359385253,69.0,58.31,10.689999999999998,0.0
4308458,Fortaleza dos Valos,RS,0.401762332302365,80.0,88.73,-8.730000000000004,1.0
2913606,Ilhéus,BA,0.40135899181526935,54.0,44.91,9.090000000000003,0.0
3301157,Cardoso Moreira,RJ,0.4010259659817583,54.0,53.96,0.03999999999999915,1.0
3138401,Leopoldina,MG,0.40098982905514924,69.0,61.49,7.509999999999998,0.0
3520103,Igarapava,SP,0.40017021968781974,63.0,53.96,9.04,0.0
4213807,Praia Grande,SC,0.3994474178051366,72.0,71.04,0.9599999999999937,1.0
1508001,Tomé-Açu,PA,0.3990922607299504,63.0,61.34,1.6599999999999966,1.0
3124401,Espírito Santo do Dourado,MG,0.3987978658295076,73.0,61.66,11.340000000000003,0.0
3518008,Guarani d'Oeste,SP,0.39878494056165203,80.0,100.0,-20.0,1.0
2211308,Valença do Piauí,PI,0.39836517578548114,65.0,55.42,9.579999999999998,0.0
3521804,Itaí,SP,0.3982333587380875,63.0,60.4,2.6000000000000014,1.0
2403103,Currais Novos,RN,0.3978152448282488,60.0,54.51,5.490000000000002,1.0
2112274,Tufilândia,MA,0.3976547351131039,56.0,39.44,16.560000000000002,0.0
1506302,Salvaterra,PA,0.39740973689845227,65.0,61.88,3.1199999999999974,1.0
2608305,Jupi,PE,0.3974047691556588,70.0,63.27,6.729999999999997,0.0
2103703,Cururupu,MA,0.3972464623215065,72.0,67.45,4.549999999999997,0.0
3507456,Borebi,SP,0.3971088095922355,70.0,75.01,-5.010000000000005,1.0
5005103,Jateí,MS,0.3967533073257742,73.0,64.29,8.709999999999994,0.0
3501608,Americana,SP,0.3965849556473737,69.0,72.52,-3.519999999999996,1.0
2930501,Serrinha,BA,0.395341411236798,49.0,33.15,15.850000000000001,0.0
2917508,Jacobina,BA,0.3947955628145642,53.0,40.65,12.350000000000001,0.0
3168408,Tarumirim,MG,0.3938530939245404,75.0,72.41,2.5900000000000034,0.0
2407203,Macau,RN,0.39372838886685246,51.0,43.0,8.0,1.0
1708304,Goianorte,TO,0.3935376941247599,66.0,75.32,-9.319999999999993,1.0
2111953,Sucupira do Riachão,MA,0.3932586101509383,77.0,61.86,15.14,0.0
4309407,Guaporé,RS,0.39325022474442073,61.0,63.21,-2.210000000000001,1.0
2806305,Santa Luzia do Itanhy,SE,0.3921061787362934,50.0,41.86,8.14,1.0
4212700,Petrolândia,SC,0.39149656595800053,72.0,77.83,-5.829999999999998,1.0
1301951,Itamarati,AM,0.39140671768193014,75.0,87.61,-12.61,1.0
2933257,Vereda,BA,0.3913538885281451,74.0,72.2,1.7999999999999972,1.0
2913408,Igaporã,BA,0.3908172489737075,68.0,59.8,8.200000000000003,0.0
2614808,Tacaratu,PE,0.3904677492139723,68.0,54.9,13.100000000000001,0.0
3520004,Igaraçu do Tietê,SP,0.3902553422451691,74.0,73.43,0.5699999999999932,1.0
3519907,Iepê,SP,0.39013440172057723,65.0,59.86,5.140000000000001,0.0
4311205,Júlio de Castilhos,RS,0.38900299803053906,56.0,55.84,0.1599999999999966,1.0
3546603,Santa Fé do Sul,SP,0.3888261240180655,69.0,65.58,3.4200000000000017,1.0
4103057,Boa Vista da Aparecida,PR,0.38877625731140186,76.0,61.43,14.57,0.0
1501105,Bagre,PA,0.3887682344620129,63.0,65.32,-2.319999999999993,1.0
3520301,Iguape,SP,0.3887525013518983,68.0,68.9,-0.9000000000000057,1.0
3155504,Rio Paranaíba,MG,0.388674458978686,79.0,80.09,-1.0900000000000034,1.0
2409704,Pedro Avelino,RN,0.3884247633858331,45.0,36.69,8.310000000000002,1.0
2604106,Caruaru,PE,0.3873614361532379,67.0,65.08,1.9200000000000017,1.0
2501203,Areial,PB,0.38669514671869853,80.0,82.27,-2.269999999999996,1.0
1504000,Limoeiro do Ajuru,PA,0.38659568618931606,63.0,61.26,1.740000000000002,1.0
3100708,Água Comprida,MG,0.3863619937242472,80.0,84.23,-4.230000000000004,1.0
2613107,São Caitano,PE,0.3857473086210249,62.0,52.38,9.619999999999997,0.0
4111258,Itaperuçu,PR,0.385278124765813,68.0,58.56,9.439999999999998,0.0
3502804,Araçatuba,SP,0.3849543709418365,72.0,70.53,1.4699999999999989,1.0
2415008,Vila Flor,RN,0.38486178608267185,45.0,34.0,11.0,0.0
1301100,Careiro,AM,0.3843848779250695,49.0,34.75,14.25,
4215356,Saltinho,SC,0.38333135584288136,80.0,94.5,-14.5,1.0
2903300,Barro Preto,BA,0.38283458663945025,59.0,50.32,8.68,0.0
4209409,Laguna,SC,0.38262619481480675,55.0,50.09,4.909999999999997,1.0
3526704,Leme,SP,0.3825998230291848,66.0,65.89,0.10999999999999943,1.0
1507953,Tailândia,PA,0.3821974080918148,58.0,56.13,1.8699999999999974,1.0
3300233,Armação dos Búzios,RJ,0.38193535514729515,73.0,73.38,-0.37999999999999545,1.0
2101251,Bacabeira,MA,0.3818214344775196,65.0,59.46,5.539999999999999,0.0
3516853,Gavião Peixoto,SP,0.3814427367156079,73.0,64.56,8.439999999999998,0.0
2604007,Carpina,PE,0.38129692634792034,72.0,72.65,-0.6500000000000057,1.0
3147006,Paracatu,MG,0.3803928834900683,72.0,68.57,3.430000000000007,0.0
5007901,Sidrolândia,MS,0.38019255436611366,57.0,46.65,10.350000000000001,0.0
3163409,São José do Goiabal,MG,0.3800329681212461,80.0,67.0,13.0,0.0
2501807,Bayeux,PB,0.3800157091198698,55.0,50.19,4.810000000000002,1.0
3501152,Alumínio,SP,0.37886620478211785,64.0,62.81,1.1899999999999977,1.0
1716703,Colméia,TO,0.37861196768608996,64.0,46.21,17.79,0.0
3541703,Quatá,SP,0.37861037598842895,73.0,77.3,-4.299999999999997,1.0
4215554,Santa Helena,SC,0.3783947615388752,79.0,91.18,-12.180000000000007,1.0
3530706,Mogi Guaçu,SP,0.37836601507748124,65.0,64.06,0.9399999999999977,1.0
3517406,Guaíra,SP,0.37808534423030704,67.0,67.96,-0.9599999999999937,1.0
2516607,Tavares,PB,0.377585124894531,77.0,74.22,2.780000000000001,0.0
3157336,Santa Cruz de Minas,MG,0.37754494329097066,71.0,69.39,1.6099999999999994,1.0
1300102,Anori,AM,0.3773717824770727,78.0,85.46,-7.459999999999994,1.0
3124203,Espera Feliz,MG,0.3772899678914353,75.0,74.56,0.4399999999999977,1.0
3556206,Valinhos,SP,0.3771421458433414,65.0,62.63,2.3699999999999974,1.0
2311603,Redenção,CE,0.37615351240590356,80.0,76.73,3.269999999999996,0.0
1505486,Pacajá,PA,0.37598504609908856,57.0,54.82,2.1799999999999997,1.0
3304003,Piraí,RJ,0.3759164704415192,69.0,66.05,2.950000000000003,1.0
3539400,Piratininga,SP,0.3755613669071107,64.0,64.22,-0.21999999999999886,1.0
5005202,Ladário,MS,0.37555552049214835,49.0,35.3,13.700000000000003,0.0
3160405,Santo Antônio do Monte,MG,0.3755115144462079,80.0,79.4,0.5999999999999943,0.0
1301407,Eirunepé,AM,0.37542607331786215,44.0,30.74,13.260000000000002,0.0
2806107,Rosário do Catete,SE,0.37513676167175913,58.0,58.91,-0.9099999999999966,1.0
3133105,Itanhandu,MG,0.3749944368179964,80.0,71.12,8.879999999999995,0.0
2902401,Aurelino Leal,BA,0.3749297900034785,60.0,45.11,14.89,0.0
2404002,Frutuoso Gomes,RN,0.3748221310679898,45.0,10.71,34.29,0.0
2932101,Ubaíra,BA,0.3747044440322511,63.0,55.1,7.899999999999999,0.0
2409605,Pedra Preta,RN,0.37451802161578507,60.0,64.62,-4.6200000000000045,1.0
4321006,Tapera,RS,0.37412521422155887,70.0,79.91,-9.909999999999997,1.0
3151404,Pitangui,MG,0.3740795253465081,80.0,75.82,4.180000000000007,0.0
3555000,Tupã,SP,0.37354955541292556,65.0,59.62,5.380000000000003,1.0
3154457,Riachinho,MG,0.37344210703156866,74.0,69.9,4.099999999999994,0.0
1100122,Ji-Paraná,RO,0.37343561958829075,80.0,75.63,4.3700000000000045,0.0
3136306,João Pinheiro,MG,0.3734180658265682,70.0,64.78,5.219999999999999,0.0
3129806,Ibirité,MG,0.3732215741772382,65.0,64.45,0.5499999999999972,1.0
2206803,Nossa Senhora dos Remédios,PI,0.3731269285929433,72.0,77.64,-5.640000000000001,1.0
3532504,Neves Paulista,SP,0.3729507244485242,80.0,87.08,-7.079999999999998,1.0
3535408,Panorama,SP,0.37293824140626963,80.0,83.63,-3.6299999999999955,1.0
3533403,Nova Odessa,SP,0.37238814459606506,67.0,63.43,3.5700000000000003,1.0
2500734,Amparo,PB,0.3717764151264197,80.0,100.0,-20.0,1.0
4207007,Içara,SC,0.3716035537947706,74.0,81.53,-7.530000000000001,1.0
3506508,Birigui,SP,0.37138312479496594,75.0,83.37,-8.370000000000005,1.0
4205605,Galvão,SC,0.37122485817843454,80.0,92.16,-12.159999999999997,1.0
2507101,Itapororoca,PB,0.3708931632279884,76.0,71.27,4.730000000000004,0.0
3544103,Rio Grande da Serra,SP,0.3708312316653799,54.0,42.86,11.14,0.0
1600501,Oiapoque,AP,0.37075962123716344,50.0,30.98,19.02,0.0
3304201,Resende,RJ,0.3700057620347842,74.0,71.69,2.3100000000000023,1.0
3126901,Frei Inocêncio,MG,0.3699387340172563,66.0,56.84,9.159999999999997,0.0
3510005,Cândido Mota,SP,0.3698569753525759,76.0,81.57,-5.569999999999993,1.0
3520608,Indiana,SP,0.36932034298294225,80.0,84.55,-4.549999999999997,1.0
3108503,Botumirim,MG,0.3692694372980143,80.0,82.0,-2.0,
2103505,Colinas,MA,0.3687456720853258,69.0,66.2,2.799999999999997,1.0
2911253,Gavião,BA,0.3687034509906951,70.0,56.17,13.829999999999998,0.0
3166709,Serra dos Aimorés,MG,0.3682188444796828,65.0,54.4,10.600000000000001,0.0
3553500,Tapiraí,SP,0.36799840127689654,66.0,64.41,1.5900000000000034,1.0
3506904,Bofete,SP,0.36789224319003433,62.0,52.13,9.869999999999997,0.0
4203956,Capivari de Baixo,SC,0.36644173246841505,62.0,54.28,7.719999999999999,
2800209,Aquidabã,SE,0.36460205049718986,46.0,37.51,8.490000000000002,1.0
2904100,Boquira,BA,0.36417335199379997,59.0,44.68,14.32,0.0
4219507,Xanxerê,SC,0.3639946266758658,73.0,77.71,-4.709999999999994,1.0
2928604,Santo Amaro,BA,0.36380402701719705,61.0,53.68,7.32,0.0
2600302,Agrestina,PE,0.36362343914926476,76.0,77.42,-1.4200000000000017,1.0
1508035,Tracuateua,PA,0.36293251089579415,64.0,91.42,-27.42,1.0
2513968,São Domingos,PB,0.36211646939388165,80.0,86.21,-6.209999999999994,1.0
3525706,José Bonifácio,SP,0.36192299032801245,67.0,64.82,2.180000000000007,1.0
4209201,Lacerdópolis,SC,0.36164730845807636,75.0,69.57,5.430000000000007,0.0
3505351,Barra do Chapéu,SP,0.36145223836597384,72.0,78.61,-6.609999999999999,1.0
1707702,Filadélfia,TO,0.36133497115184854,37.0,12.84,24.16,0.0
2933505,Wenceslau Guimarães,BA,0.36101199253239646,58.0,50.2,7.799999999999997,0.0
2800605,Barra dos Coqueiros,SE,0.3603786078601581,47.0,46.88,0.11999999999999744,1.0
2512721,Pedro Régis,PB,0.36011544970768194,63.0,70.45,-7.450000000000003,1.0
2411429,Santana do Seridó,RN,0.35973517253872545,66.0,77.78,-11.780000000000001,1.0
2931350,Teixeira de Freitas,BA,0.35960932770456533,65.0,61.49,3.509999999999998,1.0
3171204,Vespasiano,MG,0.359418539366293,67.0,69.8,-2.799999999999997,1.0
4204194,Chapadão do Lageado,SC,0.3590146593011714,66.0,60.59,5.409999999999997,1.0
2401404,Baía Formosa,RN,0.3588770188404996,50.0,47.04,2.960000000000001,1.0
3531407,Monte Aprazível,SP,0.3587572498898971,76.0,81.89,-5.890000000000001,1.0
3528908,Mariápolis,SP,0.3585602101181068,66.0,68.18,-2.180000000000007,1.0
2806800,São Domingos,SE,0.35842932165655206,52.0,51.98,0.020000000000003126,1.0
3508702,Caconde,SP,0.3577791588475592,75.0,78.01,-3.010000000000005,1.0
2100154,Água Doce do Maranhão,MA,0.3570501193772877,73.0,77.15,-4.150000000000006,1.0
3153400,Presidente Olegário,MG,0.35642888870933287,79.0,73.84,5.159999999999997,0.0
3553203,Taiúva,SP,0.3561971217619878,74.0,79.79,-5.790000000000006,1.0
3524204,Jaborandi,SP,0.35618342565597116,80.0,88.54,-8.540000000000006,1.0
2104701,Graça Aranha,MA,0.3553779077294845,76.0,70.84,5.159999999999997,0.0
2804409,Neópolis,SE,0.3550567357487613,46.0,42.37,3.6300000000000026,1.0
2401206,Arês,RN,0.3549610303087728,49.0,48.12,0.8800000000000026,1.0
4306056,Cristal,RS,0.3547446173814547,73.0,90.0,-17.0,1.0
2210359,São Lourenço do Piauí,PI,0.35471268469697326,80.0,71.9,8.099999999999994,0.0
2508604,Lucena,PB,0.354292576894639,63.0,69.91,-6.909999999999997,1.0
2411700,São Bento do Trairí,RN,0.35349550427715926,55.0,54.35,0.6499999999999986,1.0
2302008,Barro,CE,0.3534596214180499,74.0,74.63,-0.6299999999999955,1.0
3116209,Chiador,MG,0.3532493532452189,79.0,75.16,3.8400000000000034,0.0
3142007,Mirabela,MG,0.352249281209185,69.0,66.99,2.010000000000005,1.0
2932705,Uruçuca,BA,0.352175887265334,53.0,35.27,17.729999999999997,0.0
4300646,Ametista do Sul,RS,0.35192655673222895,64.0,61.64,2.3599999999999994,1.0
1600105,Amapá,AP,0.3515060097949956,54.0,44.46,9.54,0.0
4111308,Itaúna do Sul,PR,0.3512296269788965,79.0,88.81,-9.810000000000002,1.0
3160108,Santo Antônio do Grama,MG,0.35122715006172467,80.0,63.51,16.490000000000002,0.0
3537404,Pereira Barreto,SP,0.3509682093590263,73.0,67.62,5.3799999999999955,0.0
2502003,Belém do Brejo do Cruz,PB,0.3508986122928678,68.0,72.03,-4.030000000000001,1.0
4207205,Imaruí,SC,0.350541989278386,58.0,63.53,-5.530000000000001,1.0
3525904,Jundiaí,SP,0.3500942399880512,74.0,75.94,-1.9399999999999977,1.0
2505907,Emas,PB,0.3484682797976848,72.0,87.76,-15.760000000000005,1.0
4315172,Protásio Alves,RS,0.3481453289784906,80.0,96.88,-16.879999999999995,1.0
2601201,Arcoverde,PE,0.3478066541863639,69.0,62.75,6.25,0.0
3135357,Japonvar,MG,0.3477556976800208,77.0,88.24,-11.239999999999995,1.0
3509007,Caieiras,SP,0.3473101176205773,61.0,69.03,-8.030000000000001,1.0
3543253,Ribeirão Grande,SP,0.34672416604751455,71.0,83.0,-12.0,1.0
2406700,Lajes,RN,0.34662871123943684,52.0,43.78,8.219999999999999,1.0
4322905,Viadutos,RS,0.3459085522982932,80.0,83.33,-3.3299999999999983,1.0
3109204,Buenópolis,MG,0.34573736098283114,80.0,85.83,-5.829999999999998,1.0
4110201,Inácio Martins,PR,0.34562094077798067,76.0,71.31,4.689999999999998,0.0
3505807,Bastos,SP,0.34479534505191234,65.0,69.26,-4.260000000000005,1.0
3501004,Altinópolis,SP,0.3446584471948514,74.0,76.58,-2.5799999999999983,1.0
4205308,Faxinal dos Guedes,SC,0.343668130996699,66.0,59.83,6.170000000000002,0.0
2110856,São Francisco do Brejão,MA,0.3417238679634452,71.0,76.82,-5.819999999999993,1.0
3132800,Itambé do Mato Dentro,MG,0.3411635155056333,79.0,76.47,2.530000000000001,0.0
4304804,Carlos Barbosa,RS,0.34004509668628624,73.0,76.32,-3.319999999999993,1.0
3535705,Paraíso,SP,0.33943427625355904,78.0,67.33,10.670000000000002,0.0
3112802,Capitólio,MG,0.33918088671490554,80.0,78.94,1.0600000000000023,0.0
4210100,Mafra,SC,0.339166922118764,76.0,76.3,-0.29999999999999716,1.0
4304622,Capão Bonito do Sul,RS,0.33904429640316425,66.0,72.22,-6.219999999999999,1.0
2922755,Nova Ibiá,BA,0.3388401457430976,65.0,47.15,17.85,0.0
3512803,Cosmópolis,SP,0.3383226616887839,66.0,63.42,2.5799999999999983,1.0
2613800,São Vicente Férrer,PE,0.3382596968262803,64.0,59.41,4.590000000000003,1.0
3545704,Santa Albertina,SP,0.3376630244032035,72.0,74.19,-2.1899999999999977,1.0
3102803,Andrelândia,MG,0.33754146655284756,71.0,67.4,3.5999999999999943,0.0
2611101,Petrolina,PE,0.3371731192988823,73.0,72.81,0.18999999999999773,1.0
4306932,Entre-Ijuís,RS,0.33707477687991527,62.0,68.18,-6.180000000000007,1.0
4309803,Ibiaçá,RS,0.3370494512340507,75.0,87.5,-12.5,1.0
1720978,Talismã,TO,0.33685320892048387,61.0,53.85,7.149999999999999,0.0
4200705,Alfredo Wagner,SC,0.3364743314916633,61.0,56.98,4.020000000000003,1.0
3538501,Piquete,SP,0.3363494383544231,72.0,79.49,-7.489999999999995,1.0
1504059,Mãe do Rio,PA,0.3359072460656103,62.0,61.55,0.45000000000000284,1.0
4209458,Lajeado Grande,SC,0.33560692364550704,79.0,92.56,-13.560000000000002,1.0
3142205,Miraí,MG,0.3347374390429809,80.0,81.52,-1.519999999999996,1.0
4215075,Riqueza,SC,0.33410957721038315,80.0,87.91,-7.909999999999997,1.0
3148004,Patos de Minas,MG,0.33369707576627616,74.0,67.07,6.930000000000007,0.0
3537909,Pilar do Sul,SP,0.3332460094210655,68.0,67.71,0.29000000000000625,1.0
4214003,Presidente Getúlio,SC,0.33282713306304224,71.0,81.57,-10.569999999999993,1.0
1304203,Tefé,AM,0.33257205610789997,53.0,50.64,2.3599999999999994,1.0
4200408,Água Doce,SC,0.3324499477085574,72.0,69.72,2.280000000000001,1.0
4319372,São Pedro do Butiá,RS,0.33217937063093295,80.0,100.0,-20.0,1.0
1718865,Santa Fé do Araguaia,TO,0.3321317373674586,42.0,27.63,14.370000000000001,0.0
3550803,São Sebastião da Grama,SP,0.33206494667264363,72.0,76.36,-4.359999999999999,1.0
4212650,Pescaria Brava,SC,0.332019970510225,59.0,73.14,-14.14,1.0
3547502,Santa Rita do Passa Quatro,SP,0.3317211401491533,71.0,68.31,2.6899999999999977,1.0
3542107,Rafard,SP,0.3315387102979961,80.0,89.73,-9.730000000000004,1.0
3110202,Cajuri,MG,0.3312526140523918,72.0,65.48,6.519999999999996,0.0
1507805,Senador José Porfírio,PA,0.3311073328679509,55.0,59.68,-4.68,1.0
2403806,Florânia,RN,0.3294936184185251,57.0,54.27,2.729999999999997,1.0
1502855,Curuá,PA,0.32940088579738225,58.0,50.92,7.079999999999998,1.0
1507466,São João da Ponta,PA,0.32937459065594366,57.0,46.8,10.200000000000003,0.0
3542206,Rancharia,SP,0.3284561593231058,70.0,74.86,-4.859999999999999,1.0
2207306,Paes Landim,PI,0.32763121812840024,65.0,55.56,9.439999999999998,0.0
1714302,Nazaré,TO,0.32677082525857504,62.0,72.71,-10.709999999999994,1.0
3515186,Espírito Santo do Pinhal,SP,0.32666628124903807,72.0,74.52,-2.519999999999996,1.0
3507803,Brodowski,SP,0.3265684500082595,66.0,69.93,-3.930000000000007,1.0
2928802,Santo Estêvão,BA,0.32637546060638645,55.0,44.37,10.630000000000003,0.0
3137601,Lagoa Santa,MG,0.3262162262038023,70.0,66.14,3.8599999999999994,0.0
1501907,Bujaru,PA,0.3260167510631087,65.0,64.48,0.519999999999996,1.0
5000252,Alcinópolis,MS,0.32601577209922517,78.0,78.44,-0.4399999999999977,1.0
5007703,Sete Quedas,MS,0.32599913596208896,67.0,78.92,-11.920000000000002,1.0
2301802,Baixio,CE,0.32574384777931487,80.0,75.53,4.469999999999999,0.0
4213302,Ponte Alta,SC,0.3253174205819608,60.0,53.13,6.869999999999997,1.0
1400175,Cantá,RR,0.325013637881824,62.0,54.48,7.520000000000003,
4205803,Garuva,SC,0.3248269159612993,67.0,73.88,-6.8799999999999955,1.0
4219309,Videira,SC,0.323987781862495,68.0,67.46,0.5400000000000063,1.0
2919207,Lauro de Freitas,BA,0.3236652378127489,52.0,38.9,13.100000000000001,0.0
5100508,Alto Paraguai,MT,0.3229990867365701,73.0,65.0,8.0,0.0
3146305,Padre Paraíso,MG,0.322843811623591,64.0,67.6,-3.5999999999999943,1.0
4202503,Bom Jardim da Serra,SC,0.3219958619339014,59.0,80.08,-21.08,1.0
3133303,Itaobim,MG,0.32186843106776486,64.0,62.9,1.1000000000000014,1.0
3513405,Cruzeiro,SP,0.32160289991440705,59.0,55.44,3.5600000000000023,1.0
3508108,Buritama,SP,0.32152686437206424,72.0,69.47,2.530000000000001,1.0
3170438,União de Minas,MG,0.32121191915587366,76.0,71.57,4.430000000000007,0.0
3527256,Lourdes,SP,0.3208261583423303,77.0,76.45,0.5499999999999972,1.0
2910800,Feira de Santana,BA,0.32051737352215715,54.0,48.66,5.340000000000003,1.0
3170305,Umburatiba,MG,0.3202917774264543,71.0,70.0,1.0,1.0
1504901,Muaná,PA,0.3202096316096805,57.0,61.41,-4.409999999999997,1.0
3538303,Piquerobi,SP,0.3197890868374246,68.0,82.94,-14.939999999999998,1.0
1100924,Chupinguaia,RO,0.3196667359208629,80.0,74.24,5.760000000000005,0.0
2104800,Grajaú,MA,0.3192236482911053,60.0,54.15,5.850000000000001,1.0
4312385,Monte Belo do Sul,RS,0.3192054063894427,80.0,88.89,-8.89,1.0
3536505,Paulínia,SP,0.31900319532369537,64.0,67.61,-3.6099999999999994,1.0
2512788,Riacho de Santo Antônio,PB,0.3189864073856622,79.0,90.91,-11.909999999999997,1.0
1503002,Faro,PA,0.3188801025986896,65.0,68.83,-3.8299999999999983,1.0
3153004,Pratinha,MG,0.3188458937248779,80.0,93.9,-13.900000000000006,1.0
4101200,Antonina,PR,0.3185866295651316,73.0,63.1,9.899999999999999,0.0
3170529,Urucuia,MG,0.3176273123521063,68.0,56.86,11.14,0.0
1501956,Cachoeira do Piriá,PA,0.31716925055983103,63.0,69.29,-6.290000000000006,1.0
1506112,Quatipuru,PA,0.31713777440182256,64.0,70.7,-6.700000000000003,1.0
3548005,Santo Antônio de Posse,SP,0.31701089353634904,67.0,70.98,-3.980000000000004,1.0
2511806,Pirpirituba,PB,0.31695175635070416,56.0,45.43,10.57,0.0
2928059,Santa Luzia,BA,0.31694901204089954,55.0,41.33,13.670000000000002,0.0
2103604,Coroatá,MA,0.3168300281873071,60.0,46.15,13.850000000000001,0.0
2502904,Brejo dos Santos,PB,0.3164106032801661,62.0,27.66,34.34,0.0
3141405,Medina,MG,0.3160211422508341,75.0,81.16,-6.159999999999997,1.0
2921708,Morro do Chapéu,BA,0.31488145869248174,57.0,47.03,9.969999999999999,0.0
4217600,Siderópolis,SC,0.31474101899444085,70.0,81.82,-11.819999999999993,1.0
4127601,Tijucas do Sul,PR,0.3140627696091134,79.0,78.01,0.9899999999999949,0.0
3529104,Marinópolis,SP,0.3139233065777083,80.0,69.23,10.769999999999996,0.0
3548609,São Bento do Sapucaí,SP,0.31376431262223603,71.0,77.34,-6.340000000000003,1.0
4307864,Fagundes Varela,RS,0.31319255829401493,80.0,93.1,-13.099999999999994,1.0
2610103,Palmeirina,PE,0.3131771965871315,70.0,70.48,-0.480000000000004,1.0
4300406,Alegrete,RS,0.3127199847503599,,44.5,,
2931400,Teodoro Sampaio,BA,0.31246234139351714,60.0,52.33,7.670000000000002,0.0
4305934,Coronel Pilar,RS,0.31162082944371416,80.0,83.33,-3.3299999999999983,1.0
2305506,Iguatu,CE,0.3113775076237407,68.0,65.46,2.5400000000000063,1.0
2209807,São Gonçalo do Piauí,PI,0.31123475317724447,80.0,75.73,4.269999999999996,0.0
4305116,Centenário,RS,0.3111442258807593,77.0,85.71,-8.709999999999994,1.0
1505031,Novo Progresso,PA,0.3109843073469867,70.0,67.35,2.6500000000000057,1.0
2606101,Glória do Goitá,PE,0.31035794416183615,75.0,75.64,-0.6400000000000006,1.0
2311355,Quixelô,CE,0.31023383274860306,80.0,76.74,3.260000000000005,0.0
2114007,Zé Doca,MA,0.3099623496854975,80.0,81.33,-1.3299999999999983,1.0
4212254,Passo de Torres,SC,0.30982456298558536,67.0,65.65,1.3499999999999943,1.0
1506500,Santa Izabel do Pará,PA,0.30953346529985226,59.0,55.05,3.950000000000003,1.0
3508405,Cabreúva,SP,0.30931682717579156,64.0,59.79,4.210000000000001,1.0
2514800,São José dos Cordeiros,PB,0.3092430880624174,80.0,70.0,10.0,0.0
3128402,Guarani,MG,0.30882462343558736,80.0,82.24,-2.239999999999995,1.0
4211108,Monte Castelo,SC,0.30838252720172654,57.0,60.91,-3.9099999999999966,1.0
3167707,Sobrália,MG,0.30790389768719184,73.0,69.75,3.25,0.0
1400209,Caracaraí,RR,0.30788161453577767,60.0,43.94,16.060000000000002,
3303955,Pinheiral,RJ,0.30774894216003634,65.0,66.08,-1.0799999999999983,1.0
3506102,Bebedouro,SP,0.3076271605621068,64.0,62.52,1.4799999999999969,1.0
3503802,Artur Nogueira,SP,0.30758317645420685,64.0,69.18,-5.180000000000007,1.0
2303204,Caririaçu,CE,0.30733719915528523,80.0,80.38,-0.37999999999999545,1.0
1707207,Dois Irmãos do Tocantins,TO,0.3071993552985136,64.0,64.19,-0.18999999999999773,1.0
2200301,Alto Longá,PI,0.30703849231281966,80.0,75.79,4.209999999999994,0.0
2408409,Olho d'Água do Borges,RN,0.3064190506358556,49.0,47.65,1.3500000000000014,1.0
3506607,Biritiba Mirim,SP,0.30640429887312814,60.0,55.95,4.049999999999997,1.0
4204152,Celso Ramos,SC,0.30623628132966796,79.0,93.47,-14.469999999999999,1.0
3502507,Aparecida,SP,0.3060807794068119,61.0,60.23,0.7700000000000031,1.0
2908606,Conde,BA,0.3060636397098492,59.0,54.56,4.439999999999998,1.0
2508000,Juru,PB,0.30584008378116456,73.0,86.78,-13.780000000000001,1.0
2402006,Caicó,RN,0.30527551343697423,56.0,53.46,2.539999999999999,1.0
2607653,Itambé,PE,0.3045255765281576,64.0,66.87,-2.8700000000000045,1.0
3139300,Manga,MG,0.3042043476266687,48.0,31.37,16.63,0.0
1400100,Boa Vista,RR,0.3041517749760455,65.0,62.17,2.8299999999999983,
4305871,Coronel Barros,RS,0.3037540241812502,,71.81,,
2512705,Remígio,PB,0.3037163350581559,69.0,68.86,0.14000000000000057,1.0
3129400,Ibertioga,MG,0.30347763033715924,80.0,77.44,2.5600000000000023,0.0
3139102,Madre de Deus de Minas,MG,0.3033889527179243,74.0,67.85,6.150000000000006,0.0
4204707,Cunha Porã,SC,0.30304782777263917,80.0,85.66,-5.659999999999997,1.0
2106201,Luís Domingues,MA,0.302948083610582,78.0,73.41,4.590000000000003,0.0
2404200,Goianinha,RN,0.3023121131067973,47.0,46.43,0.5700000000000003,1.0
2109759,Santa Filomena do Maranhão,MA,0.3022941029239681,57.0,45.99,11.009999999999998,0.0
2110203,Santa Rita,MA,0.30206543767631366,69.0,68.21,0.7900000000000063,1.0
3516903,General Salgado,SP,0.30164730073481183,70.0,69.65,0.3499999999999943,1.0
3554805,Tremembé,SP,0.3013160744345612,61.0,56.17,4.829999999999998,1.0
3546306,Santa Cruz das Palmeiras,SP,0.3011540549930113,64.0,60.48,3.520000000000003,1.0
3126950,Frei Lagonegro,MG,0.3009711801935657,80.0,87.1,-7.099999999999994,
2400901,Antônio Martins,RN,0.3009709719572171,49.0,48.0,1.0,1.0
3157377,Santa Cruz de Salinas,MG,0.3009155174244119,80.0,83.33,-3.3299999999999983,1.0
3506706,Boa Esperança do Sul,SP,0.3008401046372614,60.0,54.9,5.100000000000001,1.0
4205456,Forquilhinha,SC,0.30055995822301795,69.0,73.15,-4.150000000000006,1.0
3504404,Avanhandava,SP,0.30043660398719185,75.0,86.33,-11.329999999999998,1.0
2608909,Limoeiro,PE,0.30008632201477614,76.0,76.69,-0.6899999999999977,1.0
4202073,Balneário Gaivota,SC,0.29959712519815795,61.0,63.82,-2.8200000000000003,1.0
3156502,Rubelita,MG,0.29943749728659297,80.0,84.18,-4.180000000000007,1.0
3552106,Socorro,SP,0.298426863442237,65.0,62.74,2.259999999999998,1.0
4109401,Guarapuava,PR,0.2980262754076093,77.0,75.11,1.8900000000000006,0.0
2606804,Igarassu,PE,0.2974203183881666,71.0,75.35,-4.349999999999994,1.0
3500105,Adamantina,SP,0.2973985077394603,73.0,82.63,-9.629999999999995,1.0
3166808,Serra do Salitre,MG,0.297312614590426,69.0,56.41,12.590000000000003,0.0
3145307,Novo Cruzeiro,MG,0.29675020810051933,78.0,78.72,-0.7199999999999989,1.0
2920403,Manoel Vitorino,BA,0.29667485155095596,59.0,43.47,15.530000000000001,0.0
2507705,Juazeirinho,PB,0.2959196681091286,65.0,66.42,-1.4200000000000017,1.0
3113701,Carlos Chagas,MG,0.29578884568244834,68.0,68.08,-0.0799999999999983,1.0
3522703,Itápolis,SP,0.29562620036400566,73.0,71.74,1.2600000000000051,1.0
3514957,Embaúba,SP,0.2953413186941809,80.0,85.71,-5.709999999999994,1.0
2112456,Turilândia,MA,0.2952748041773091,68.0,72.43,-4.430000000000007,1.0
3300902,Cambuci,RJ,0.29522240580982373,74.0,82.34,-8.340000000000003,1.0
2306405,Itapipoca,CE,0.29510289750155116,80.0,88.17,-8.170000000000002,1.0
2609204,Maraial,PE,0.2948916258843949,74.0,81.54,-7.540000000000006,1.0
1400159,Bonfim,RR,0.29463899853878983,51.0,35.84,15.159999999999997,
2801702,Cristinápolis,SE,0.2941628049192021,49.0,44.43,4.57,1.0
4311908,Marcelino Ramos,RS,0.29375143919117186,76.0,78.71,-2.7099999999999937,1.0
2512309,Princesa Isabel,PB,0.2935354226825211,80.0,75.87,4.1299999999999955,0.0
3551207,Sarutaiá,SP,0.2932312906553607,79.0,89.24,-10.239999999999995,1.0
2612208,Salgueiro,PE,0.2931308107857288,78.0,82.76,-4.760000000000005,1.0
3107307,Bocaiúva,MG,0.29291272229181,74.0,72.66,1.3400000000000034,1.0
1400233,Caroebe,RR,0.2926501947082587,60.0,44.04,15.96,
3502309,Anhembi,SP,0.2920096410826233,58.0,54.6,3.3999999999999986,1.0
5100359,Alto Boa Vista,MT,0.2906075248501977,80.0,82.38,-2.3799999999999955,1.0
1200427,Rodrigues Alves,AC,0.29018748314858,65.0,67.07,-2.069999999999993,1.0
3536703,Pederneiras,SP,0.28965354568462875,57.0,57.52,-0.5200000000000031,1.0
4308656,Garruchos,RS,0.2893658341435811,56.0,50.0,6.0,
3157278,Santa Bárbara do Monte Verde,MG,0.28928849344044694,65.0,53.89,11.11,0.0
2301000,Aquiraz,CE,0.28847554129015096,80.0,86.63,-6.6299999999999955,1.0
2806701,São Cristóvão,SE,0.2879625993163565,67.0,85.27,-18.269999999999996,1.0
3508801,Cafelândia,SP,0.2878053599650451,70.0,80.31,-10.310000000000002,1.0
2303600,Catarina,CE,0.2871037747982329,80.0,82.13,-2.1299999999999955,1.0
3541901,Queluz,SP,0.28699470631504964,71.0,77.8,-6.799999999999997,1.0
1600550,Pracuúba,AP,0.28699180047804695,57.0,40.85,16.15,0.0
2914703,Itaberaba,BA,0.28690967406433776,60.0,51.85,8.149999999999999,0.0
2601706,Belo Jardim,PE,0.2868614053390104,64.0,68.24,-4.239999999999995,1.0
2929107,São Felipe,BA,0.28656749315864105,62.0,49.8,12.200000000000003,0.0
2802908,Itabaiana,SE,0.2863290331818191,50.0,41.89,8.11,1.0
2109551,Ribamar Fiquene,MA,0.2863242253672875,67.0,72.26,-5.260000000000005,1.0
2603009,Cabrobó,PE,0.28587101676716475,74.0,79.75,-5.75,1.0
4208955,Jardinópolis,SC,0.2856787157074544,80.0,92.31,-12.310000000000002,1.0
2513356,Santa Inês,PB,0.28565932694763985,66.0,63.16,2.8400000000000034,1.0
4218905,Urubici,SC,0.28550281800511457,70.0,73.7,-3.700000000000003,1.0
4216008,São Carlos,SC,0.28535546601727146,80.0,81.96,-1.9599999999999937,1.0
3502200,Angatuba,SP,0.2852410228739042,64.0,64.6,-0.5999999999999943,1.0
3523305,Itariri,SP,0.285112335338776,70.0,74.85,-4.849999999999994,1.0
3521408,Iracemápolis,SP,0.284396201570391,69.0,66.53,2.469999999999999,1.0
1703800,Buriti do Tocantins,TO,0.2843300934742219,62.0,60.7,1.2999999999999972,1.0
3167202,Sete Lagoas,MG,0.28426940000227785,66.0,61.66,4.340000000000003,1.0
2613206,São João,PE,0.28410959758250975,70.0,72.92,-2.9200000000000017,1.0
3306156,Varre-Sai,RJ,0.2841077274377627,80.0,87.7,-7.700000000000003,1.0
2105351,Itaipava do Grajaú,MA,0.28398699586664056,80.0,90.95,-10.950000000000003,1.0
3133907,Itaverava,MG,0.2839360743463376,78.0,82.35,-4.349999999999994,1.0
1502509,Chaves,PA,0.2838279823401122,62.0,57.97,4.030000000000001,1.0
2913507,Iguaí,BA,0.2832113990511802,64.0,63.43,0.5700000000000003,1.0
3304151,Quissamã,RJ,0.2831719409646911,73.0,75.88,-2.8799999999999955,1.0
3111606,Campos Gerais,MG,0.2828550170961054,72.0,68.79,3.2099999999999937,0.0
4207502,Indaial,SC,0.28274254000198173,67.0,70.89,-3.8900000000000006,1.0
2800407,Arauá,SE,0.2825967743266681,53.0,58.02,-5.020000000000003,1.0
3542305,Redenção da Serra,SP,0.28233103943093896,80.0,83.72,-3.719999999999999,1.0
3146404,Paineiras,MG,0.28220220573122956,79.0,75.0,4.0,0.0
4210407,Maracajá,SC,0.2821786385276668,69.0,65.88,3.1200000000000045,1.0
2203008,Cristalândia do Piauí,PI,0.28216118784186395,80.0,79.14,0.8599999999999994,0.0
3502606,Aparecida d'Oeste,SP,0.28175973648089225,73.0,62.04,10.96,0.0
3514403,Dracena,SP,0.28115512646758023,71.0,73.96,-2.9599999999999937,1.0
3521903,Itajobi,SP,0.28115164779028556,80.0,83.84,-3.8400000000000034,1.0
2111706,São Vicente Ferrer,MA,0.280910357362952,70.0,58.19,11.810000000000002,0.0
3517307,Guaimbê,SP,0.280639750127882,80.0,89.57,-9.569999999999993,1.0
3140100,Marilac,MG,0.2802440387926268,71.0,74.19,-3.1899999999999977,1.0
3504206,Auriflama,SP,0.28008557072563744,74.0,79.23,-5.230000000000004,1.0
1502764,Cumaru do Norte,PA,0.2797887763986986,65.0,73.13,-8.129999999999995,1.0
3548104,Santo Antônio do Jardim,SP,0.279724845528164,75.0,79.69,-4.689999999999998,1.0
3160207,Santo Antônio do Itambé,MG,0.27944803988190337,63.0,68.92,-5.920000000000002,1.0
4214201,Quilombo,SC,0.27929410034336677,73.0,76.54,-3.5400000000000063,1.0
4202578,Bom Jesus do Oeste,SC,0.27898506027268744,76.0,71.88,4.1200000000000045,0.0
1712009,Lajeado,TO,0.27876730141308526,59.0,60.15,-1.1499999999999986,1.0
3550407,São Pedro,SP,0.27862278994257195,65.0,64.97,0.030000000000001137,1.0
3523404,Itatiba,SP,0.2781293828533281,72.0,78.03,-6.030000000000001,1.0
2105658,Junco do Maranhão,MA,0.2780927948352281,80.0,93.48,-13.480000000000004,1.0
1300029,Alvarães,AM,0.2776725346546628,59.0,67.85,-8.849999999999994,1.0
4312427,Mormaço,RS,0.27755408057313513,80.0,90.91,-10.909999999999997,1.0
4202206,Benedito Novo,SC,0.2774452817881321,70.0,77.0,-7.0,1.0
3123528,Durandé,MG,0.27730430356532687,79.0,85.97,-6.969999999999999,1.0
4205506,Fraiburgo,SC,0.277217121667406,73.0,79.6,-6.599999999999994,1.0
2929206,São Francisco do Conde,BA,0.2767761360124721,53.0,43.03,9.969999999999999,0.0
3115458,Catuji,MG,0.276705287548924,57.0,42.89,14.11,0.0
3125804,Fernandes Tourinho,MG,0.2760633273131412,71.0,80.13,-9.129999999999995,1.0
1702158,Araguanã,TO,0.27599824353031654,58.0,52.23,5.770000000000003,1.0
3169208,Tombos,MG,0.2759181261195084,,70.0,,
1503903,Juruti,PA,0.27583605691184543,64.0,77.9,-13.900000000000006,1.0
2300754,Amontada,CE,0.27547909645972846,80.0,86.94,-6.939999999999998,1.0
2504504,Condado,PB,0.2753042316795634,68.0,64.95,3.049999999999997,1.0
3546900,Santa Lúcia,SP,0.2752803311565162,73.0,76.57,-3.569999999999993,1.0
3536802,Pedra Bela,SP,0.2752006650206319,60.0,59.61,0.39000000000000057,1.0
3302056,Italva,RJ,0.27458677976096435,67.0,64.84,2.1599999999999966,1.0
2923001,Nova Viçosa,BA,0.2745036802966323,68.0,64.65,3.3499999999999943,1.0
3549102,São João da Boa Vista,SP,0.27435456872925645,67.0,64.28,2.719999999999999,1.0
3301405,Conceição de Macabu,RJ,0.27412598178861713,64.0,62.34,1.6599999999999966,1.0
3124302,Espinosa,MG,0.2739348868288727,72.0,83.0,-11.0,1.0
4209151,José Boiteux,SC,0.27378322704185176,57.0,59.24,-2.240000000000002,1.0
3547106,Santa Mercedes,SP,0.2735668711461765,80.0,86.58,-6.579999999999998,1.0
2900504,Érico Cardoso,BA,0.2734851692016098,74.0,91.46,-17.459999999999994,1.0
2933109,Várzea do Poço,BA,0.27330198619134827,62.0,48.21,13.79,0.0
2613701,São Lourenço da Mata,PE,0.2730682313628666,61.0,60.31,0.6899999999999977,1.0
4302378,Bom Progresso,RS,0.27301092288831563,68.0,70.59,-2.5900000000000034,1.0
3300258,Arraial do Cabo,RJ,0.27267179934290253,65.0,63.35,1.6499999999999986,1.0
3162559,São João do Manhuaçu,MG,0.272431774268044,78.0,80.1,-2.0999999999999943,1.0
4215695,Santiago do Sul,SC,0.27205701018270256,77.0,81.25,-4.25,1.0
3152808,Prata,MG,0.27152047843999005,67.0,63.8,3.200000000000003,1.0
3119203,Coroaci,MG,0.27123679442266035,,69.05,,
2805505,Poço Verde,SE,0.2712166776864652,53.0,47.72,5.280000000000001,1.0
3518909,Guzolândia,SP,0.2711551269801389,80.0,95.31,-15.310000000000002,1.0
2600401,Água Preta,PE,0.2707817723767352,70.0,77.71,-7.709999999999994,1.0
3528205,Macedônia,SP,0.2707807726524243,80.0,93.62,-13.620000000000005,1.0
2610905,Pesqueira,PE,0.2705996287939395,69.0,69.62,-0.6200000000000045,1.0
3532405,Nazaré Paulista,SP,0.2704704068112249,63.0,61.19,1.8100000000000023,1.0
2901353,Andorinha,BA,0.27000154884182215,55.0,46.01,8.990000000000002,0.0
2923803,Paripiranga,BA,0.26998652722708216,65.0,59.75,5.25,0.0
2109601,Rosário,MA,0.26968225169849425,68.0,63.51,4.490000000000002,1.0
4108502,General Carneiro,PR,0.2693600348712787,79.0,79.22,-0.21999999999999886,1.0
3551108,Sarapuí,SP,0.2692882360436354,60.0,59.34,0.6599999999999966,1.0
1502400,Castanhal,PA,0.2692069620351174,50.0,43.11,6.890000000000001,1.0
2109106,Presidente Dutra,MA,0.26868238557353896,67.0,67.43,-0.4300000000000068,1.0
3109451,Cabeceira Grande,MG,0.2683037986314334,59.0,42.07,16.93,0.0
1703891,Carrasco Bonito,TO,0.26800070567046363,55.0,63.23,-8.229999999999997,1.0
2803807,Malhada dos Bois,SE,0.26789414239581044,59.0,65.52,-6.519999999999996,1.0
2615003,Taquaritinga do Norte,PE,0.26784725330259385,69.0,68.77,0.23000000000000398,1.0
2503001,Caaporã,PB,0.26708936657399796,58.0,64.59,-6.590000000000003,1.0
3113305,Carangola,MG,0.2670138419777097,65.0,61.47,3.530000000000001,1.0
3536406,Paulicéia,SP,0.2668208801139297,73.0,71.55,1.4500000000000028,1.0
2910727,Eunápolis,BA,0.2665300741192185,56.0,48.05,7.950000000000003,0.0
2309607,Pacajus,CE,0.2664558711239311,80.0,87.37,-7.3700000000000045,1.0
3550902,São Simão,SP,0.2664459426605935,71.0,75.38,-4.3799999999999955,1.0
1505635,Piçarra,PA,0.2661215133949546,69.0,80.68,-11.680000000000007,1.0
4217808,Taió,SC,0.26607064755428955,74.0,77.65,-3.6500000000000057,1.0
2411205,Santa Cruz,RN,0.2659653310497555,46.0,39.87,6.130000000000003,1.0
2601607,Belém do São Francisco,PE,0.26582052816794755,65.0,50.7,14.299999999999997,0.0
4115705,Matinhos,PR,0.26577635417712353,75.0,70.39,4.609999999999999,0.0
4213401,Ponte Serrada,SC,0.26567373419459506,66.0,71.08,-5.079999999999998,1.0
2611705,Riacho das Almas,PE,0.2654962758996784,72.0,71.53,0.46999999999999886,1.0
2207793,Pau D'Arco do Piauí,PI,0.2651737744093877,80.0,90.91,-10.909999999999997,1.0
2600609,Alagoinha,PE,0.2651481365894638,61.0,50.38,10.619999999999997,0.0
4306320,Derrubadas,RS,0.26478037185821224,64.0,54.84,9.159999999999997,0.0
3541802,Queiroz,SP,0.2644637246508459,80.0,87.45,-7.450000000000003,1.0
3134806,Jacuí,MG,0.26428967150193816,75.0,64.28,10.719999999999999,0.0
2405405,Japi,RN,0.26425894613507606,41.0,39.53,1.4699999999999989,1.0
1715101,Novo Acordo,TO,0.26424909066497615,59.0,55.68,3.3200000000000003,1.0
4300471,Almirante Tamandaré do Sul,RS,0.26389725616250626,61.0,52.48,8.520000000000003,
2209401,Santo Antônio de Lisboa,PI,0.26384603167507825,70.0,67.99,2.010000000000005,1.0
3154903,Rio Casca,MG,0.2635397740245523,69.0,76.05,-7.049999999999997,1.0
1506161,Rio Maria,PA,0.2632527992934106,60.0,51.37,8.630000000000003,0.0
1507607,São Miguel do Guamá,PA,0.2630982597409117,58.0,52.32,5.68,1.0
2401008,Apodi,RN,0.26293512824958964,57.0,63.95,-6.950000000000003,1.0
2805307,Pirambu,SE,0.2622845600790551,50.0,48.09,1.9099999999999966,1.0
2504033,Capim,PB,0.2622729044187566,68.0,70.59,-2.5900000000000034,1.0
3157104,Salto da Divisa,MG,0.2620056492391025,61.0,48.56,12.439999999999998,0.0
3165552,Setubinha,MG,0.2619358593440859,64.0,60.0,4.0,1.0
3524907,Jambeiro,SP,0.2619320540037636,69.0,76.59,-7.590000000000003,1.0
2108900,Poção de Pedras,MA,0.26185351635154064,80.0,84.2,-4.200000000000003,1.0
3505203,Bariri,SP,0.2616809712717745,72.0,76.3,-4.299999999999997,1.0
4218756,Tunápolis,SC,0.26165925643049326,76.0,76.08,-0.0799999999999983,1.0
4205191,Ermo,SC,0.26145124014889853,74.0,79.5,-5.5,1.0
2509800,Mulungu,PB,0.26115524473317975,68.0,64.58,3.4200000000000017,1.0
3521507,Irapuã,SP,0.2610756489035573,74.0,75.41,-1.4099999999999966,1.0
3510203,Capão Bonito,SP,0.26104218255313916,71.0,74.28,-3.280000000000001,1.0
3108107,Bonfim,MG,0.2605322144101674,74.0,59.63,14.369999999999997,0.0
2615409,Toritama,PE,0.2604147281497772,65.0,64.89,0.10999999999999943,1.0
2908002,Coaraci,BA,0.2604138641152546,57.0,49.19,7.810000000000002,0.0
1503754,Jacareacanga,PA,0.2602592617525842,43.0,47.21,-4.210000000000001,1.0
4219200,Vidal Ramos,SC,0.25969750235229083,76.0,79.76,-3.760000000000005,1.0
3158953,Santana do Paraíso,MG,0.2594762154039081,75.0,72.83,2.1700000000000017,1.0
4215208,Romelândia,SC,0.2593147527037438,66.0,60.32,5.68,0.0
3532827,Nova Campina,SP,0.2589194276102371,62.0,59.01,2.990000000000002,1.0
4119954,Pontal do Paraná,PR,0.2587433814749107,75.0,68.86,6.140000000000001,0.0
3304706,Santo Antônio de Pádua,RJ,0.25868981315281736,73.0,81.37,-8.370000000000005,1.0
3537701,Piacatu,SP,0.2584872466291718,80.0,96.52,-16.519999999999996,1.0
3511904,Clementina,SP,0.25839871079727883,65.0,70.95,-5.950000000000003,1.0
5207907,Flores de Goiás,GO,0.25794637821391064,73.0,61.02,11.979999999999997,0.0
3300159,Aperibé,RJ,0.2578522361993082,69.0,75.2,-6.200000000000003,1.0
2511400,Picuí,PB,0.25778825805473915,66.0,69.29,-3.2900000000000063,1.0
2915403,Itaju do Colônia,BA,0.2576589613310357,45.0,24.18,20.82,0.0
3527405,Lucélia,SP,0.25741261943545024,72.0,78.28,-6.280000000000001,1.0
3549508,São José da Bela Vista,SP,0.2573443308301915,63.0,66.02,-3.019999999999996,1.0
3551405,Serra Azul,SP,0.25703672169872593,48.0,35.33,12.670000000000002,0.0
4217204,São Miguel do Oeste,SC,0.25666005191203156,74.0,79.83,-5.829999999999998,1.0
2504009,Campina Grande,PB,0.25659621452195736,60.0,69.34,-9.340000000000003,1.0
2200459,Alvorada do Gurguéia,PI,0.25637917660431186,74.0,78.66,-4.659999999999997,1.0
1505106,Óbidos,PA,0.25631570101190726,64.0,71.88,-7.8799999999999955,1.0
4106456,Coronel Domingos Soares,PR,0.256304890800088,79.0,80.56,-1.5600000000000023,1.0
4207908,Irineópolis,SC,0.2561340284877597,76.0,84.51,-8.510000000000005,1.0
3504602,Bady Bassitt,SP,0.2559232108193119,67.0,73.08,-6.079999999999998,1.0
3543006,Ribeirão Branco,SP,0.25585121045618264,66.0,80.17,-14.170000000000002,1.0
3557204,Chavantes,SP,0.25579951980375204,58.0,51.07,6.93,1.0
4206207,Gravatal,SC,0.2551662616931082,66.0,60.96,5.039999999999999,0.0
2104628,Governador Luiz Rocha,MA,0.25516129458411607,80.0,78.5,1.5,0.0
3157401,Santa Cruz do Escalvado,MG,0.2549136051902756,67.0,56.25,10.75,0.0
2510105,Nova Floresta,PB,0.2546620203389437,73.0,71.25,1.75,1.0
3511508,Cerquilho,SP,0.25405014848609464,70.0,74.32,-4.319999999999993,1.0
3170206,Uberlândia,MG,0.25398570507425056,65.0,66.57,-1.5699999999999932,1.0
2206407,Monsenhor Gil,PI,0.25392338526622116,70.0,73.44,-3.4399999999999977,1.0
5209903,Iaciara,GO,0.2538813588001231,72.0,63.42,8.579999999999998,0.0
2515104,São Sebastião de Lagoa de Roça,PB,0.2538631522994752,72.0,76.24,-4.239999999999995,1.0
3106705,Betim,MG,0.2537871206608183,66.0,64.48,1.519999999999996,1.0
3108602,Brasília de Minas,MG,0.25337944472625273,77.0,83.96,-6.959999999999994,1.0
3545159,Saltinho,SP,0.253306102402012,72.0,71.11,0.8900000000000006,1.0
2202075,Cajazeiras do Piauí,PI,0.25324843753667836,80.0,77.36,2.6400000000000006,0.0
4205209,Erval Velho,SC,0.25310610867348904,68.0,71.45,-3.450000000000003,1.0
3110103,Caiana,MG,0.25296910736552725,69.0,61.76,7.240000000000002,0.0
3116704,Coimbra,MG,0.25280797009026024,78.0,71.44,6.560000000000002,0.0
2104503,Governador Archer,MA,0.25262926961951704,80.0,81.84,-1.8400000000000034,1.0
1501600,Bonito,PA,0.2524104983175025,57.0,78.54,-21.540000000000006,1.0
2105989,Lajeado Novo,MA,0.2523084436273523,70.0,64.14,5.859999999999999,0.0
1506104,Primavera,PA,0.25214259852734644,64.0,67.48,-3.480000000000004,1.0
3167608,Simonésia,MG,0.25178715746407576,72.0,72.05,-0.04999999999999716,1.0
1705557,Combinado,TO,0.25176742430622645,71.0,72.81,-1.8100000000000023,1.0
2930758,Sítio do Mato,BA,0.25160392529028586,62.0,47.82,14.18,0.0
4321329,Taquaruçu do Sul,RS,0.2514096062510013,80.0,92.86,-12.86,1.0
1500503,Almeirim,PA,0.25140129224105023,53.0,45.64,7.359999999999999,1.0
1504604,Mocajuba,PA,0.2507915038550814,54.0,56.71,-2.710000000000001,1.0
1400506,São João da Baliza,RR,0.25076088420425,60.0,44.18,15.82,
3128501,Guarará,MG,0.2504839346738609,80.0,90.21,-10.209999999999994,1.0
4109906,Icaraíma,PR,0.2504746902728202,76.0,81.53,-5.530000000000001,1.0
4211603,Nova Veneza,SC,0.2504005746569751,74.0,77.9,-3.9000000000000057,1.0
2800100,Amparo do São Francisco,SE,0.2503131789425176,60.0,63.29,-3.289999999999999,1.0
4128807,Xambrê,PR,0.2502062856040632,77.0,72.7,4.299999999999997,0.0
2903904,Bom Jesus da Lapa,BA,0.24976597822937474,55.0,43.63,11.369999999999997,0.0
4218855,União do Oeste,SC,0.2497390969479586,73.0,85.95,-12.950000000000003,1.0
2414407,Touros,RN,0.24963215604318167,49.0,63.98,-14.979999999999997,1.0
3136504,Jordânia,MG,0.2494692749768045,80.0,87.5,-7.5,1.0
3113602,Careaçu,MG,0.24941860429650187,80.0,83.87,-3.8700000000000045,1.0
3170057,Ubaporanga,MG,0.24902912567484858,74.0,82.42,-8.420000000000002,1.0
4305439,Chuí,RS,0.24897758511164925,,52.67,,
2100907,Araioses,MA,0.24897700536013145,68.0,88.33,-20.33,1.0
2108009,Pastos Bons,MA,0.24891847693915292,77.0,84.11,-7.109999999999999,1.0
2413201,Senador Georgino Avelino,RN,0.24826741380046036,48.0,52.24,-4.240000000000002,1.0
5213509,Monte Alegre de Goiás,GO,0.24823097128509575,77.0,70.54,6.459999999999994,0.0
4323804,Xangri-lá,RS,0.24809970155849304,,42.41,,
3304409,Rio Claro,RJ,0.2479359743010705,72.0,76.82,-4.819999999999993,1.0
3302304,Laje do Muriaé,RJ,0.24769211325751184,62.0,83.37,-21.370000000000005,1.0
4211751,Otacílio Costa,SC,0.24761943253248142,67.0,67.82,-0.8199999999999932,1.0
1303601,Santa Isabel do Rio Negro,AM,0.24758102066551735,50.0,66.73,-16.730000000000004,1.0
2102200,Buriti,MA,0.2474481236483812,62.0,84.84,-22.840000000000003,1.0
2933307,Vitória da Conquista,BA,0.24743827175068478,63.0,62.12,0.8800000000000026,1.0
2806206,Salgado,SE,0.24711242592534977,55.0,57.2,-2.200000000000003,1.0
2803609,Laranjeiras,SE,0.24701231135958024,42.0,32.69,9.310000000000002,1.0
5007406,Rio Verde de Mato Grosso,MS,0.24700325414490376,63.0,60.78,2.219999999999999,1.0
3543204,Ribeirão do Sul,SP,0.2470023917668408,77.0,93.72,-16.72,1.0
1720804,Sítio Novo do Tocantins,TO,0.2467210247245598,59.0,57.42,1.5799999999999983,1.0
3549250,São João de Iracema,SP,0.24666281637674947,61.0,57.14,3.8599999999999994,1.0
4216701,São José do Cedro,SC,0.2465576096593648,78.0,87.28,-9.280000000000001,1.0
3533908,Olímpia,SP,0.24641842425787452,70.0,69.77,0.23000000000000398,1.0
2105948,Lago dos Rodrigues,MA,0.24594218197240214,80.0,74.19,5.810000000000002,0.0
3148509,Pavão,MG,0.24587074434145828,80.0,83.28,-3.280000000000001,1.0
2103174,Centro Novo do Maranhão,MA,0.2457087034025256,59.0,75.36,-16.36,1.0
2110005,Santa Luzia,MA,0.24570204476472202,67.0,67.09,-0.09000000000000341,1.0
3304110,Porto Real,RJ,0.24545975809052023,70.0,81.06,-11.060000000000002,1.0
3170909,Varzelândia,MG,0.24510928567198742,63.0,56.58,6.420000000000002,0.0
2509909,Natuba,PB,0.24502889068973033,69.0,81.71,-12.709999999999994,1.0
1507458,São Geraldo do Araguaia,PA,0.24490006317960067,63.0,64.41,-1.4099999999999966,1.0
5008008,Terenos,MS,0.2446280788826315,70.0,82.48,-12.480000000000004,1.0
2406809,Lajes Pintadas,RN,0.24461848041571443,60.0,70.0,-10.0,1.0
1707405,Esperantina,TO,0.24455746645961696,59.0,63.43,-4.43,1.0
2508802,Malta,PB,0.24437643599364522,74.0,83.1,-9.099999999999994,1.0
3530201,Mirante do Paranapanema,SP,0.2441975130804903,80.0,92.58,-12.579999999999998,1.0
2412500,São Miguel,RN,0.24401743268138798,59.0,67.99,-8.989999999999995,1.0
2605608,Flores,PE,0.24376590696774192,77.0,89.78,-12.780000000000001,1.0
3305133,São José de Ubá,RJ,0.24370426750974217,77.0,79.79,-2.7900000000000063,1.0
5208707,Goiânia,GO,0.24358603197963968,73.0,80.01,-7.010000000000005,1.0
3511706,Charqueada,SP,0.2433587265613243,62.0,58.79,3.210000000000001,1.0
3557105,Votuporanga,SP,0.24325869386830778,64.0,67.01,-3.010000000000005,1.0
4210605,Massaranduba,SC,0.2426996469555881,75.0,79.91,-4.909999999999997,1.0
1400282,Iracema,RR,0.24228016035138256,63.0,50.84,12.159999999999997,
2604304,Cedro,PE,0.24217462607508722,63.0,57.27,5.729999999999997,0.0
4208609,Jaborá,SC,0.24195453117042787,77.0,83.81,-6.810000000000002,1.0
2210805,Simplício Mendes,PI,0.24189932099990463,80.0,80.44,-0.4399999999999977,1.0
3126703,Francisco Sá,MG,0.24180359295296627,60.0,61.63,-1.6300000000000026,1.0
3548807,São Caetano do Sul,SP,0.24169370428951242,70.0,70.71,-0.7099999999999937,1.0
3515509,Fernandópolis,SP,0.24166620414602935,68.0,76.79,-8.790000000000006,1.0
2801405,Carira,SE,0.2415365551756704,55.0,62.68,-7.68,1.0
2614600,Tabira,PE,0.24143655164027744,76.0,87.1,-11.099999999999994,1.0
2410801,Riacho de Santana,RN,0.2413409946138817,63.0,72.21,-9.209999999999994,1.0
3536000,Parapuã,SP,0.24110979299658686,78.0,80.42,-2.4200000000000017,1.0
4205001,Dionísio Cerqueira,SC,0.24106473775593196,69.0,81.28,-12.280000000000001,1.0
2903409,Belmonte,BA,0.24071969975940744,56.0,46.23,9.770000000000003,0.0
3500402,Águas da Prata,SP,0.24041327031287707,72.0,77.9,-5.900000000000006,1.0
1200435,Santa Rosa do Purus,AC,0.24001099191858677,54.0,66.63,-12.629999999999995,1.0
3150000,Pescador,MG,0.23962288825465627,80.0,82.66,-2.6599999999999966,1.0
2408904,Parelhas,RN,0.23961236852079204,61.0,74.94,-13.939999999999998,1.0
3537107,Pedreira,SP,0.23946099295104006,80.0,89.22,-9.219999999999999,1.0
2929354,São José da Vitória,BA,0.23917301123043921,54.0,41.29,12.71,0.0
2928406,Santa Rita de Cássia,BA,0.23892316410775305,63.0,64.71,-1.7099999999999937,1.0
2314102,Viçosa do Ceará,CE,0.2388883919751308,80.0,87.03,-7.030000000000001,1.0
2110609,São Bernardo,MA,0.23851827011388826,77.0,85.86,-8.86,1.0
3537206,Pedro de Toledo,SP,0.23826452063699322,56.0,55.23,0.7700000000000031,1.0
3302106,Itaocara,RJ,0.2381243201413965,72.0,73.81,-1.8100000000000023,1.0
2413409,Serra Negra do Norte,RN,0.23798882296567325,50.0,60.25,-10.25,1.0
4201653,Arvoredo,SC,0.23781283939768416,78.0,85.76,-7.760000000000005,1.0
3112703,Capitão Enéas,MG,0.23762852365355724,70.0,70.33,-0.3299999999999983,1.0
4204178,Cerro Negro,SC,0.23757597930745644,52.0,46.39,5.609999999999999,1.0
2403004,Cruzeta,RN,0.237519407452068,65.0,64.52,0.480000000000004,1.0
2601003,Angelim,PE,0.23744344332979817,71.0,70.12,0.8799999999999955,1.0
4208500,Ituporanga,SC,0.23693644202651487,72.0,81.89,-9.89,1.0
4312351,Montauri,RS,0.2368925861013188,80.0,94.74,-14.739999999999995,1.0
3539301,Pirassununga,SP,0.23661909202639841,62.0,57.47,4.530000000000001,1.0
2802502,General Maynard,SE,0.23633630648076187,45.0,39.6,5.399999999999999,1.0
3501905,Amparo,SP,0.23613811103912774,66.0,72.37,-6.3700000000000045,1.0
2601904,Bezerros,PE,0.2360588652614798,65.0,65.6,-0.5999999999999943,1.0
5005707,Naviraí,MS,0.23584567545629598,70.0,72.64,-2.6400000000000006,1.0
2919009,Lajedinho,BA,0.2351425206044222,64.0,71.36,-7.359999999999999,1.0
2202109,Campinas do Piauí,PI,0.2349734381024039,80.0,55.27,24.729999999999997,0.0
1303569,Rio Preto da Eva,AM,0.23475980680190167,56.0,49.55,6.450000000000003,1.0
3541653,Quadra,SP,0.23472985367362798,65.0,61.83,3.1700000000000017,1.0
2616001,Venturosa,PE,0.2346777756954842,66.0,64.45,1.5499999999999972,1.0
2209302,Santa Luz,PI,0.23457309874319,80.0,88.07,-8.069999999999993,1.0
2111722,Satubinha,MA,0.234540836333908,80.0,91.46,-11.459999999999994,1.0
4202602,Bom Retiro,SC,0.23442494883742626,54.0,60.03,-6.030000000000001,1.0
2502052,Bernardino Batista,PB,0.2343568463466167,70.0,33.33,36.67,0.0
2604502,Chã Grande,PE,0.23413556497359744,67.0,63.18,3.8200000000000003,1.0
2112209,Timon,MA,0.23390506004917289,73.0,76.33,-3.3299999999999983,1.0
4210555,Marema,SC,0.2336284058754471,77.0,95.83,-18.83,1.0
3159902,Santo Antônio do Amparo,MG,0.23355849978430632,80.0,85.12,-5.1200000000000045,1.0
1716604,Peixe,TO,0.23322956489139446,63.0,72.18,-9.180000000000007,1.0
1720937,Taipas do Tocantins,TO,0.2331216420329687,67.0,82.14,-15.14,1.0
3547304,Santana de Parnaíba,SP,0.23270715537722142,68.0,64.72,3.280000000000001,1.0
5003801,Fátima do Sul,MS,0.23254830384680691,70.0,68.71,1.2900000000000063,1.0
3505104,Barbosa,SP,0.23251445607642718,72.0,84.04,-12.040000000000006,1.0
4214508,Rio do Campo,SC,0.2325070280294721,74.0,84.68,-10.680000000000007,1.0
2306900,Jaguaribe,CE,0.23246851497227194,80.0,82.34,-2.3400000000000034,1.0
1302801,Maraã,AM,0.2323858290697256,46.0,44.76,1.240000000000002,1.0
3501202,Álvares Florence,SP,0.2322260352619584,79.0,85.0,-6.0,1.0
2203354,Dirceu Arcoverde,PI,0.232209784845388,55.0,56.92,-1.9200000000000017,1.0
1501501,Benevides,PA,0.2321551056229223,70.0,75.97,-5.969999999999999,1.0
3543105,Ribeirão Corrente,SP,0.23210593268692437,76.0,80.72,-4.719999999999999,1.0
2102606,Cândido Mendes,MA,0.23210413760366266,70.0,90.16,-20.159999999999997,1.0
3167905,Tabuleiro,MG,0.2319144761721964,80.0,82.1,-2.0999999999999943,1.0
4210308,Major Vieira,SC,0.23186632006999708,74.0,84.93,-10.930000000000007,1.0
2613909,Serra Talhada,PE,0.23185186140064074,78.0,81.03,-3.030000000000001,1.0
2403202,Doutor Severiano,RN,0.23180935914402745,66.0,76.25,-10.25,1.0
3166204,Senhora dos Remédios,MG,0.23177250261814697,80.0,81.58,-1.5799999999999983,1.0
3103306,Aracitaba,MG,0.23168939586856396,80.0,76.22,3.780000000000001,0.0
2204659,Ilha Grande,PI,0.23167360208239285,59.0,61.26,-2.259999999999998,1.0
2211001,Teresina,PI,0.2316277591742516,63.0,80.58,-17.58,1.0
3159357,Santa Rita de Minas,MG,0.23127908939391773,70.0,75.5,-5.5,1.0
2516755,Tenório,PB,0.23111682935085465,71.0,79.22,-8.219999999999999,1.0
2414308,Timbaúba dos Batistas,RN,0.23105435745055036,46.0,30.0,16.0,0.0
5201405,Aparecida de Goiânia,GO,0.23095090048654865,70.0,74.89,-4.890000000000001,1.0
4307104,Herval,RS,0.23091611999156514,,46.57,,
1718659,Rio da Conceição,TO,0.23090196198241608,43.0,42.86,0.14000000000000057,1.0
2111029,São João do Carú,MA,0.23079189599443273,72.0,77.08,-5.079999999999998,1.0
3107000,Biquinhas,MG,0.23078167356786417,80.0,96.43,-16.430000000000007,1.0
3550506,São Pedro do Turvo,SP,0.23077415469903495,74.0,88.44,-14.439999999999998,1.0
2604700,Correntes,PE,0.23069308734699434,65.0,56.6,8.399999999999999,0.0
2201929,Bonfim do Piauí,PI,0.23050866684903049,65.0,72.62,-7.6200000000000045,1.0
4212106,Palmitos,SC,0.22964841579320294,69.0,68.96,0.04000000000000625,1.0
2918001,Jequié,BA,0.22948326452824452,58.0,52.32,5.68,1.0
4217402,Schroeder,SC,0.2294022095285333,71.0,75.4,-4.400000000000006,1.0
3532702,Nipoã,SP,0.22871394729710737,80.0,93.7,-13.700000000000003,1.0
2501609,Barra de Santa Rosa,PB,0.22870543593346582,68.0,81.47,-13.469999999999999,1.0
3300951,Comendador Levy Gasparian,RJ,0.22800102155001256,65.0,61.46,3.539999999999999,1.0
1506138,Redenção,PA,0.2275651200008304,67.0,66.0,1.0,1.0
3142601,Monsenhor Paulo,MG,0.22751945212613756,71.0,66.96,4.040000000000006,0.0
3111150,Campo Azul,MG,0.2271652014729969,80.0,86.94,-6.939999999999998,1.0
2905701,Camaçari,BA,0.22708908038911924,55.0,48.95,6.049999999999997,1.0
4307054,Ernestina,RS,0.22686193004096777,71.0,82.22,-11.219999999999999,1.0
3144672,Nova Belém,MG,0.22655396685585638,64.0,62.32,1.6799999999999997,1.0
3509304,Cajobi,SP,0.22644693345689704,70.0,74.92,-4.920000000000002,1.0
2900801,Alcobaça,BA,0.22633680273161882,62.0,69.0,-7.0,1.0
5200258,Águas Lindas de Goiás,GO,0.22613734228721238,64.0,66.89,-2.8900000000000006,1.0
4106902,Curitiba,PR,0.2259117679738033,75.0,74.03,0.9699999999999989,1.0
3151107,Pirapetinga,MG,0.225872198048939,71.0,73.93,-2.930000000000007,1.0
2511004,Pedra Branca,PB,0.2258176027686858,80.0,92.03,-12.030000000000001,1.0
1508407,Xinguara,PA,0.22566114176094632,64.0,67.59,-3.5900000000000034,1.0
2919108,Lamarão,BA,0.22564822675268326,47.0,32.23,14.770000000000003,0.0
2103208,Chapadinha,MA,0.22557537111921766,63.0,75.33,-12.329999999999998,1.0
2614501,Surubim,PE,0.22556863513448322,67.0,71.09,-4.090000000000003,1.0
2107209,Nina Rodrigues,MA,0.22531854112642657,66.0,72.62,-6.6200000000000045,1.0
5002209,Bonito,MS,0.22530590966750974,66.0,63.16,2.8400000000000034,1.0
4218103,Timbé do Sul,SC,0.22523646757704474,75.0,75.63,-0.6299999999999955,1.0
1505437,Ourilândia do Norte,PA,0.22496319587037772,64.0,67.8,-3.799999999999997,1.0
2608503,Lagoa de Itaenga,PE,0.22390533712258942,75.0,74.64,0.35999999999999943,1.0
2925006,Planalto,BA,0.22385992207302385,59.0,60.32,-1.3200000000000003,1.0
2913705,Inhambupe,BA,0.22372763910085747,52.0,36.75,15.25,0.0
2509602,Monte Horebe,PB,0.22346196508108318,80.0,71.07,8.930000000000007,0.0
2304954,Guaiúba,CE,0.22322135571164936,76.0,74.55,1.4500000000000028,1.0
3529906,Miracatu,SP,0.22311884585113573,61.0,61.68,-0.6799999999999997,1.0
2110278,Santo Amaro do Maranhão,MA,0.2226486585573022,55.0,47.52,7.479999999999997,1.0
3157252,Santa Bárbara do Leste,MG,0.22256125350804412,74.0,74.13,-0.12999999999999545,1.0
3553302,Tambaú,SP,0.2225381015167206,63.0,70.72,-7.719999999999999,1.0
3526506,Lavínia,SP,0.2225280054936969,71.0,67.99,3.010000000000005,1.0
5005608,Miranda,MS,0.22246332100206245,50.0,42.69,7.310000000000002,1.0
3518305,Guararema,SP,0.22243687301838577,72.0,76.27,-4.269999999999996,1.0
3162401,São João da Ponte,MG,0.22238450160096712,72.0,84.07,-12.069999999999993,1.0
2310308,Parambu,CE,0.22229521586534773,80.0,79.56,0.4399999999999977,1.0
4201604,Arroio Trinta,SC,0.22214207196334101,80.0,100.0,-20.0,1.0
3140159,Mário Campos,MG,0.22213674561254304,75.0,73.04,1.9599999999999937,1.0
5205307,Cavalcante,GO,0.22203513961128618,70.0,58.69,11.310000000000002,0.0
1505205,Oeiras do Pará,PA,0.22183534277223182,44.0,35.58,8.420000000000002,1.0
5007307,Rio Negro,MS,0.2215719125709421,66.0,71.94,-5.939999999999998,1.0
5007950,Tacuru,MS,0.22148602389445537,65.0,78.14,-13.14,1.0
3122306,Divinópolis,MG,0.22143614442140036,72.0,71.87,0.12999999999999545,1.0
2305803,Ipu,CE,0.2212565389810538,80.0,91.09,-11.090000000000003,1.0
3502101,Andradina,SP,0.22120011987335564,68.0,68.85,-0.8499999999999943,1.0
3144300,Nanuque,MG,0.2209313925649503,65.0,67.46,-2.4599999999999937,1.0
3156700,Sabará,MG,0.2209241817319636,68.0,71.51,-3.510000000000005,1.0
2612000,Sairé,PE,0.22091201445015018,73.0,70.22,2.780000000000001,0.0
3547403,Santa Rita d'Oeste,SP,0.22083809688555656,70.0,78.95,-8.950000000000003,1.0
2602803,Buíque,PE,0.22083699359431663,66.0,70.19,-4.189999999999998,1.0
3301876,Iguaba Grande,RJ,0.22075908260826582,71.0,78.1,-7.099999999999994,1.0
2903706,Boa Nova,BA,0.22075353588985291,61.0,52.83,8.170000000000002,0.0
2400406,Água Nova,RN,0.22073150778359218,55.0,51.12,3.8800000000000026,1.0
2106375,Maranhãozinho,MA,0.2206960776348056,78.0,72.45,5.549999999999997,0.0
2407401,Martins,RN,0.2206512652943885,60.0,68.81,-8.810000000000002,1.0
2105104,Icatu,MA,0.2206233737722968,73.0,72.05,0.9500000000000028,1.0
2313104,Tabuleiro do Norte,CE,0.22044214535422835,80.0,83.75,-3.75,1.0
3540408,Populina,SP,0.2204294110599223,79.0,79.44,-0.4399999999999977,1.0
2302206,Beberibe,CE,0.22037789086260384,79.0,84.29,-5.290000000000006,1.0
3303856,Paty do Alferes,RJ,0.2203260775892688,73.0,81.04,-8.040000000000006,1.0
3515202,Estrela d'Oeste,SP,0.22010452962853078,66.0,82.91,-16.909999999999997,1.0
1702109,Araguaína,TO,0.2197679691480119,56.0,55.46,0.5399999999999991,1.0
4207684,Ipuaçu,SC,0.21956892178625942,69.0,86.79,-17.790000000000006,1.0
2301901,Barbalha,CE,0.21888312639928176,80.0,82.81,-2.8100000000000023,1.0
3146602,Paiva,MG,0.2187975079451332,80.0,66.67,13.329999999999998,0.0
2515971,Sobrado,PB,0.21864144289916632,70.0,86.74,-16.739999999999995,1.0
2703007,Ibateguara,AL,0.21859922172027213,80.0,100.0,-20.0,1.0
3157807,Santa Luzia,MG,0.21834698179014267,65.0,69.39,-4.390000000000001,1.0
3305158,São José do Vale do Rio Preto,RJ,0.21808287714797492,75.0,81.54,-6.540000000000006,1.0
4218806,Turvo,SC,0.21805289852872145,69.0,66.98,2.019999999999996,1.0
3103405,Araçuaí,MG,0.21800018578504665,61.0,57.31,3.6899999999999977,1.0
3546702,Santa Gertrudes,SP,0.21764993184457437,69.0,83.2,-14.200000000000003,1.0
2106631,Matões do Norte,MA,0.2174701807910796,71.0,76.21,-5.209999999999994,1.0
2412807,São Rafael,RN,0.21735068823298997,45.0,50.53,-5.530000000000001,1.0
2101731,Belágua,MA,0.21731003059978016,70.0,75.16,-5.159999999999997,1.0
3504008,Assis,SP,0.21701422674926274,61.0,67.89,-6.890000000000001,1.0
2933158,Várzea Nova,BA,0.2167649773624466,55.0,58.46,-3.460000000000001,1.0
3120904,Curvelo,MG,0.21626293698685628,72.0,74.51,-2.510000000000005,1.0
1705508,Colinas do Tocantins,TO,0.21624822531704135,65.0,71.73,-6.730000000000004,1.0
2210953,Tamboril do Piauí,PI,0.21618872377571408,74.0,73.17,0.8299999999999983,1.0
3544806,Sales,SP,0.21610972401029738,74.0,82.94,-8.939999999999998,1.0
2110500,São Bento,MA,0.21596513789645155,80.0,87.83,-7.829999999999998,1.0
4114302,Mandirituba,PR,0.21595489967620463,80.0,81.25,-1.25,1.0
3528809,Maracaí,SP,0.2156325925313166,80.0,81.28,-1.2800000000000011,1.0
3300936,Carapebus,RJ,0.21563186379105892,65.0,67.43,-2.430000000000007,1.0
4211454,Nova Itaberaba,SC,0.21554634775860215,73.0,85.66,-12.659999999999997,1.0
3505005,Barão de Antonina,SP,0.21542233158051716,72.0,83.72,-11.719999999999999,1.0
2507200,Itatuba,PB,0.21524380339488436,48.0,33.42,14.579999999999998,0.0
3127388,Goianá,MG,0.21515543891816236,77.0,69.22,7.780000000000001,0.0
2803401,Japoatã,SE,0.21513944137387675,50.0,50.44,-0.4399999999999977,1.0
2102408,Cajapió,MA,0.21504609672084085,73.0,74.58,-1.5799999999999983,1.0
1400456,Pacaraima,RR,0.214895407227925,53.0,45.79,7.210000000000001,
2916401,Itapetinga,BA,0.2146471449338383,59.0,57.24,1.759999999999998,1.0
4104105,Campo do Tenente,PR,0.2146198644879257,80.0,69.59,10.409999999999997,0.0
2605806,Frei Miguelinho,PE,0.21391914099280052,74.0,76.42,-2.4200000000000017,1.0
1718758,Rio Sono,TO,0.2135957013554164,51.0,53.18,-2.1799999999999997,1.0
3553005,Taguaí,SP,0.2133092580600816,69.0,82.78,-13.780000000000001,1.0
4121356,Rancho Alegre D'Oeste,PR,0.21329078674644075,79.0,73.4,5.599999999999994,0.0
4107306,Doutor Camargo,PR,0.21325718901996604,80.0,78.09,1.9099999999999966,0.0
2515203,São Sebastião do Umbuzeiro,PB,0.21299329060642436,80.0,89.36,-9.36,1.0
3115508,Caxambu,MG,0.21294908460897255,78.0,79.21,-1.2099999999999937,1.0
3114006,Carmo da Mata,MG,0.2128313746989593,79.0,86.37,-7.3700000000000045,1.0
2601052,Araçoiaba,PE,0.2126074072679347,62.0,57.64,4.359999999999999,1.0
2105302,Imperatriz,MA,0.21244837993548205,62.0,60.08,1.9200000000000017,1.0
3114808,Carvalhos,MG,0.21238690475460964,80.0,96.49,-16.489999999999995,1.0
3155702,Rio Piracicaba,MG,0.21210275408865553,78.0,85.63,-7.6299999999999955,1.0
5000203,Água Clara,MS,0.21203066281935046,75.0,87.41,-12.409999999999997,1.0
3512001,Colina,SP,0.21202328919999003,61.0,56.31,4.689999999999998,1.0
3118502,Consolação,MG,0.21164994638031742,71.0,94.86,-23.86,1.0
1507300,São Félix do Xingu,PA,0.21107264299692063,48.0,46.51,1.490000000000002,1.0
3541307,Presidente Epitácio,SP,0.21093155887043824,64.0,63.06,0.9399999999999977,1.0
3110509,Camanducaia,MG,0.2108581265692563,67.0,73.53,-6.530000000000001,1.0
2400703,Alto do Rodrigues,RN,0.2107684696184403,64.0,81.37,-17.370000000000005,1.0
3526001,Junqueirópolis,SP,0.2103149118143891,78.0,89.82,-11.819999999999993,1.0
2927200,Ruy Barbosa,BA,0.20969672558078623,58.0,52.8,5.200000000000003,1.0
2406106,Jucurutu,RN,0.2096339299497224,51.0,51.51,-0.509999999999998,1.0
4301636,Balneário Pinhal,RS,0.20960381793486382,,31.86,,
4323754,Vitória das Missões,RS,0.20951164556306368,58.0,57.14,0.8599999999999994,
4217105,São Martinho,SC,0.20890518916681655,74.0,91.3,-17.299999999999997,1.0
2403301,Encanto,RN,0.20800215662603416,63.0,67.45,-4.450000000000003,1.0
4311130,Jari,RS,0.20787910024491663,52.0,68.13,-16.129999999999995,1.0
3144409,Natércia,MG,0.2073162996203617,75.0,69.33,5.670000000000002,0.0
2610608,Paudalho,PE,0.20728556695358902,71.0,75.52,-4.519999999999996,1.0
4213203,Pomerode,SC,0.20689792877010482,71.0,78.75,-7.75,1.0
3134202,Ituiutaba,MG,0.20650153372854663,71.0,68.46,2.5400000000000063,1.0
4200804,Anchieta,SC,0.206237716470291,79.0,87.16,-8.159999999999997,1.0
2111672,São Roberto,MA,0.20612258881721346,64.0,73.6,-9.599999999999994,1.0
2105708,Lago da Pedra,MA,0.2057814766367254,80.0,86.59,-6.590000000000003,1.0
3127701,Governador Valadares,MG,0.2057548249036173,66.0,71.88,-5.8799999999999955,1.0
3161650,São Geraldo do Baixio,MG,0.2056179582360872,75.0,73.64,1.3599999999999994,1.0
2208502,Porto,PI,0.20560572345674033,59.0,62.9,-3.8999999999999986,1.0
4314308,Pejuçara,RS,0.20555314405381153,70.0,89.0,-19.0,1.0
3141603,Mercês,MG,0.2052803852936398,80.0,93.14,-13.14,1.0
3117405,Conceição de Ipanema,MG,0.2052658055957629,80.0,86.99,-6.989999999999995,1.0
2508703,Mãe d'Água,PB,0.20525669140466718,75.0,74.19,0.8100000000000023,1.0
2102036,Bom Jesus das Selvas,MA,0.20514871173336513,71.0,80.43,-9.430000000000007,1.0
5215231,Novo Gama,GO,0.2049511259496719,66.0,67.05,-1.0499999999999972,1.0
2607802,Itaquitinga,PE,0.2047532841213564,64.0,68.81,-4.810000000000002,1.0
2313401,Tianguá,CE,0.2045876002234197,80.0,90.31,-10.310000000000002,1.0
3100401,Acaiaca,MG,0.20384707540219849,80.0,89.17,-9.170000000000002,1.0
4201505,Armazém,SC,0.20363653963939343,75.0,76.32,-1.3199999999999932,1.0
2608800,Lajedo,PE,0.203542130601169,63.0,57.81,5.189999999999998,1.0
4206108,Grão-Pará,SC,0.20335340424074877,72.0,87.9,-15.900000000000006,1.0
3147600,Passa Quatro,MG,0.20326149986178166,80.0,92.22,-12.219999999999999,1.0
3517208,Guaiçara,SP,0.20309455660234832,65.0,70.48,-5.480000000000004,1.0
3515400,Fartura,SP,0.20308715951280398,71.0,77.27,-6.269999999999996,1.0
2305704,Ipaumirim,CE,0.20307811205374848,80.0,93.67,-13.670000000000002,1.0
5006275,Paraíso das Águas,MS,0.20303927665988886,78.0,86.41,-8.409999999999997,1.0
2605509,Ferreiros,PE,0.20294400076415275,69.0,94.94,-25.939999999999998,1.0
2202778,Colônia do Piauí,PI,0.2027229199441758,69.0,74.7,-5.700000000000003,1.0
2929008,São Félix,BA,0.20270126404655808,54.0,45.0,9.0,0.0
2616183,Vertente do Lério,PE,0.20269684635998486,80.0,87.33,-7.329999999999998,1.0
1100338,Nova Mamoré,RO,0.20254265174980546,,72.5,,
3100302,Abre Campo,MG,0.2022854086698741,80.0,82.75,-2.75,1.0
4106209,Contenda,PR,0.20194113756402265,79.0,75.33,3.6700000000000017,0.0
3126505,Francisco Badaró,MG,0.20192491355065767,80.0,86.67,-6.670000000000002,
2304202,Crato,CE,0.20159943112110057,80.0,91.83,-11.829999999999998,1.0
4218509,Treze Tílias,SC,0.201330007471198,77.0,77.74,-0.7399999999999949,1.0
1708254,Tabocão,TO,0.20106279893996315,64.0,65.46,-1.4599999999999937,1.0
3533502,Novo Horizonte,SP,0.2006911284798053,70.0,72.63,-2.6299999999999955,1.0
1504109,Magalhães Barata,PA,0.2003675426845557,67.0,75.69,-8.689999999999998,1.0
2912806,Ibirapuã,BA,0.2003572180744173,70.0,73.7,-3.700000000000003,1.0
1700350,Aliança do Tocantins,TO,0.2002508170430144,80.0,85.87,-5.8700000000000045,1.0
4210704,Matos Costa,SC,0.2001958310349562,53.0,67.98,-14.980000000000004,1.0
1506203,Salinópolis,PA,0.19991096318469592,61.0,62.07,-1.0700000000000003,1.0
1300607,Benjamin Constant,AM,0.19968514703643792,51.0,68.16,-17.159999999999997,1.0
1502152,Canaã dos Carajás,PA,0.19964397467248585,71.0,75.15,-4.150000000000006,1.0
4204756,Cunhataí,SC,0.19955246064343812,80.0,85.0,-5.0,
3502705,Apiaí,SP,0.19949583748741107,74.0,79.25,-5.25,1.0
2407609,Messias Targino,RN,0.19919840753145235,42.0,33.84,8.159999999999997,1.0
1702901,Axixá do Tocantins,TO,0.19912125174815642,53.0,55.63,-2.6300000000000026,1.0
3533254,Novais,SP,0.19893701887600523,74.0,97.74,-23.739999999999995,1.0
3534302,Orlândia,SP,0.19833132025285793,62.0,63.0,-1.0,1.0
2920106,Mairi,BA,0.19817047505291996,59.0,56.32,2.6799999999999997,1.0
2408607,Paraná,RN,0.198028663626576,45.0,44.85,0.14999999999999858,1.0
3143708,Morro do Pilar,MG,0.19795605655423698,69.0,71.24,-2.239999999999995,1.0
3144508,Nazareno,MG,0.1977926947150871,80.0,75.24,4.760000000000005,0.0
2917300,Ituberá,BA,0.19772770464932954,61.0,63.98,-2.979999999999997,1.0
2926806,Rio do Antônio,BA,0.19729341927645228,71.0,69.8,1.2000000000000028,1.0
2704104,Lagoa da Canoa,AL,0.19726934174482336,62.0,51.97,10.030000000000001,0.0
2302404,Boa Viagem,CE,0.1971652487725819,80.0,90.27,-10.269999999999996,1.0
3550209,São Miguel Arcanjo,SP,0.19694045830518891,68.0,73.94,-5.939999999999998,1.0
3529609,Meridiano,SP,0.19692345595362448,73.0,83.34,-10.340000000000003,1.0
3535309,Palmital,SP,0.1960965529580425,63.0,65.5,-2.5,1.0
3539608,Planalto,SP,0.19594138356276358,77.0,84.91,-7.909999999999997,1.0
2515401,São Vicente do Seridó,PB,0.19586845710819323,67.0,78.93,-11.930000000000007,1.0
5003306,Coxim,MS,0.19574657505322768,59.0,61.82,-2.8200000000000003,1.0
4204509,Corupá,SC,0.19565113512318288,70.0,67.25,2.75,1.0
3149309,Pedro Leopoldo,MG,0.19539586025167366,69.0,66.53,2.469999999999999,1.0
2205953,Marcolândia,PI,0.19539083514458055,80.0,86.34,-6.340000000000003,1.0
2103000,Caxias,MA,0.19536533666949962,61.0,61.08,-0.0799999999999983,1.0
2910206,Dom Macedo Costa,BA,0.1952942446890219,80.0,80.78,-0.7800000000000011,1.0
2103158,Centro do Guilherme,MA,0.19525096969916966,80.0,89.96,-9.959999999999994,1.0
3548401,Santópolis do Aguapeí,SP,0.19519030369212875,77.0,86.9,-9.900000000000006,1.0
1501253,Bannach,PA,0.19496823751736914,60.0,57.63,2.3699999999999974,1.0
5101308,Arenápolis,MT,0.194914972074971,71.0,63.64,7.359999999999999,0.0
3527504,Lucianópolis,SP,0.19476938310661795,77.0,87.5,-10.5,1.0
2306306,Itapajé,CE,0.19452096042067846,80.0,90.69,-10.689999999999998,1.0
3165206,São Tomé das Letras,MG,0.19448150864835745,80.0,80.69,-0.6899999999999977,1.0
1711951,Lagoa do Tocantins,TO,0.19440153702243068,46.0,51.61,-5.609999999999999,1.0
2902906,Barra do Choça,BA,0.1943489657107227,57.0,52.15,4.850000000000001,1.0
2311306,Quixadá,CE,0.1942432052795865,80.0,88.7,-8.700000000000003,1.0
5002100,Bela Vista,MS,0.1938943136084127,61.0,60.37,0.6300000000000026,1.0
2915106,Itagi,BA,0.1936496598044457,58.0,56.74,1.259999999999998,1.0
5106851,Porto Estrela,MT,0.19351151839146763,80.0,68.14,11.86,0.0
5101605,Barão de Melgaço,MT,0.19346952296777198,70.0,72.9,-2.9000000000000057,1.0
3524501,Jaci,SP,0.19335685572606798,67.0,64.6,2.4000000000000057,1.0
3527108,Lins,SP,0.19322229445817085,77.0,79.91,-2.9099999999999966,1.0
2201705,Bertolínia,PI,0.19312424231057523,69.0,87.6,-18.599999999999994,1.0
4119509,Piraquara,PR,0.19303730791625517,69.0,68.01,0.9899999999999949,1.0
1508100,Tucuruí,PA,0.19301231777350247,57.0,60.89,-3.8900000000000006,1.0
2110104,Santa Quitéria do Maranhão,MA,0.19297776977238212,80.0,94.64,-14.64,1.0
2204550,Guaribas,PI,0.19287519054036018,69.0,63.01,5.990000000000002,0.0
3510906,Cássia dos Coqueiros,SP,0.1925515895313471,73.0,78.36,-5.359999999999999,1.0
2402501,Carnaubais,RN,0.19236367390909748,51.0,60.86,-9.86,1.0
3131208,Ipanema,MG,0.19219499274769647,79.0,84.62,-5.6200000000000045,1.0
3545100,Salmourão,SP,0.19207136729763175,68.0,71.54,-3.5400000000000063,1.0
4109609,Guaratuba,PR,0.19187437339523195,73.0,69.95,3.049999999999997,0.0
4100202,Adrianópolis,PR,0.1917926986909404,70.0,63.6,6.399999999999999,0.0
3106002,Bela Vista de Minas,MG,0.19163022286010867,71.0,76.6,-5.599999999999994,1.0
2201770,Boa Hora,PI,0.19143953020779647,69.0,67.35,1.6500000000000057,1.0
3136959,Juvenília,MG,0.19139059684224724,57.0,53.16,3.8400000000000034,1.0
3556701,Vinhedo,SP,0.1913583997441276,65.0,72.2,-7.200000000000003,1.0
1702000,Araguaçu,TO,0.19113786329392868,61.0,71.03,-10.030000000000001,1.0
2930709,Simões Filho,BA,0.19098551663205754,60.0,57.44,2.5600000000000023,1.0
4300307,Alecrim,RS,0.19092778852153214,50.0,63.64,-13.64,1.0
3170503,Urucânia,MG,0.19085790777602418,67.0,58.54,8.46,0.0
3533700,Ocauçu,SP,0.19062476248546112,80.0,82.92,-2.9200000000000017,1.0
2925303,Porto Seguro,BA,0.19061270338621839,63.0,58.1,4.899999999999999,1.0
3107901,Bom Repouso,MG,0.19053817484646307,68.0,66.1,1.9000000000000057,1.0
2917201,Ituaçu,BA,0.19052534121607,68.0,70.4,-2.4000000000000057,1.0
3143302,Montes Claros,MG,0.19051767472841563,70.0,75.4,-5.400000000000006,1.0
2404804,Ipueira,RN,0.19050761058847332,64.0,64.29,-0.29000000000000625,1.0
2500502,Alagoinha,PB,0.19049878812918475,68.0,70.04,-2.0400000000000063,1.0
3161056,São Félix de Minas,MG,0.19047882401712124,74.0,85.67,-11.670000000000002,1.0
2505279,Curral de Cima,PB,0.19042566140534556,68.0,74.41,-6.409999999999997,1.0
5201801,Aragoiânia,GO,0.19042416234683157,67.0,58.01,8.990000000000002,0.0
3549607,São José do Barreiro,SP,0.1903636416507717,58.0,58.41,-0.4099999999999966,1.0
1506708,Santana do Araguaia,PA,0.1901763895112344,67.0,77.03,-10.030000000000001,1.0
4219002,Urussanga,SC,0.1891719570814684,74.0,89.11,-15.11,1.0
2310704,Pentecoste,CE,0.18916190733798088,80.0,86.72,-6.719999999999999,1.0
5006259,Novo Horizonte do Sul,MS,0.18884639816589077,63.0,51.42,11.579999999999998,0.0
2500304,Alagoa Grande,PB,0.18866493656375904,54.0,63.59,-9.590000000000003,1.0
3161700,São Gonçalo do Abaeté,MG,0.18843996062724078,80.0,89.67,-9.670000000000002,1.0
3168200,Tapiraí,MG,0.1883604376764122,78.0,66.67,11.329999999999998,0.0
2503704,Cajazeiras,PB,0.18825886027140926,65.0,68.6,-3.5999999999999943,1.0
5201108,Anápolis,GO,0.18817518668843003,76.0,80.58,-4.579999999999998,1.0
2806503,Santa Rosa de Lima,SE,0.1881658355176944,49.0,52.33,-3.3299999999999983,1.0
5007109,Ribas do Rio Pardo,MS,0.18806263058871442,56.0,49.81,6.189999999999998,1.0
3161601,São Geraldo da Piedade,MG,0.18804459434641685,74.0,73.37,0.6299999999999955,1.0
2609501,Nazaré da Mata,PE,0.187859464643788,67.0,72.17,-5.170000000000002,1.0
3543238,Ribeirão dos Índios,SP,0.18771617022119202,75.0,73.33,1.6700000000000017,0.0
2800670,Boquim,SE,0.18767329015392176,47.0,47.28,-0.28000000000000114,1.0
2101301,Bacuri,MA,0.18763981553547993,73.0,87.89,-14.89,1.0
2306009,Iracema,CE,0.18755107551334904,80.0,84.43,-4.430000000000007,1.0
4101408,Apucarana,PR,0.18745286696418884,80.0,79.1,0.9000000000000057,0.0
3527801,Lupércio,SP,0.18733037240152228,67.0,86.96,-19.959999999999994,1.0
5004601,Itaquiraí,MS,0.18717454233259279,76.0,90.01,-14.010000000000005,1.0
2108058,Paulino Neves,MA,0.18696927486647397,72.0,82.7,-10.700000000000003,1.0
2905206,Caetité,BA,0.18668480411944433,64.0,67.56,-3.5600000000000023,1.0
1716505,Pedro Afonso,TO,0.18635005594860998,66.0,64.68,1.3199999999999932,1.0
2921203,Miguel Calmon,BA,0.18615977006883,63.0,64.36,-1.3599999999999994,1.0
3153608,Prudente de Morais,MG,0.1857032010652918,66.0,67.15,-1.1500000000000057,1.0
5000906,Antônio João,MS,0.18564418023581375,67.0,70.73,-3.730000000000004,1.0
3503406,Arealva,SP,0.185561247604476,76.0,88.19,-12.189999999999998,1.0
3302452,Macuco,RJ,0.1854484223466496,71.0,80.89,-9.89,1.0
3501301,Álvares Machado,SP,0.18538834383109648,66.0,69.2,-3.200000000000003,1.0
5221858,Valparaíso de Goiás,GO,0.1852209122314542,68.0,71.21,-3.2099999999999937,1.0
1720903,Taguatinga,TO,0.18513228435823192,58.0,72.31,-14.310000000000002,1.0
2910503,Entre Rios,BA,0.18482313373110093,49.0,40.37,8.630000000000003,0.0
2916104,Itaparica,BA,0.18477349874493076,58.0,53.78,4.219999999999999,1.0
2109908,Santa Inês,MA,0.18466575790550344,63.0,58.71,4.289999999999999,1.0
3554656,Torre de Pedra,SP,0.18452378710381956,55.0,78.57,-23.569999999999993,1.0
1504976,Nova Ipixuna,PA,0.1842921732515468,61.0,66.98,-5.980000000000004,1.0
3542503,Reginópolis,SP,0.18423063961576736,80.0,87.38,-7.3799999999999955,1.0
2510402,Olho d'Água,PB,0.18405797587517203,72.0,60.47,11.530000000000001,0.0
3541505,Presidente Venceslau,SP,0.1839326226305663,70.0,71.21,-1.2099999999999937,1.0
1712157,Lavandeira,TO,0.1838800157545678,74.0,90.91,-16.909999999999997,1.0
2804102,Moita Bonita,SE,0.18366346097517317,61.0,62.74,-1.740000000000002,1.0
4111803,Jacarezinho,PR,0.18352861215469307,67.0,60.76,6.240000000000002,0.0
3517000,Getulina,SP,0.18348167488778233,64.0,61.47,2.530000000000001,1.0
2605004,Cupira,PE,0.18341979692252097,79.0,90.02,-11.019999999999996,1.0
3128204,Guaraciaba,MG,0.18325580638128203,77.0,90.91,-13.909999999999997,1.0
2406155,Jundiá,RN,0.1831118804714914,50.0,55.56,-5.560000000000002,1.0
2932606,Urandi,BA,0.1831058250507278,69.0,77.79,-8.790000000000006,1.0
3109303,Buritis,MG,0.18301742934377263,66.0,63.78,2.219999999999999,1.0
2610806,Pedra,PE,0.18299795727169132,63.0,63.5,-0.5,1.0
1506351,Santa Bárbara do Pará,PA,0.1829782405493634,58.0,63.21,-5.210000000000001,1.0
4212270,Passos Maia,SC,0.18296760266845946,64.0,89.74,-25.739999999999995,1.0
3141801,Minas Novas,MG,0.18294853447653847,75.0,82.11,-7.109999999999999,1.0
2615607,Trindade,PE,0.18293474654565944,69.0,76.24,-7.239999999999995,1.0
2106003,Lima Campos,MA,0.1828482421163541,80.0,84.9,-4.900000000000006,1.0
2509339,Matinhas,PB,0.18279018760679766,80.0,94.53,-14.530000000000001,1.0
4207858,Irati,SC,0.1823526794635626,80.0,90.0,-10.0,1.0
2102101,Brejo,MA,0.18215396730984146,65.0,65.26,-0.2600000000000051,1.0
2101400,Balsas,MA,0.18171610203790933,59.0,53.24,5.759999999999998,1.0
2605301,Exu,PE,0.18167716677755552,68.0,77.08,-9.079999999999998,1.0
3552551,Suzanápolis,SP,0.18165677164851735,80.0,100.0,-20.0,1.0
3103009,Antônio Dias,MG,0.18155719822502803,74.0,80.0,-6.0,1.0
2502300,Bom Sucesso,PB,0.18126923678764195,72.0,87.96,-15.959999999999994,1.0
2903508,Belo Campo,BA,0.1812410393470535,63.0,72.37,-9.370000000000005,1.0
1506187,Rondon do Pará,PA,0.1805767824897635,70.0,68.03,1.9699999999999989,1.0
4216107,São Domingos,SC,0.18046087035127856,79.0,94.0,-15.0,1.0
4113700,Londrina,PR,0.18028076247522196,77.0,80.34,-3.3400000000000034,1.0
2412302,São José do Campestre,RN,0.18013586725363173,,37.26,,
2929909,Seabra,BA,0.17996143417624433,64.0,63.96,0.03999999999999915,1.0
2515302,Sapé,PB,0.17959101224556484,55.0,64.45,-9.450000000000003,1.0
2929305,São Gonçalo dos Campos,BA,0.1795183382430936,57.0,53.21,3.789999999999999,1.0
2925402,Potiraguá,BA,0.17901682243116912,51.0,39.88,11.119999999999997,0.0
3170404,Unaí,MG,0.1787148770184851,68.0,66.44,1.5600000000000023,1.0
2203859,Floresta do Piauí,PI,0.17861568629164193,80.0,100.0,-20.0,1.0
3512308,Conchas,SP,0.178324814670056,63.0,58.24,4.759999999999998,1.0
3122504,Dom Cavati,MG,0.17827900882688597,77.0,87.1,-10.099999999999994,1.0
3168606,Teófilo Otoni,MG,0.17826062786611208,65.0,69.59,-4.590000000000003,1.0
3131703,Itabira,MG,0.17821829505399045,68.0,75.02,-7.019999999999996,1.0
2924603,Pindobaçu,BA,0.17790275139577993,55.0,45.32,9.68,0.0
3101706,Almenara,MG,0.17785953629667395,59.0,58.54,0.46000000000000085,1.0
2900207,Abaré,BA,0.1777584018602162,52.0,52.72,-0.7199999999999989,1.0
3516804,Gastão Vidigal,SP,0.17771654465516062,66.0,81.75,-15.75,1.0
2104099,Formosa da Serra Negra,MA,0.1775960381145607,80.0,83.98,-3.980000000000004,1.0
3158409,Santana de Cataguases,MG,0.17758489462603155,80.0,88.24,-8.239999999999995,1.0
2301406,Aratuba,CE,0.17676924532114524,80.0,87.27,-7.269999999999996,1.0
3138906,Machacalis,MG,0.17650865106139946,71.0,75.27,-4.269999999999996,1.0
1713304,Miranorte,TO,0.17624486053362776,66.0,64.82,1.1800000000000068,1.0
2208809,Regeneração,PI,0.17609974148859586,59.0,63.07,-4.07,1.0
2918407,Juazeiro,BA,0.1757010001390752,54.0,49.67,4.329999999999998,1.0
5106257,Nova Xavantina,MT,0.17552996423418432,75.0,78.46,-3.4599999999999937,1.0
2613305,São Joaquim do Monte,PE,0.1752583842518901,74.0,85.78,-11.780000000000001,1.0
3555356,Ubarana,SP,0.17508760637823062,70.0,82.39,-12.39,1.0
3506805,Bocaina,SP,0.175018703866068,55.0,53.57,1.4299999999999997,1.0
3135100,Janaúba,MG,0.1750044610143624,64.0,63.91,0.09000000000000341,1.0
2922730,Nova Fátima,BA,0.17497842267337693,63.0,64.84,-1.8400000000000034,1.0
1502905,Curuçá,PA,0.17478877199976572,,53.15,,
3157005,Salinas,MG,0.17466269592559414,76.0,85.24,-9.239999999999995,1.0
3149705,Perdigão,MG,0.17457597306557848,80.0,92.23,-12.230000000000004,1.0
2928000,Santaluz,BA,0.1745692864646501,49.0,36.99,12.009999999999998,0.0
3135076,Jampruca,MG,0.17451403051061043,65.0,62.16,2.8400000000000034,1.0
3520707,Indiaporã,SP,0.1743713238898298,73.0,76.67,-3.6700000000000017,1.0
2920502,Maracás,BA,0.17436161429696906,66.0,62.77,3.229999999999997,1.0
2311900,Saboeiro,CE,0.1743213597436769,77.0,81.29,-4.290000000000006,1.0
5007554,Santa Rita do Pardo,MS,0.1739517603261478,64.0,75.58,-11.579999999999998,1.0
4123303,Santa Cruz de Monte Castelo,PR,0.1738995576006639,80.0,83.27,-3.269999999999996,1.0
1715507,Oliveira de Fátima,TO,0.17378964213170223,64.0,87.5,-23.5,1.0
2905602,Camacan,BA,0.17371714067316935,55.0,52.87,2.1300000000000026,1.0
2410207,Portalegre,RN,0.17368251323446116,65.0,77.87,-12.870000000000005,1.0
2311207,Potengi,CE,0.17358539561966835,80.0,94.81,-14.810000000000002,1.0
3305307,São Sebastião do Alto,RJ,0.17319703740062597,,54.19,,
2803302,Japaratuba,SE,0.17317979229644298,60.0,65.83,-5.829999999999998,1.0
2615706,Triunfo,PE,0.17309431314670398,80.0,86.94,-6.939999999999998,1.0
2306553,Itarema,CE,0.17299864056454173,80.0,91.32,-11.319999999999993,1.0
2205508,José de Freitas,PI,0.17290521596183894,64.0,70.86,-6.859999999999999,1.0
2411007,Rodolfo Fernandes,RN,0.17288743475179436,54.0,66.96,-12.959999999999994,1.0
2402303,Caraúbas,RN,0.17273698429713458,49.0,51.13,-2.1300000000000026,1.0
3525409,Jeriquara,SP,0.17263971934586153,62.0,79.94,-17.939999999999998,1.0
5007976,Taquarussu,MS,0.17259115193959285,79.0,93.61,-14.61,1.0
2112100,Timbiras,MA,0.17254700345453733,60.0,69.9,-9.900000000000006,1.0
4105805,Colombo,PR,0.17245000210377004,72.0,69.9,2.0999999999999943,1.0
3125952,Fervedouro,MG,0.17231486674581453,73.0,84.04,-11.040000000000006,1.0
1101476,Primavera de Rondônia,RO,0.17210638645353404,80.0,81.01,-1.0100000000000051,1.0
2901700,Antônio Cardoso,BA,0.1720389880097053,55.0,52.07,2.9299999999999997,1.0
2902252,Arataca,BA,0.17173916869230121,42.0,30.7,11.3,0.0
1706506,Darcinópolis,TO,0.17164223837149728,54.0,52.09,1.9099999999999966,1.0
2801900,Cumbe,SE,0.1715235546809879,61.0,70.77,-9.769999999999996,1.0
1508126,Ulianópolis,PA,0.1713664514859291,70.0,80.68,-10.680000000000007,1.0
4217956,Tigrinhos,SC,0.17121862395755194,79.0,82.68,-3.680000000000007,1.0
1702703,Aurora do Tocantins,TO,0.17114691852146613,66.0,88.73,-22.730000000000004,1.0
1304260,Uarini,AM,0.17112380095077873,38.0,56.01,-18.009999999999998,1.0
3531209,Monte Alegre do Sul,SP,0.1709712889800038,67.0,67.04,-0.04000000000000625,1.0
2918704,Lafaiete Coutinho,BA,0.17096996763797978,73.0,71.27,1.730000000000004,0.0
3541208,Presidente Bernardes,SP,0.17070628704678026,72.0,72.9,-0.9000000000000057,1.0
3136405,Joaquim Felício,MG,0.17067489473945718,,67.0,,
2919801,Macaúbas,BA,0.17061673102194597,61.0,63.37,-2.3699999999999974,1.0
1600303,Macapá,AP,0.17059263785526724,61.0,62.72,-1.7199999999999989,1.0
2931004,Tanhaçu,BA,0.1705713439948945,69.0,72.08,-3.0799999999999983,1.0
2514503,São José de Piranhas,PB,0.1705499992657875,55.0,43.03,11.969999999999999,0.0
2509206,Massaranduba,PB,0.17011257948708125,61.0,70.07,-9.069999999999993,1.0
3121407,Desterro de Entre Rios,MG,0.16949873885459854,80.0,90.56,-10.560000000000002,1.0
1400605,São Luiz,RR,0.1693320667203494,65.0,58.74,6.259999999999998,
3169901,Ubá,MG,0.16918740198589044,72.0,81.12,-9.120000000000005,1.0
2807600,Umbaúba,SE,0.16908374147434824,49.0,52.71,-3.710000000000001,1.0
1711506,Jaú do Tocantins,TO,0.16895487055778624,70.0,75.25,-5.25,1.0
5212600,Mairipotaba,GO,0.16872479593571987,80.0,59.78,20.22,0.0
2513406,Santa Luzia,PB,0.1685967169887782,67.0,68.39,-1.3900000000000006,1.0
1507474,São João de Pirabas,PA,0.16849875049085705,53.0,56.33,-3.3299999999999983,1.0
3135001,Jaguaraçu,MG,0.16848624356763486,71.0,53.62,17.380000000000003,0.0
3205176,Vila Valério,ES,0.16781619225487254,80.0,75.61,4.390000000000001,0.0
2312403,São Gonçalo do Amarante,CE,0.16779899074908666,80.0,94.34,-14.340000000000003,1.0
3132701,Itambacuri,MG,0.16750250567853975,65.0,78.38,-13.379999999999995,1.0
3104106,Arceburgo,MG,0.16736610492328208,80.0,85.32,-5.319999999999993,1.0
1722081,Wanderlândia,TO,0.16723630468652084,56.0,65.27,-9.269999999999996,1.0
2307601,Limoeiro do Norte,CE,0.16701872513432636,80.0,79.62,0.37999999999999545,1.0
2410108,Poço Branco,RN,0.16663937572783394,35.0,25.23,9.77,1.0
5003108,Corguinho,MS,0.16640467979192863,62.0,55.6,6.399999999999999,0.0
1506609,Santa Maria do Pará,PA,0.1664045165933563,55.0,62.87,-7.869999999999997,1.0
3108800,Braúnas,MG,0.16629427529257235,76.0,93.33,-17.33,1.0
3124104,Esmeraldas,MG,0.16625576638733308,65.0,65.74,-0.7399999999999949,1.0
2606002,Garanhuns,PE,0.16621171023522996,66.0,71.64,-5.640000000000001,1.0
2307007,Jaguaruana,CE,0.1662114697329432,80.0,86.26,-6.260000000000005,1.0
1707009,Dianópolis,TO,0.16611558813624583,65.0,67.39,-2.3900000000000006,1.0
3535002,Palestina,SP,0.16606652051223092,69.0,73.93,-4.930000000000007,1.0
4310751,Ivorá,RS,0.16578332941920626,68.0,83.33,-15.329999999999998,1.0
3134103,Itueta,MG,0.1656756733754835,67.0,53.42,13.579999999999998,0.0
2502151,Boa Vista,PB,0.1656622066529675,74.0,93.25,-19.25,1.0
3304128,Quatis,RJ,0.16559395314514647,64.0,75.79,-11.790000000000006,1.0
2611002,Petrolândia,PE,0.16539826989536022,65.0,61.03,3.969999999999999,1.0
2925501,Prado,BA,0.16538265420096332,56.0,54.1,1.8999999999999986,1.0
3501103,Alto Alegre,SP,0.1653220418996213,69.0,73.15,-4.150000000000006,1.0
3145356,Novo Oriente de Minas,MG,0.16500215982133626,62.0,63.81,-1.8100000000000023,1.0
2107258,Nova Colinas,MA,0.16498379765413562,80.0,87.14,-7.140000000000001,1.0
5212501,Luziânia,GO,0.1649721787945183,72.0,78.77,-6.769999999999996,1.0
3546405,Santa Cruz do Rio Pardo,SP,0.16492831627186932,66.0,67.28,-1.2800000000000011,1.0
4210035,Luzerna,SC,0.16474176218760406,76.0,79.67,-3.6700000000000017,1.0
2922409,Mutuípe,BA,0.16471743136075612,69.0,70.85,-1.8499999999999943,1.0
4202156,Belmonte,SC,0.16467310027419824,76.0,97.49,-21.489999999999995,1.0
2911402,Glória,BA,0.16462890187434265,57.0,54.76,2.240000000000002,1.0
1720002,Santa Terezinha do Tocantins,TO,0.1645015519214722,68.0,84.62,-16.620000000000005,1.0
2104057,Estreito,MA,0.16449483841581836,67.0,64.51,2.489999999999995,1.0
2921500,Monte Santo,BA,0.16446091778825045,53.0,50.26,2.740000000000002,1.0
2108306,Penalva,MA,0.16439581146266036,67.0,78.48,-11.480000000000004,1.0
3542008,Quintana,SP,0.16416459842309428,65.0,63.91,1.0900000000000034,1.0
2302107,Baturité,CE,0.16406378704098767,79.0,87.79,-8.790000000000006,1.0
3556107,Valentim Gentil,SP,0.16403441125864082,73.0,71.25,1.75,1.0
4214300,Rancho Queimado,SC,0.164028632662929,76.0,80.9,-4.900000000000006,1.0
2311504,Quixeré,CE,0.16401003245677515,80.0,83.94,-3.9399999999999977,1.0
3537503,Pereiras,SP,0.16393085872340807,65.0,65.45,-0.45000000000000284,1.0
4107603,Faxinal,PR,0.16375992653940652,80.0,83.04,-3.0400000000000063,1.0
3128808,Guidoval,MG,0.1637542447440663,70.0,74.12,-4.1200000000000045,1.0
3300506,Bom Jardim,RJ,0.16369781913074155,65.0,76.1,-11.099999999999994,1.0
3119500,Coronel Murta,MG,0.16357191299409468,72.0,90.41,-18.409999999999997,1.0
2922250,Muquém do São Francisco,BA,0.16354373879299078,53.0,48.82,4.18,1.0
3102050,Alto Caparaó,MG,0.16345695300903784,80.0,88.39,-8.39,1.0
2603702,Canhotinho,PE,0.1634101424343648,64.0,60.49,3.509999999999998,1.0
2112852,Vila Nova dos Martírios,MA,0.163400770962846,80.0,93.91,-13.909999999999997,1.0
3516705,Garça,SP,0.16334605689315962,65.0,77.64,-12.64,1.0
2304285,Eusébio,CE,0.16332603993949235,80.0,95.56,-15.560000000000002,1.0
3142403,Moema,MG,0.16316386943502015,80.0,88.97,-8.969999999999999,1.0
4207403,Imbuia,SC,0.1631306895637843,72.0,85.61,-13.61,1.0
2605400,Feira Nova,PE,0.16295318902296785,80.0,89.69,-9.689999999999998,1.0
3522901,Itapuí,SP,0.1629347550091511,56.0,55.24,0.759999999999998,1.0
4311981,Mariana Pimentel,RS,0.1625700045177657,70.0,79.77,-9.769999999999996,1.0
3114501,Carmópolis de Minas,MG,0.16252735933720486,78.0,88.08,-10.079999999999998,1.0
3102100,Alto Rio Doce,MG,0.16251109927173268,79.0,87.95,-8.950000000000003,1.0
3540259,Pontalinda,SP,0.16240365099251242,62.0,74.17,-12.170000000000002,1.0
3103207,Araçaí,MG,0.16216228380107556,80.0,90.55,-10.549999999999997,1.0
3304508,Rio das Flores,RJ,0.16216003211279773,69.0,76.11,-7.109999999999999,1.0
2919926,Madre de Deus,BA,0.16196439829963882,59.0,59.77,-0.7700000000000031,1.0
3531605,Monte Castelo,SP,0.1619269973960824,73.0,70.33,2.6700000000000017,0.0
2113009,Vitorino Freire,MA,0.1616260315916136,65.0,56.04,8.96,0.0
1705607,Conceição do Tocantins,TO,0.1613272526061823,51.0,51.33,-0.3299999999999983,1.0
4215604,Santa Rosa de Lima,SC,0.16097285160134578,80.0,90.63,-10.629999999999995,1.0
2111631,São Raimundo do Doca Bezerra,MA,0.1609403049503022,68.0,72.36,-4.359999999999999,1.0
2414209,Tibau do Sul,RN,0.1608356232553544,43.0,56.1,-13.100000000000001,1.0
3553955,Tarumã,SP,0.1607573975301848,80.0,87.68,-7.680000000000007,1.0
2927002,Rio Real,BA,0.1607230874654998,60.0,57.6,2.3999999999999986,1.0
1300904,Canutama,AM,0.160697620246665,64.0,75.18,-11.180000000000007,1.0
2303402,Carnaubal,CE,0.16066000307119122,80.0,97.01,-17.010000000000005,1.0
2614709,Tacaimbó,PE,0.16052751591817915,62.0,79.54,-17.540000000000006,1.0
2105922,Lagoa do Mato,MA,0.16032931106709858,80.0,83.33,-3.3299999999999983,1.0
1707652,Figueirópolis,TO,0.16031414608832073,71.0,84.78,-13.780000000000001,1.0
2925204,Pojuca,BA,0.16026296366182669,70.0,68.97,1.0300000000000011,1.0
2806008,Ribeirópolis,SE,0.1602562027769462,55.0,68.18,-13.180000000000007,1.0
3532900,Nova Europa,SP,0.16001541403913033,65.0,60.73,4.270000000000003,1.0
3546504,Santa Ernestina,SP,0.15973853720040299,80.0,85.96,-5.959999999999994,1.0
2506400,Gurinhém,PB,0.15963167726902017,56.0,78.38,-22.379999999999995,1.0
3144904,Nova Módica,MG,0.15921547276211667,80.0,88.32,-8.319999999999993,1.0
3165578,Senador Amaral,MG,0.15920547805977203,75.0,80.75,-5.75,1.0
3142700,Montalvânia,MG,0.1591066584234796,64.0,72.28,-8.280000000000001,1.0
3529500,Mendonça,SP,0.15905405949902685,75.0,79.15,-4.150000000000006,1.0
1100940,Cujubim,RO,0.1588823388006928,79.0,88.93,-9.930000000000007,1.0
2510709,Passagem,PB,0.1588204622866466,80.0,87.87,-7.8700000000000045,1.0
1709500,Gurupi,TO,0.15879670879599028,61.0,64.26,-3.260000000000005,1.0
3549706,São José do Rio Pardo,SP,0.15868399398795574,63.0,68.0,-5.0,1.0
1500131,Abel Figueiredo,PA,0.15830251573905962,69.0,83.17,-14.170000000000002,1.0
2901601,Antas,BA,0.15810150913275356,61.0,69.71,-8.709999999999994,1.0
2307205,Jati,CE,0.15787568152860987,77.0,84.27,-7.269999999999996,1.0
3124609,Estrela Dalva,MG,0.15781372499999968,80.0,93.79,-13.790000000000006,1.0
2413300,Serra de São Bento,RN,0.15780404387816815,51.0,65.4,-14.400000000000006,1.0
2900702,Alagoinhas,BA,0.1577615202006174,55.0,52.3,2.700000000000003,1.0
2904209,Botuporã,BA,0.1575959103092096,71.0,80.32,-9.319999999999993,1.0
3555901,Uru,SP,0.15743130336190436,80.0,81.25,-1.25,1.0
4107900,Floresta,PR,0.15732037760351025,78.0,72.93,5.069999999999993,0.0
1711902,Lagoa da Confusão,TO,0.15730116927344417,50.0,59.32,-9.32,1.0
3134608,Jaboticatubas,MG,0.15728925888950818,74.0,80.64,-6.640000000000001,1.0
1200807,Porto Acre,AC,0.15726599228592586,63.0,56.64,6.359999999999999,1.0
2930600,Serrolândia,BA,0.15722550572848704,55.0,49.1,5.899999999999999,1.0
4122602,Rondon,PR,0.15712632739743904,74.0,89.13,-15.129999999999995,1.0
2301109,Aracati,CE,0.15688999063363496,80.0,86.79,-6.790000000000006,1.0
2919959,Maetinga,BA,0.1567989497127209,70.0,74.43,-4.430000000000007,1.0
3532843,Nova Canaã Paulista,SP,0.15675646887934602,79.0,100.0,-21.0,1.0
2101202,Bacabal,MA,0.15673013045434636,62.0,73.34,-11.340000000000003,1.0
3152204,Porteirinha,MG,0.1567294103857344,71.0,79.13,-8.129999999999995,1.0
3138625,Limeira do Oeste,MG,0.15672098695904424,72.0,81.79,-9.790000000000006,1.0
3555208,Turiúba,SP,0.15668392208741966,80.0,80.0,0.0,1.0
2805703,Propriá,SE,0.15666813545125502,45.0,52.37,-7.369999999999997,1.0
1714880,Nova Olinda,TO,0.15614757767867282,50.0,46.94,3.0600000000000023,1.0
3161106,São Francisco,MG,0.15610264725411704,62.0,67.11,-5.109999999999999,1.0
2930006,Sebastião Laranjeiras,BA,0.15600983874478103,69.0,76.51,-7.510000000000005,1.0
3145877,Orizânia,MG,0.1557593310468629,71.0,78.3,-7.299999999999997,1.0
2301208,Aracoiaba,CE,0.15563198548378931,80.0,82.89,-2.8900000000000006,1.0
4208401,Itapiranga,SC,0.15546818464745327,75.0,85.98,-10.980000000000004,1.0
3123700,Engenheiro Caldas,MG,0.1554532602145725,69.0,73.92,-4.920000000000002,1.0
4120903,Quedas do Iguaçu,PR,0.15506025799695966,76.0,80.24,-4.239999999999995,1.0
5103809,Figueirópolis D'Oeste,MT,0.15502959189277143,80.0,81.15,-1.1500000000000057,1.0
3104502,Arinos,MG,0.15495618732875727,62.0,79.27,-17.269999999999996,1.0
2104602,Governador Eugênio Barros,MA,0.15491639039620175,66.0,74.83,-8.829999999999998,1.0
2929057,São Félix do Coribe,BA,0.1546985613680214,67.0,63.83,3.1700000000000017,1.0
2102903,Carutapera,MA,0.15463956534635792,67.0,71.29,-4.290000000000006,1.0
3105400,Barão de Cocais,MG,0.15463097615846966,69.0,78.21,-9.209999999999994,1.0
2910701,Euclides da Cunha,BA,0.15461999488942568,55.0,51.42,3.5799999999999983,1.0
3523602,Itirapina,SP,0.15457388456460386,69.0,72.88,-3.8799999999999955,1.0
3530904,Mombuca,SP,0.15452412718581454,67.0,68.26,-1.2600000000000051,1.0
3117603,Conceição do Pará,MG,0.15446942868617086,77.0,80.88,-3.8799999999999955,1.0
2210979,Tanque do Piauí,PI,0.15439947649610086,69.0,76.47,-7.469999999999999,1.0
3147204,Paraguaçu,MG,0.1543957968734032,71.0,76.0,-5.0,1.0
3154507,Riacho dos Machados,MG,0.15408885748279855,73.0,79.14,-6.140000000000001,1.0
2101004,Arari,MA,0.15388235958683893,73.0,71.41,1.5900000000000034,1.0
3121001,Datas,MG,0.15356522083668478,80.0,84.84,-4.840000000000003,1.0
1505700,Ponta de Pedras,PA,0.1534548944173011,58.0,54.51,3.490000000000002,1.0
4216354,São João do Itaperiú,SC,0.15332933674766946,67.0,80.08,-13.079999999999998,1.0
2603603,Camutanga,PE,0.15323160653607515,68.0,71.45,-3.450000000000003,1.0
3148806,Pedra do Anta,MG,0.15301652006862176,80.0,88.94,-8.939999999999998,1.0
2926905,Rio do Pires,BA,0.15299395460604048,57.0,69.3,-12.299999999999997,1.0
3528106,Macaubal,SP,0.15236826137595383,80.0,85.83,-5.829999999999998,1.0
3135803,Jequitinhonha,MG,0.15226390914243937,61.0,61.75,-0.75,1.0
3117306,Conceição das Alagoas,MG,0.15222763404173756,67.0,69.52,-2.519999999999996,1.0
5008305,Três Lagoas,MS,0.152122036562781,75.0,80.95,-5.950000000000003,1.0
5004106,Guia Lopes da Laguna,MS,0.15211889594698025,63.0,64.13,-1.1299999999999955,1.0
2307403,Jucás,CE,0.15208945021419906,80.0,83.97,-3.969999999999999,1.0
4300455,Alegria,RS,0.15207832719910486,,40.0,,
2205854,Madeiro,PI,0.15192886801817662,71.0,70.08,0.9200000000000017,1.0
2411908,São Francisco do Oeste,RN,0.1518905089323671,68.0,84.13,-16.129999999999995,1.0
2611507,Quipapá,PE,0.15176074245445303,63.0,62.58,0.4200000000000017,1.0
2205540,Lagoinha do Piauí,PI,0.1517399470483063,80.0,77.01,2.989999999999995,0.0
2607752,Itapissuma,PE,0.15168434832796163,79.0,87.6,-8.599999999999994,1.0
2103802,Dom Pedro,MA,0.15154173186929365,59.0,60.8,-1.7999999999999972,1.0
4311759,Manoel Viana,RS,0.15143056184061865,52.0,64.44,-12.439999999999998,1.0
2924900,Planaltino,BA,0.15117159970394523,66.0,69.19,-3.1899999999999977,1.0
4102901,Bituruna,PR,0.1510102157985901,80.0,86.8,-6.799999999999997,1.0
3105905,Barroso,MG,0.15099564664789478,77.0,85.73,-8.730000000000004,1.0
3551900,Severínia,SP,0.15087539613997292,60.0,59.12,0.8800000000000026,1.0
3143104,Monte Carmelo,MG,0.15075505328163552,71.0,63.88,7.119999999999997,0.0
3300605,Bom Jesus do Itabapoana,RJ,0.150571621338635,68.0,72.82,-4.819999999999993,1.0
2402105,Campo Redondo,RN,0.15043581933543249,48.0,55.39,-7.390000000000001,1.0
3124906,Eugenópolis,MG,0.15033678465291755,68.0,67.87,0.12999999999999545,1.0
2208304,Piracuruca,PI,0.15020284459979005,78.0,77.56,0.4399999999999977,1.0
3168705,Timóteo,MG,0.15002185398890533,67.0,65.18,1.8199999999999932,1.0
2507309,Jacaraú,PB,0.14999434052358207,56.0,53.02,2.979999999999997,1.0
2801108,Canhoba,SE,0.149832836265413,62.0,64.44,-2.4399999999999977,1.0
3151305,Piraúba,MG,0.14982002093999303,77.0,77.05,-0.04999999999999716,1.0
2904852,Cabaceiras do Paraguaçu,BA,0.14937090192527602,51.0,40.81,10.189999999999998,0.0
4315453,Relvado,RS,0.14936897636949886,80.0,94.12,-14.120000000000005,1.0
4112009,Jaguariaíva,PR,0.14932646123880733,80.0,79.1,0.9000000000000057,0.0
2202117,Campo Alegre do Fidalgo,PI,0.1492730209917129,58.0,45.16,12.840000000000003,0.0
1701002,Ananás,TO,0.14926633641717568,59.0,58.27,0.7299999999999969,1.0
2904605,Brumado,BA,0.14922779322277835,66.0,69.01,-3.010000000000005,1.0
2401503,Barcelona,RN,0.1491789377245908,67.0,75.01,-8.010000000000005,1.0
2905909,Campo Alegre de Lourdes,BA,0.1491156954719418,57.0,65.88,-8.879999999999995,1.0
2512754,Riachão do Bacamarte,PB,0.14908227128854246,62.0,60.05,1.9500000000000028,1.0
1504950,Nova Esperança do Piriá,PA,0.14869770616338152,56.0,62.33,-6.329999999999998,1.0
2931806,Tremedal,BA,0.1486221721422477,64.0,75.13,-11.129999999999995,1.0
4215653,Santa Rosa do Sul,SC,0.1486103717331797,67.0,68.89,-1.8900000000000006,1.0
4208005,Itá,SC,0.14853603278027605,74.0,75.35,-1.3499999999999943,1.0
2804904,Pacatuba,SE,0.1483720825422271,42.0,51.17,-9.170000000000002,1.0
2909505,Cravolândia,BA,0.14823047349945873,68.0,78.22,-10.219999999999999,1.0
2100832,Apicum-Açu,MA,0.14786217992539852,54.0,48.95,5.049999999999997,1.0
2802304,Frei Paulo,SE,0.1478163316591643,44.0,41.37,2.6300000000000026,1.0
3122355,Divisa Alegre,MG,0.1477544077955707,65.0,73.58,-8.579999999999998,1.0
1301605,Fonte Boa,AM,0.14767779632917521,51.0,52.3,-1.2999999999999972,1.0
2932903,Valença,BA,0.14764378914637455,53.0,46.74,6.259999999999998,1.0
2908903,Coração de Maria,BA,0.1475860472454935,53.0,48.92,4.079999999999998,1.0
3116506,Claro dos Poções,MG,0.14758160149699417,75.0,86.67,-11.670000000000002,1.0
3551306,Sebastianópolis do Sul,SP,0.14741751229231148,80.0,100.0,-20.0,1.0
4217154,São Miguel da Boa Vista,SC,0.14741303037867826,80.0,95.83,-15.829999999999998,1.0
4217907,Tangará,SC,0.14723014529607115,80.0,93.82,-13.819999999999993,1.0
1504406,Marapanim,PA,0.1471903766535375,52.0,47.22,4.780000000000001,1.0
3507209,Borá,SP,0.1468748630010298,67.0,75.0,-8.0,1.0
1720200,São Miguel do Tocantins,TO,0.14672562220854146,51.0,53.09,-2.0900000000000034,1.0
3168804,Tiradentes,MG,0.14635103514114367,71.0,70.2,0.7999999999999972,1.0
2614204,Sirinhaém,PE,0.1462784476323854,70.0,73.83,-3.8299999999999983,1.0
3162948,São José da Barra,MG,0.14620506051558912,80.0,82.89,-2.8900000000000006,1.0
5000856,Angélica,MS,0.14611011844022836,80.0,88.05,-8.049999999999997,1.0
4126678,Tamarana,PR,0.14604760323338228,77.0,86.11,-9.11,1.0
3546256,Santa Cruz da Esperança,SP,0.14572503304109163,62.0,95.83,-33.83,1.0
4116208,Morretes,PR,0.145484699118674,74.0,73.24,0.7600000000000051,1.0
3530003,Mira Estrela,SP,0.14544369746473995,70.0,65.73,4.269999999999996,0.0
5005400,Maracaju,MS,0.1452946405894615,59.0,55.97,3.030000000000001,1.0
2313708,Umari,CE,0.14514677954068633,80.0,100.0,-20.0,1.0
3114204,Carmo do Cajuru,MG,0.1449043184542751,73.0,82.14,-9.14,1.0
2205607,Landri Sales,PI,0.1447465387851582,80.0,74.31,5.689999999999998,0.0
3136801,Juramento,MG,0.14447307483489236,71.0,81.88,-10.879999999999995,1.0
3119401,Coronel Fabriciano,MG,0.14412027308304576,63.0,71.1,-8.099999999999994,1.0
3532306,Natividade da Serra,SP,0.14406663125491337,59.0,62.04,-3.039999999999999,1.0
2513901,São Bento,PB,0.14396024815945352,60.0,72.24,-12.239999999999995,1.0
3536307,Patrocínio Paulista,SP,0.14374285993643,62.0,65.89,-3.8900000000000006,1.0
2502805,Brejo do Cruz,PB,0.14369971336490184,66.0,75.95,-9.950000000000003,1.0
5102603,Campinápolis,MT,0.14369022866344416,58.0,53.03,4.969999999999999,1.0
2605103,Custódia,PE,0.14367098934910105,80.0,95.38,-15.379999999999995,1.0
2109304,Presidente Vargas,MA,0.14366148963048275,61.0,67.9,-6.900000000000006,1.0
1508357,Vitória do Xingu,PA,0.1436423802827277,70.0,80.11,-10.11,1.0
3170107,Uberaba,MG,0.1435818596320233,62.0,60.79,1.2100000000000009,1.0
2608404,Jurema,PE,0.1434954049711935,66.0,72.72,-6.719999999999999,1.0
3547908,Santo Antônio da Alegria,SP,0.14333607161295658,64.0,66.29,-2.2900000000000063,1.0
2101806,Benedito Leite,MA,0.14325939054237635,68.0,84.33,-16.33,1.0
4207577,Iomerê,SC,0.1429737476710612,77.0,73.84,3.1599999999999966,0.0
4207700,Ipumirim,SC,0.1429316591064449,66.0,76.39,-10.39,1.0
4208708,Jacinto Machado,SC,0.14252660238223336,66.0,76.27,-10.269999999999996,1.0
2302800,Canindé,CE,0.14243180700889535,80.0,96.5,-16.5,1.0
3130200,Igaratinga,MG,0.14230528798043818,74.0,74.85,-0.8499999999999943,1.0
2615300,Timbaúba,PE,0.1419284573720031,77.0,90.04,-13.040000000000006,1.0
3150570,Pintópolis,MG,0.14188658922361386,63.0,60.15,2.8500000000000014,1.0
2310852,Pindoretama,CE,0.14178865795087447,80.0,95.27,-15.269999999999996,1.0
2517407,Zabelê,PB,0.1417822267536495,80.0,93.75,-13.75,1.0
2923902,Pau Brasil,BA,0.14172207666651693,62.0,63.69,-1.6899999999999977,1.0
2405207,Janduís,RN,0.14167262361411082,48.0,53.68,-5.68,1.0
1100296,Santa Luzia D'Oeste,RO,0.1415378552712926,,94.7,,
3104908,Baependi,MG,0.1415124973170221,75.0,85.34,-10.340000000000003,1.0
3102704,Cachoeira de Pajeú,MG,0.14149443119522942,70.0,70.96,-0.9599999999999937,1.0
5200605,Alto Paraíso de Goiás,GO,0.141126307136481,80.0,90.91,-10.909999999999997,1.0
2202737,Coivaras,PI,0.14105581184365035,79.0,75.54,3.4599999999999937,0.0
3133709,Itatiaiuçu,MG,0.14104179669776162,76.0,78.25,-2.25,1.0
4118907,Pérola,PR,0.1410002352414066,79.0,90.49,-11.489999999999995,1.0
3121605,Diamantina,MG,0.14098999732798967,69.0,74.35,-5.349999999999994,1.0
3548054,Santo Antônio do Aracanguá,SP,0.1408805482548745,65.0,72.53,-7.530000000000001,1.0
2504702,Congo,PB,0.140869822028324,64.0,86.86,-22.86,1.0
2609006,Macaparana,PE,0.1407549978696685,76.0,81.32,-5.319999999999993,1.0
2925907,Quijingue,BA,0.1406513215626567,58.0,54.74,3.259999999999998,1.0
1502608,Colares,PA,0.1405554882230533,,52.19,,
3169059,Tocos do Moji,MG,0.14043863480632102,79.0,77.19,1.8100000000000023,0.0
5219308,Santa Helena de Goiás,GO,0.14038458409862153,80.0,75.81,4.189999999999998,
2616308,Vicência,PE,0.14015738082230333,68.0,69.69,-1.6899999999999977,1.0
2103125,Central do Maranhão,MA,0.1400734550434598,80.0,95.05,-15.049999999999997,1.0
4106001,Congonhinhas,PR,0.1400700882845105,74.0,89.04,-15.040000000000006,1.0
3538105,Pindorama,SP,0.1400301703840816,63.0,69.18,-6.180000000000007,1.0
3140001,Mariana,MG,0.14002783805752406,66.0,73.8,-7.799999999999997,1.0
2202711,Cocal de Telha,PI,0.1398691450548859,73.0,79.03,-6.030000000000001,1.0
3120003,Córrego Novo,MG,0.13978469149925743,63.0,61.1,1.8999999999999986,1.0
2924405,Pilão Arcado,BA,0.139771544471194,48.0,45.04,2.960000000000001,1.0
2209005,Rio Grande do Piauí,PI,0.13963790252610564,64.0,75.05,-11.049999999999997,1.0
4201273,Arabutã,SC,0.13955763694570678,80.0,88.57,-8.569999999999993,1.0
2615904,Tuparetama,PE,0.13953113345415824,78.0,81.05,-3.049999999999997,1.0
4128633,Doutor Ulysses,PR,0.13931912467668484,78.0,86.47,-8.469999999999999,1.0
2611804,Ribeirão,PE,0.1391421863052268,70.0,92.15,-22.150000000000006,1.0
2302503,Brejo Santo,CE,0.13887844406367278,80.0,91.7,-11.700000000000003,1.0
3144201,Nacip Raydan,MG,0.13869822070354176,69.0,85.56,-16.560000000000002,1.0
2912707,Ibirapitanga,BA,0.13863317753023174,54.0,60.34,-6.340000000000003,1.0
2604155,Casinhas,PE,0.1384784362746816,80.0,95.24,-15.239999999999995,1.0
2105476,Jenipapo dos Vieiras,MA,0.13817080719506236,63.0,72.41,-9.409999999999997,1.0
2510501,Olivedos,PB,0.13805264067223866,67.0,87.05,-20.049999999999997,1.0
3101102,Aimorés,MG,0.13778845054255984,64.0,73.88,-9.879999999999995,1.0
2209104,Santa Cruz do Piauí,PI,0.1377816231550475,80.0,77.87,2.1299999999999955,0.0
2612455,Santa Cruz,PE,0.13766436930014414,74.0,90.91,-16.909999999999997,1.0
2516508,Taperoá,PB,0.1376273816149246,79.0,83.73,-4.730000000000004,1.0
3143906,Muriaé,MG,0.1374736793160377,69.0,79.33,-10.329999999999998,1.0
1706100,Cristalândia,TO,0.13744149586363685,63.0,66.41,-3.4099999999999966,1.0
3118809,Coração de Jesus,MG,0.13740701451180182,72.0,96.1,-24.099999999999994,1.0
4103503,Califórnia,PR,0.13740217834027302,80.0,80.19,-0.18999999999999773,1.0
2921401,Mirangaba,BA,0.13737748281999396,55.0,55.55,-0.5499999999999972,1.0
3117009,Comercinho,MG,0.137168701093477,69.0,82.11,-13.11,1.0
3123601,Elói Mendes,MG,0.13707764716912085,68.0,72.83,-4.829999999999998,1.0
2927309,Salinas da Margarida,BA,0.13707197968199147,63.0,62.84,0.1599999999999966,1.0
3153301,Presidente Kubitschek,MG,0.13676112691079578,78.0,92.99,-14.989999999999995,1.0
2303006,Caridade,CE,0.1367595666464516,80.0,93.95,-13.950000000000003,1.0
2313500,Trairi,CE,0.13675433429578188,80.0,94.39,-14.39,1.0
2105401,Itapecuru Mirim,MA,0.13669136577111862,66.0,77.48,-11.480000000000004,1.0
3513108,Cravinhos,SP,0.13665567925564293,60.0,69.73,-9.730000000000004,1.0
2307809,Marco,CE,0.1365231255124264,80.0,93.27,-13.269999999999996,1.0
4119152,Pinhais,PR,0.13649328166000319,71.0,70.27,0.730000000000004,1.0
3118304,Conselheiro Lafaiete,MG,0.13611628508941198,72.0,84.05,-12.049999999999997,1.0
2500205,Aguiar,PB,0.13607109752419666,74.0,91.53,-17.53,1.0
1300086,Anamã,AM,0.13598288135108616,55.0,63.24,-8.240000000000002,1.0
2304459,Fortim,CE,0.1357889610499703,80.0,88.64,-8.64,1.0
2202554,Caridade do Piauí,PI,0.13559784212416404,70.0,68.91,1.0900000000000034,1.0
1703305,Bom Jesus do Tocantins,TO,0.13552553201908935,50.0,45.65,4.350000000000001,1.0
2614006,Serrita,PE,0.13544145471585334,66.0,69.0,-3.0,1.0
2933059,Várzea da Roça,BA,0.13539704132890817,54.0,60.21,-6.210000000000001,1.0
3155603,Rio Pardo de Minas,MG,0.13528539405726214,76.0,83.77,-7.769999999999996,1.0
2933604,Xique-Xique,BA,0.1351327770991313,53.0,49.84,3.1599999999999966,1.0
2309102,Mulungu,CE,0.13490107767319837,80.0,96.97,-16.97,1.0
3145208,Nova Serrana,MG,0.13476000388386855,67.0,74.65,-7.650000000000006,1.0
2312908,Sobral,CE,0.13458412004814735,80.0,96.85,-16.849999999999994,1.0
3137205,Lagoa da Prata,MG,0.1343802744865058,76.0,81.01,-5.010000000000005,1.0
1100098,Espigão D'Oeste,RO,0.1343422135147163,,81.85,,
5221403,Trindade,GO,0.1342853583755661,73.0,73.78,-0.7800000000000011,1.0
4128609,Verê,PR,0.13424909165547683,80.0,79.08,0.9200000000000017,0.0
2923407,Palmas de Monte Alto,BA,0.13424203371038534,62.0,58.6,3.3999999999999986,1.0
2414753,Venha-Ver,RN,0.13401851258682562,60.0,83.33,-23.33,1.0
2414605,Upanema,RN,0.13399706540263867,49.0,50.85,-1.8500000000000014,1.0
2207702,Parnaíba,PI,0.13382732699841204,53.0,51.3,1.7000000000000028,1.0
3534203,Orindiúva,SP,0.133825821027999,61.0,65.13,-4.1299999999999955,1.0
5107156,Reserva do Cabaçal,MT,0.13382203961788475,78.0,61.54,16.46,0.0
3165107,São Tomás de Aquino,MG,0.13378876208195245,74.0,70.49,3.510000000000005,0.0
2313302,Tauá,CE,0.13334111918263614,80.0,80.69,-0.6899999999999977,1.0
1501204,Baião,PA,0.13322205989650893,51.0,52.09,-1.0900000000000034,1.0
3162658,São João do Pacuí,MG,0.13313612660051422,77.0,88.24,-11.239999999999995,1.0
2502508,Boqueirão,PB,0.133112659496482,58.0,74.04,-16.040000000000006,1.0
2924702,Piripá,BA,0.13284782026347652,72.0,78.52,-6.519999999999996,1.0
2106409,Mata Roma,MA,0.13280410779882024,74.0,73.6,0.4000000000000057,1.0
3152501,Pouso Alegre,MG,0.13262341083484175,69.0,76.54,-7.540000000000006,1.0
2102804,Carolina,MA,0.13258239935500493,62.0,59.28,2.719999999999999,1.0
2104651,Governador Newton Bello,MA,0.13247691576562826,74.0,88.84,-14.840000000000003,1.0
3115706,Central de Minas,MG,0.1323359770252428,75.0,85.56,-10.560000000000002,1.0
3169000,Tocantins,MG,0.13231194482986697,69.0,74.26,-5.260000000000005,1.0
4209003,Joaçaba,SC,0.13229305932954072,69.0,69.62,-0.6200000000000045,1.0
1304005,Silves,AM,0.13226225687529125,54.0,57.71,-3.710000000000001,1.0
5213806,Morrinhos,GO,0.13218072841603,71.0,63.58,7.420000000000002,0.0
3501509,Alvinlândia,SP,0.13211139602636113,77.0,85.88,-8.879999999999995,1.0
2910404,Encruzilhada,BA,0.1318950662708962,60.0,68.56,-8.560000000000002,1.0
4214706,Rio dos Cedros,SC,0.13186109187992312,70.0,86.57,-16.569999999999993,1.0
2914653,Itabela,BA,0.13173379250977635,53.0,49.63,3.3699999999999974,1.0
2601300,Barra de Guabiraba,PE,0.1316721417666613,80.0,93.86,-13.86,1.0
2615201,Terra Nova,PE,0.13152054078510922,71.0,73.23,-2.230000000000004,1.0
1100288,Rolim de Moura,RO,0.13139278709800128,,87.17,,
2804458,Nossa Senhora Aparecida,SE,0.13137496570039386,58.0,64.42,-6.420000000000002,1.0
2311108,Porteiras,CE,0.13134586584131358,80.0,94.06,-14.060000000000002,1.0
5107354,São José do Xingu,MT,0.1313213663827133,65.0,65.68,-0.6800000000000068,1.0
3152600,Pouso Alto,MG,0.13092270744962908,79.0,92.17,-13.170000000000002,1.0
4213153,Planalto Alegre,SC,0.13085291976627245,80.0,95.49,-15.489999999999995,1.0
2302602,Camocim,CE,0.13074759468878328,80.0,97.57,-17.569999999999993,1.0
5004700,Ivinhema,MS,0.130655698403207,70.0,74.13,-4.1299999999999955,1.0
3122009,Divino,MG,0.1305889293063841,64.0,75.06,-11.060000000000002,1.0
3111309,Campo do Meio,MG,0.13055486642176828,73.0,73.07,-0.06999999999999318,1.0
2907202,Casa Nova,BA,0.13054179924946618,38.0,23.93,14.07,0.0
3140605,Materlândia,MG,0.13048272700542318,57.0,73.08,-16.08,1.0
2209559,São Braz do Piauí,PI,0.13044791941753908,80.0,89.37,-9.370000000000005,1.0
2909802,Cruz das Almas,BA,0.13027396239830413,56.0,53.65,2.3500000000000014,1.0
2309805,Pacoti,CE,0.1300949063684893,80.0,92.87,-12.870000000000005,1.0
3302908,Miguel Pereira,RJ,0.12997418281609263,68.0,79.06,-11.060000000000002,1.0
3123908,Entre Rios de Minas,MG,0.12990776522249736,80.0,89.88,-9.879999999999995,1.0
2921450,Mirante,BA,0.1298986244639585,66.0,75.69,-9.689999999999998,1.0
2906006,Campo Formoso,BA,0.12986631574897045,57.0,59.98,-2.979999999999997,1.0
2410702,Riacho da Cruz,RN,0.1298484349330924,49.0,60.0,-11.0,1.0
2204402,Gilbués,PI,0.12978349563174185,54.0,55.62,-1.6199999999999974,1.0
3505302,Barra Bonita,SP,0.12967440405743214,68.0,69.29,-1.2900000000000063,1.0
3162955,São José da Lapa,MG,0.1294744609840981,71.0,71.27,-0.269999999999996,1.0
2925105,Poções,BA,0.12907736968687644,61.0,59.99,1.009999999999998,1.0
3104007,Araxá,MG,0.12892578867935145,74.0,85.42,-11.420000000000002,1.0
2909604,Crisópolis,BA,0.12888717020720208,65.0,69.47,-4.469999999999999,1.0
3161502,São Geraldo,MG,0.12883078437510753,80.0,82.92,-2.9200000000000017,1.0
5003702,Dourados,MS,0.12866466999796755,59.0,62.01,-3.009999999999998,1.0
3119807,Córrego Danta,MG,0.12843212541462568,80.0,93.07,-13.069999999999993,1.0
3524808,Jales,SP,0.12820358386816255,67.0,77.95,-10.950000000000003,1.0
2907509,Catu,BA,0.12820122036134596,61.0,68.43,-7.430000000000007,1.0
2902708,Barra,BA,0.12795251956087283,51.0,43.97,7.030000000000001,1.0
3136009,Joaíma,MG,0.127928096341273,61.0,62.17,-1.1700000000000017,1.0
2108207,Pedreiras,MA,0.1278832326890016,74.0,85.22,-11.219999999999999,1.0
2109700,Sambaíba,MA,0.127797432087702,80.0,81.77,-1.769999999999996,1.0
2308500,Mombaça,CE,0.1277889332810821,80.0,99.13,-19.129999999999995,1.0
4322103,Tucunduva,RS,0.12745824634356617,72.0,85.71,-13.709999999999994,1.0
5105903,Nobres,MT,0.12731540686520582,68.0,63.49,4.509999999999998,0.0
3169802,Turvolândia,MG,0.12706945203962206,70.0,73.96,-3.9599999999999937,1.0
2105906,Lago Verde,MA,0.12705452337009382,71.0,73.26,-2.260000000000005,1.0
2106755,Miranda do Norte,MA,0.12704066215009757,67.0,78.98,-11.980000000000004,1.0
4111902,Jaguapitã,PR,0.12695760814417112,78.0,82.59,-4.590000000000003,1.0
3131158,Ipaba,MG,0.1269366584553402,71.0,73.03,-2.030000000000001,1.0
5006358,Paranhos,MS,0.126681760694076,62.0,69.69,-7.689999999999998,1.0
5106109,Nossa Senhora do Livramento,MT,0.12652630673069631,74.0,71.36,2.6400000000000006,0.0
1505494,Palestina do Pará,PA,0.1264838253376691,55.0,56.18,-1.1799999999999997,1.0
4107009,Curiúva,PR,0.12643438151851183,80.0,84.43,-4.430000000000007,1.0
2611533,Quixaba,PE,0.12641957743233745,80.0,97.5,-17.5,1.0
2201945,Boqueirão do Piauí,PI,0.12627506783863618,80.0,94.15,-14.150000000000006,1.0
4126256,Sarandi,PR,0.12614858500902848,69.0,64.82,4.180000000000007,1.0
3513702,Descalvado,SP,0.1258005025550475,69.0,70.96,-1.9599999999999937,1.0
3113503,Carbonita,MG,0.1256832249260862,72.0,79.7,-7.700000000000003,1.0
2901403,Angical,BA,0.12563469249921155,58.0,59.3,-1.2999999999999972,1.0
2110708,São Domingos do Maranhão,MA,0.1256051511311833,60.0,64.34,-4.340000000000003,1.0
3545506,Sandovalina,SP,0.12549838542458613,79.0,89.89,-10.89,1.0
1716109,Paraíso do Tocantins,TO,0.1254350382567262,70.0,81.53,-11.530000000000001,1.0
1300839,Caapiranga,AM,0.12538236205846698,40.0,49.41,-9.409999999999997,1.0
3531001,Monções,SP,0.12537013986520706,80.0,86.17,-6.170000000000002,1.0
1505551,Pau D'Arco,PA,0.12490212977337611,,48.96,,
3526308,Lagoinha,SP,0.12489478591119474,64.0,77.16,-13.159999999999997,1.0
3140209,Maripá de Minas,MG,0.12458974910364218,72.0,87.29,-15.290000000000006,1.0
1507003,Santo Antônio do Tauá,PA,0.12428075011636008,50.0,61.52,-11.520000000000003,1.0
3163300,São José do Divino,MG,0.12428021223782781,62.0,58.97,3.030000000000001,1.0
5002803,Caracol,MS,0.12388080062566376,64.0,64.98,-0.980000000000004,1.0
3144706,Nova Era,MG,0.12384300536953663,70.0,78.49,-8.489999999999995,1.0
5215207,Novo Brasil,GO,0.1238429467024601,80.0,100.0,-20.0,1.0
3149903,Perdões,MG,0.12383445573180596,75.0,75.77,-0.769999999999996,1.0
2927705,Santa Cruz Cabrália,BA,0.1238033868252274,59.0,53.7,5.299999999999997,1.0
2601805,Betânia,PE,0.1237483427119006,75.0,87.75,-12.75,1.0
2314003,Várzea Alegre,CE,0.12373711341355087,80.0,93.2,-13.200000000000003,1.0
2930154,Serra do Ramalho,BA,0.1236517406270522,57.0,58.19,-1.1899999999999977,1.0
2600104,Afogados da Ingazeira,PE,0.123374242613566,73.0,85.05,-12.049999999999997,1.0
2802601,Graccho Cardoso,SE,0.12310112091942083,45.0,73.17,-28.17,1.0
3554508,Tietê,SP,0.12305531704073946,64.0,71.49,-7.489999999999995,1.0
3150802,Piranga,MG,0.12303677573798555,70.0,83.9,-13.900000000000006,1.0
2610509,Passira,PE,0.12286487388935352,77.0,84.81,-7.810000000000002,1.0
4205431,Formosa do Sul,SC,0.1225585283484587,72.0,89.16,-17.159999999999997,1.0
1702208,Araguatins,TO,0.12254017514802995,56.0,63.24,-7.240000000000002,1.0
2301950,Barreira,CE,0.12242076562823212,80.0,90.47,-10.469999999999999,1.0
3304102,Porciúncula,RJ,0.12233531586129331,56.0,65.93,-9.930000000000007,1.0
4105904,Colorado,PR,0.12232683204833616,80.0,78.51,1.4899999999999949,0.0
2608602,Lagoa do Ouro,PE,0.12219550920955025,76.0,89.48,-13.480000000000004,1.0
1712801,Maurilândia do Tocantins,TO,0.12193728737929621,44.0,49.49,-5.490000000000002,1.0
2108504,Pindaré-Mirim,MA,0.12180939596939833,60.0,56.56,3.4399999999999977,1.0
4211801,Ouro,SC,0.12176544645864129,76.0,90.98,-14.980000000000004,1.0
1502756,Concórdia do Pará,PA,0.12171682014346852,59.0,76.31,-17.310000000000002,1.0
3166303,Sericita,MG,0.1216333893527245,74.0,82.89,-8.89,1.0
3164605,São Sebastião do Oeste,MG,0.12147376408788368,75.0,82.62,-7.6200000000000045,1.0
3134004,Itinga,MG,0.12140110812924232,66.0,79.4,-13.400000000000006,1.0
3136579,Josenópolis,MG,0.12140028385736601,80.0,80.56,-0.5600000000000023,1.0
3128006,Guanhães,MG,0.12126245488260501,68.0,80.63,-12.629999999999995,1.0
2918555,Jussari,BA,0.12111148563294993,57.0,52.37,4.630000000000003,1.0
2908200,Conceição da Feira,BA,0.12082902914922578,54.0,52.82,1.1799999999999997,1.0
2108454,Peritoró,MA,0.1207479534954301,68.0,68.14,-0.14000000000000057,1.0
2909307,Correntina,BA,0.1207460392256684,57.0,51.15,5.850000000000001,1.0
2109809,Santa Helena,MA,0.1207231205789081,68.0,69.72,-1.7199999999999989,1.0
2111102,São João dos Patos,MA,0.12066382310693513,66.0,79.02,-13.019999999999996,1.0
2305233,Horizonte,CE,0.12061143808702868,80.0,97.67,-17.67,1.0
3513900,Divinolândia,SP,0.12061006095196569,66.0,81.98,-15.980000000000004,1.0
2512507,Queimadas,PB,0.12049767697482172,80.0,96.37,-16.370000000000005,1.0
2308377,Miraíma,CE,0.12046931671158922,80.0,92.66,-12.659999999999997,1.0
2610400,Parnamirim,PE,0.12044896764562585,64.0,66.47,-2.469999999999999,1.0
3106309,Belo Oriente,MG,0.12036978076065141,68.0,72.38,-4.3799999999999955,1.0
1101104,Itapuã do Oeste,RO,0.12026468622147601,80.0,85.43,-5.430000000000007,1.0
3102506,Amparo do Serra,MG,0.11998006513304937,73.0,75.32,-2.319999999999993,1.0
2902005,Aracatu,BA,0.11958869549814244,60.0,58.56,1.4399999999999977,1.0
2203404,Dom Expedito Lopes,PI,0.11957285695768949,78.0,84.73,-6.730000000000004,1.0
2412906,São Tomé,RN,0.11954360452037471,45.0,47.58,-2.5799999999999983,1.0
3166105,Senhora do Porto,MG,0.1195174018650238,63.0,74.58,-11.579999999999998,1.0
2512101,Pombal,PB,0.11948186929339544,69.0,73.59,-4.590000000000003,1.0
4108304,Foz do Iguaçu,PR,0.11945700627771327,76.0,77.91,-1.9099999999999966,1.0
1304302,Urucará,AM,0.11938484589033405,68.0,84.91,-16.909999999999997,1.0
2906899,Caraíbas,BA,0.11938051814827655,63.0,61.28,1.7199999999999989,1.0
2932002,Uauá,BA,0.11934028773207617,62.0,63.29,-1.2899999999999991,1.0
2310100,Palmácia,CE,0.11916758802873517,80.0,89.72,-9.719999999999999,1.0
3161007,São Domingos do Prata,MG,0.11892180994078883,74.0,76.01,-2.010000000000005,1.0
3534757,Ouroeste,SP,0.11879088399692472,80.0,89.86,-9.86,1.0
4123857,Santa Maria do Oeste,PR,0.11871516511408076,78.0,79.22,-1.2199999999999989,1.0
4124301,Santo Antônio do Paraíso,PR,0.11870549785440376,80.0,69.47,10.530000000000001,0.0
2915601,Itamaraju,BA,0.11845245063325116,61.0,62.02,-1.0200000000000031,1.0
4125506,São José dos Pinhais,PR,0.11826684053130221,73.0,74.09,-1.0900000000000034,1.0
2504603,Conde,PB,0.11820845987565742,71.0,90.53,-19.53,1.0
3504305,Avaí,SP,0.11815822367339746,67.0,82.57,-15.569999999999993,1.0
2931509,Teofilândia,BA,0.11815613902557454,51.0,44.51,6.490000000000002,1.0
2512606,Quixaba,PB,0.11814588564253992,74.0,100.0,-26.0,1.0
2926301,Riachão do Jacuípe,BA,0.11806173297404199,58.0,54.91,3.0900000000000034,1.0
4119202,Pinhalão,PR,0.11804701381233251,77.0,72.57,4.430000000000007,0.0
5006606,Ponta Porã,MS,0.11801138465317618,68.0,78.41,-10.409999999999997,1.0
2906709,Cândido Sales,BA,0.11799439379468946,58.0,68.41,-10.409999999999997,1.0
2112902,Vitória do Mearim,MA,0.11790237188454389,64.0,64.53,-0.5300000000000011,1.0
4125407,São José da Boa Vista,PR,0.11774274550002684,80.0,83.0,-3.0,1.0
3135407,Jeceaba,MG,0.11769217391251263,73.0,67.22,5.780000000000001,0.0
2105963,Lagoa Grande do Maranhão,MA,0.11764222100670241,80.0,91.69,-11.689999999999998,1.0
2513927,São Bentinho,PB,0.11746167435906563,73.0,79.45,-6.450000000000003,1.0
3204559,Santa Maria de Jetibá,ES,0.11714668595110456,80.0,79.19,0.8100000000000023,0.0
2308203,Meruoca,CE,0.1171162503686799,80.0,99.18,-19.180000000000007,1.0
3507753,Brejo Alegre,SP,0.11681089386077148,80.0,92.16,-12.159999999999997,1.0
2501500,Bananeiras,PB,0.1167733434571897,65.0,81.57,-16.569999999999993,1.0
2933406,Wagner,BA,0.11670431471039944,66.0,64.36,1.6400000000000006,1.0
2606606,Ibimirim,PE,0.11669809741772719,65.0,73.23,-8.230000000000004,1.0
2501005,Araruna,PB,0.11663694279710679,56.0,65.32,-9.319999999999993,1.0
5107305,São José do Rio Claro,MT,0.11655709924705515,76.0,84.23,-8.230000000000004,1.0
2607109,Ingazeira,PE,0.11643317273655918,79.0,84.62,-5.6200000000000045,1.0
2110039,Santa Luzia do Paruá,MA,0.1163857192391533,80.0,96.42,-16.42,1.0
2300101,Abaiara,CE,0.11620134448531949,80.0,81.9,-1.9000000000000057,1.0
2701506,Campo Grande,AL,0.11614368975597533,65.0,72.29,-7.290000000000006,1.0
3160702,Santos Dumont,MG,0.11611451879260226,68.0,70.71,-2.7099999999999937,1.0
3500204,Adolfo,SP,0.11609614476818819,71.0,70.21,0.7900000000000063,1.0
5204557,Caldazinha,GO,0.11608477125397021,76.0,79.65,-3.6500000000000057,1.0
3144003,Mutum,MG,0.11592385273057193,70.0,78.49,-8.489999999999995,1.0
1100403,Alto Paraíso,RO,0.11591472052749163,,75.45,,
2310258,Paraipaba,CE,0.11587980669344788,80.0,99.39,-19.39,1.0
2903003,Barra do Mendes,BA,0.11587319438493449,59.0,61.63,-2.6300000000000026,1.0
2909109,Coribe,BA,0.11585377180094936,63.0,69.63,-6.6299999999999955,1.0
2202406,Capitão de Campos,PI,0.1157244485547897,66.0,69.78,-3.780000000000001,1.0
2208007,Picos,PI,0.11571073188803216,66.0,62.61,3.3900000000000006,1.0
1200500,Sena Madureira,AC,0.11569414053111893,70.0,77.18,-7.180000000000007,1.0
3548302,Santo Expedito,SP,0.11554787841541281,80.0,89.94,-9.939999999999998,1.0
2309508,Orós,CE,0.1155189932700148,80.0,95.36,-15.36,1.0
3112000,Candeias,MG,0.115489770384271,80.0,91.28,-11.280000000000001,1.0
2111748,Senador Alexandre Costa,MA,0.11548220053573233,80.0,88.05,-8.049999999999997,1.0
2603207,Caetés,PE,0.1154742696232901,62.0,69.52,-7.519999999999996,1.0
3111507,Campos Altos,MG,0.11542058294562285,69.0,77.37,-8.370000000000005,1.0
4100707,Alto Piquiri,PR,0.11529868278333222,77.0,78.02,-1.019999999999996,1.0
2303907,Chaval,CE,0.11519731435515124,77.0,87.37,-10.370000000000005,1.0
2201002,Arraial,PI,0.11504193019095788,80.0,70.34,9.659999999999997,0.0
2303303,Cariús,CE,0.11497270837023543,80.0,94.99,-14.989999999999995,1.0
2930204,Sento Sé,BA,0.11481893235704488,50.0,44.05,5.950000000000003,1.0
2513851,Santo André,PB,0.11473989181889166,62.0,69.66,-7.659999999999997,1.0
2912301,Ibicuí,BA,0.11447354442476698,69.0,77.26,-8.260000000000005,1.0
3139805,Mar de Espanha,MG,0.11443586674108419,67.0,93.75,-26.75,1.0
3515608,Fernando Prestes,SP,0.11432068696225572,80.0,98.0,-18.0,1.0
2905800,Camamu,BA,0.11430900888165973,50.0,51.44,-1.4399999999999977,1.0
3125606,Felisburgo,MG,0.11429643317973426,66.0,68.9,-2.9000000000000057,1.0
4312476,Morro Reuter,RS,0.11411512618266773,65.0,71.96,-6.959999999999994,1.0
2907608,Central,BA,0.11398140479283336,53.0,55.68,-2.6799999999999997,1.0
1503044,Floresta do Araguaia,PA,0.11391244907591858,63.0,70.29,-7.290000000000006,1.0
3544251,Rosana,SP,0.11384782806670701,69.0,76.83,-7.829999999999998,1.0
3113206,Carandaí,MG,0.11383431915687026,76.0,82.02,-6.019999999999996,1.0
2303808,Cedro,CE,0.1138331242061521,80.0,92.37,-12.370000000000005,1.0
2917003,Itiúba,BA,0.11376345192788861,51.0,58.88,-7.880000000000003,1.0
2304707,Granja,CE,0.11375391673593849,80.0,98.7,-18.700000000000003,1.0
5007695,São Gabriel do Oeste,MS,0.1136985020542356,66.0,71.89,-5.890000000000001,1.0
4210209,Major Gercino,SC,0.11354138216430498,65.0,83.43,-18.430000000000007,1.0
4124707,São Jerônimo da Serra,PR,0.11345310568869282,80.0,87.65,-7.650000000000006,1.0
4104428,Candói,PR,0.11342849425329005,76.0,83.61,-7.609999999999999,1.0
3156007,Rio Vermelho,MG,0.11335156050946904,61.0,78.22,-17.22,1.0
5208004,Formosa,GO,0.11335098283780831,71.0,70.44,0.5600000000000023,1.0
2300804,Antonina do Norte,CE,0.11325486688245856,80.0,95.45,-15.450000000000003,1.0
1100502,Novo Horizonte do Oeste,RO,0.11293933973038472,,84.97,,
4323606,Vista Alegre do Prata,RS,0.11278127937754112,80.0,100.0,-20.0,1.0
3529807,Mineiros do Tietê,SP,0.11266721444756511,62.0,71.04,-9.040000000000006,1.0
3533809,Óleo,SP,0.11260907253399766,68.0,66.67,1.3299999999999983,1.0
2310001,Palhano,CE,0.1125059622709087,75.0,78.95,-3.950000000000003,1.0
3105004,Baldim,MG,0.11232084309930879,77.0,88.98,-11.980000000000004,1.0
3127800,Grão Mogol,MG,0.1122630938210133,75.0,83.02,-8.019999999999996,1.0
3126307,Fortaleza de Minas,MG,0.11215071962860712,69.0,81.58,-12.579999999999998,1.0
2514305,São José de Caiana,PB,0.1121310322038307,63.0,76.33,-13.329999999999998,1.0
2616506,Xexéu,PE,0.11197266421619823,71.0,73.69,-2.6899999999999977,1.0
2908408,Conceição do Coité,BA,0.11194957534080963,52.0,50.86,1.1400000000000006,1.0
2914901,Itacaré,BA,0.11192440840363538,54.0,49.86,4.140000000000001,1.0
2109502,Riachão,MA,0.11191473026398924,63.0,58.5,4.5,1.0
2408953,Rio do Fogo,RN,0.11188325253763265,40.0,51.04,-11.04,1.0
3517109,Glicério,SP,0.11185076741137923,75.0,78.86,-3.8599999999999994,1.0
2404101,Galinhos,RN,0.11173339428259377,58.0,76.5,-18.5,1.0
3162203,São João Batista do Glória,MG,0.11161483077571177,80.0,87.34,-7.340000000000003,1.0
4100806,Alvorada do Sul,PR,0.11161044650062457,74.0,68.46,5.540000000000006,0.0
2906808,Cansanção,BA,0.11157865288687785,53.0,56.43,-3.4299999999999997,1.0
2613503,São José do Belmonte,PE,0.11157686173118564,63.0,69.39,-6.390000000000001,1.0
2200954,Aroeiras do Itaim,PI,0.11157135456508038,66.0,40.91,25.090000000000003,0.0
1711803,Juarina,TO,0.11154625064234713,56.0,63.66,-7.659999999999997,1.0
4211850,Ouro Verde,SC,0.11145118751041383,62.0,80.77,-18.769999999999996,1.0
3148202,Patrocínio do Muriaé,MG,0.11141950109711529,76.0,86.5,-10.5,1.0
3133402,Itapagipe,MG,0.11122618760335534,71.0,67.01,3.989999999999995,0.0
3125101,Extrema,MG,0.11118998546579129,68.0,74.91,-6.909999999999997,1.0
2922003,Mucuri,BA,0.11109757651172836,64.0,61.24,2.759999999999998,1.0
4128500,Wenceslau Braz,PR,0.11109139273662261,80.0,81.88,-1.8799999999999955,1.0
3147105,Pará de Minas,MG,0.11107626409151361,66.0,76.14,-10.14,1.0
3138203,Lavras,MG,0.11105307300840062,68.0,73.29,-5.290000000000006,1.0
3514700,Echaporã,SP,0.11102855643330822,79.0,91.66,-12.659999999999997,1.0
2501104,Areia,PB,0.11096298738587529,80.0,95.29,-15.290000000000006,1.0
4108205,Formosa do Oeste,PR,0.11074540170646208,80.0,74.1,5.900000000000006,0.0
1502939,Dom Eliseu,PA,0.11073278588066249,69.0,80.51,-11.510000000000005,1.0
2615102,Terezinha,PE,0.11068735788081818,74.0,94.44,-20.439999999999998,1.0
2306801,Jaguaribara,CE,0.11055369787040559,80.0,89.1,-9.099999999999994,1.0
3106655,Berizal,MG,0.11023785514793916,74.0,80.49,-6.489999999999995,1.0
1720655,Silvanópolis,TO,0.1101947546323897,56.0,60.32,-4.32,1.0
2902807,Barra da Estiva,BA,0.11018177114423588,63.0,64.85,-1.8499999999999943,1.0
2906303,Canavieiras,BA,0.10978931636431266,52.0,46.76,5.240000000000002,1.0
4122206,Rio Branco do Sul,PR,0.10976245087146153,71.0,74.87,-3.8700000000000045,1.0
2300200,Acaraú,CE,0.10957327755599933,80.0,98.59,-18.590000000000003,1.0
3109501,Cabo Verde,MG,0.10953017772614693,76.0,74.07,1.9300000000000068,1.0
2913200,Ibotirama,BA,0.10952175145574883,60.0,68.62,-8.620000000000005,1.0
1502707,Conceição do Araguaia,PA,0.10945205007349246,58.0,58.96,-0.9600000000000009,1.0
3141108,Matozinhos,MG,0.10945070999026119,63.0,73.4,-10.400000000000006,1.0
1600238,Ferreira Gomes,AP,0.10944572426354693,76.0,82.25,-6.25,1.0
2915502,Itajuípe,BA,0.10934629599162515,56.0,60.8,-4.799999999999997,1.0
4125605,São Mateus do Sul,PR,0.10921242958652355,80.0,80.74,-0.7399999999999949,1.0
2305209,Hidrolândia,CE,0.10918659654949825,80.0,98.05,-18.049999999999997,1.0
2610004,Palmares,PE,0.10915246590534078,61.0,59.69,1.3100000000000023,1.0
3153905,Raposos,MG,0.10906163641247679,64.0,67.57,-3.569999999999993,1.0
4104006,Campina Grande do Sul,PR,0.10893124781686281,75.0,73.6,1.4000000000000057,1.0
2909901,Curaçá,BA,0.10883193228563548,53.0,52.08,0.9200000000000017,1.0
4212601,Peritiba,SC,0.10877132217182339,80.0,94.87,-14.870000000000005,1.0
2602407,Brejão,PE,0.10866542797631717,73.0,73.85,-0.8499999999999943,1.0
1200302,Feijó,AC,0.10865038045128861,63.0,78.72,-15.719999999999999,1.0
2603926,Carnaubeira da Penha,PE,0.1086327838973924,80.0,100.0,-20.0,1.0
5200308,Alexânia,GO,0.10848268534556571,78.0,80.46,-2.4599999999999937,1.0
3109253,Bugre,MG,0.10847623763310377,80.0,86.76,-6.760000000000005,1.0
4117057,Nova Laranjeiras,PR,0.10839102101317732,79.0,83.28,-4.280000000000001,1.0
3150406,Piedade dos Gerais,MG,0.1083902106958583,76.0,86.52,-10.519999999999996,1.0
4104204,Campo Largo,PR,0.10838159707524941,76.0,77.25,-1.25,1.0
2901205,Anagé,BA,0.10831591591648815,57.0,60.54,-3.539999999999999,1.0
4117602,Palmas,PR,0.1083010393280367,67.0,64.81,2.1899999999999977,1.0
2924801,Piritiba,BA,0.10815000100816952,61.0,63.07,-2.0700000000000003,1.0
2401602,Bento Fernandes,RN,0.10802858881952826,40.0,32.74,7.259999999999998,1.0
2308005,Massapê,CE,0.10798087767811437,80.0,97.98,-17.980000000000004,1.0
1301506,Envira,AM,0.10796255772667318,38.0,61.02,-23.020000000000003,1.0
3140407,Marmelópolis,MG,0.10781886165100607,78.0,85.5,-7.5,1.0
3171303,Viçosa,MG,0.10752109690757738,71.0,75.03,-4.030000000000001,1.0
3151206,Pirapora,MG,0.10751767314079153,64.0,68.95,-4.950000000000003,1.0
2908705,Condeúba,BA,0.10716981868024522,78.0,81.33,-3.3299999999999983,1.0
1101708,Urupá,RO,0.10713613325005189,75.0,79.23,-4.230000000000004,1.0
2906600,Candiba,BA,0.10703823941576773,63.0,70.32,-7.319999999999993,1.0
2304277,Ereré,CE,0.10696729821273754,80.0,86.21,-6.209999999999994,1.0
2706505,Passo de Camaragibe,AL,0.10687448159709989,60.0,55.07,4.93,1.0
5007505,Rochedo,MS,0.1067781827201757,58.0,63.93,-5.93,1.0
2104909,Guimarães,MA,0.10676248570969926,80.0,82.45,-2.450000000000003,1.0
2909000,Cordeiros,BA,0.10672714518810478,74.0,84.71,-10.709999999999994,1.0
2405504,Jardim de Angicos,RN,0.10671896805764713,42.0,44.11,-2.1099999999999994,1.0
3143807,Munhoz,MG,0.10663662792543627,79.0,95.1,-16.099999999999994,1.0
4101507,Arapongas,PR,0.10656797021488218,78.0,79.69,-1.6899999999999977,1.0
2406205,Lagoa d'Anta,RN,0.10644904558134438,30.0,29.81,0.19000000000000128,1.0
2903201,Barreiras,BA,0.1060946560182211,58.0,59.17,-1.1700000000000017,1.0
2602506,Brejinho,PE,0.10586000495690384,75.0,86.62,-11.620000000000005,1.0
2107407,Olho d'Água das Cunhãs,MA,0.1058089476822528,66.0,69.51,-3.510000000000005,1.0
2603504,Camocim de São Félix,PE,0.10572079196382234,67.0,81.65,-14.650000000000006,1.0
2608750,Lagoa Grande,PE,0.10562164976161847,67.0,74.38,-7.3799999999999955,1.0
5108352,Vale de São Domingos,MT,0.10555768578300362,64.0,76.28,-12.280000000000001,1.0
2616100,Verdejante,PE,0.10538238628791863,66.0,63.8,2.200000000000003,1.0
3112109,Caparaó,MG,0.10520858672133859,70.0,83.98,-13.980000000000004,1.0
2913903,Ipiaú,BA,0.10519373101613727,55.0,56.35,-1.3500000000000014,1.0
3130309,Iguatama,MG,0.10504207509515606,80.0,81.83,-1.8299999999999983,1.0
4207759,Iraceminha,SC,0.10492869856757492,70.0,84.09,-14.090000000000003,1.0
1100601,Cacaulândia,RO,0.10475836792899873,,90.07,,
2514404,São José de Espinharas,PB,0.10463084615955898,68.0,82.35,-14.349999999999994,1.0
2613008,São Bento do Una,PE,0.10460910782982014,67.0,75.04,-8.040000000000006,1.0
4118204,Paranaguá,PR,0.1043059466143691,71.0,72.94,-1.9399999999999977,1.0
3167806,Soledade de Minas,MG,0.10423182184482704,76.0,80.9,-4.900000000000006,1.0
3529658,Mesópolis,SP,0.10418055889197642,56.0,53.57,2.4299999999999997,1.0
1703602,Brasilândia do Tocantins,TO,0.10416315821714328,53.0,31.58,21.42,0.0
3555109,Tupi Paulista,SP,0.1037400258675627,80.0,98.24,-18.239999999999995,1.0
2924009,Paulo Afonso,BA,0.1037044211576339,49.0,42.56,6.439999999999998,1.0
2903607,Biritinga,BA,0.1037044185424909,47.0,40.96,6.039999999999999,1.0
4115754,Mauá da Serra,PR,0.10368443314347375,80.0,84.9,-4.900000000000006,1.0
2308906,Morrinhos,CE,0.10360492012583333,80.0,92.35,-12.349999999999994,1.0
4210902,Modelo,SC,0.10359561847437648,80.0,91.15,-11.150000000000006,1.0
3129608,Ibiaí,MG,0.10353361106048065,68.0,72.73,-4.730000000000004,1.0
4126108,São Tomé,PR,0.10341305735865658,80.0,84.37,-4.3700000000000045,1.0
3515806,Flora Rica,SP,0.10339860802496159,53.0,71.43,-18.430000000000007,1.0
3171105,Veríssimo,MG,0.1033399930856691,78.0,82.7,-4.700000000000003,1.0
2102556,Campestre do Maranhão,MA,0.10322880397741341,72.0,81.42,-9.420000000000002,1.0
4103040,Boa Ventura de São Roque,PR,0.10318193689925004,77.0,85.81,-8.810000000000002,1.0
3142502,Monjolos,MG,0.10315933161292579,80.0,85.71,-5.709999999999994,1.0
3536257,Parisi,SP,0.10311324368651975,78.0,87.47,-9.469999999999999,1.0
5000807,Anaurilândia,MS,0.10307436924543167,72.0,74.99,-2.989999999999995,1.0
3301207,Carmo,RJ,0.10305607355420954,61.0,74.91,-13.909999999999997,1.0
3554607,Timburi,SP,0.10304818884364142,58.0,60.0,-2.0,1.0
2918803,Laje,BA,0.10303535141686482,63.0,64.4,-1.4000000000000057,1.0
2211407,Várzea Grande,PI,0.10293381248263223,80.0,92.31,-12.310000000000002,1.0
5212303,Leopoldo de Bulhões,GO,0.1028803087419291,79.0,89.33,-10.329999999999998,1.0
5208400,Goianápolis,GO,0.10280920600689014,77.0,90.43,-13.430000000000007,1.0
3552601,Tabapuã,SP,0.10275924817647675,80.0,87.83,-7.829999999999998,1.0
3160900,São Brás do Suaçuí,MG,0.10264655802300449,74.0,89.93,-15.930000000000007,1.0
2313955,Varjota,CE,0.10260811008521853,80.0,99.23,-19.230000000000004,1.0
1100148,Nova Brasilândia D'Oeste,RO,0.10250640106537956,,86.67,,
1703883,Carmolândia,TO,0.10246815007013155,49.0,68.61,-19.61,1.0
5104104,Guarantã do Norte,MT,0.102430757032974,70.0,69.15,0.8499999999999943,1.0
3120607,Crucilândia,MG,0.10224713329225243,80.0,95.93,-15.930000000000007,1.0
4207650,Iporã do Oeste,SC,0.10222740974689459,80.0,94.29,-14.290000000000006,1.0
2929503,São Sebastião do Passé,BA,0.10190537799009758,64.0,67.42,-3.4200000000000017,1.0
4123204,Santa Cecília do Pavão,PR,0.10190248777040323,80.0,74.08,5.920000000000002,0.0
2515500,Serra Branca,PB,0.10190130281677467,68.0,95.2,-27.200000000000003,1.0
3136207,João Monlevade,MG,0.10189618896343888,70.0,69.78,0.21999999999999886,1.0
3549300,São João do Pau d'Alho,SP,0.10151800951530221,80.0,84.21,-4.209999999999994,1.0
3150604,Piracema,MG,0.10150402501278677,73.0,82.79,-9.790000000000006,1.0
2927903,Santa Inês,BA,0.10143820028192496,63.0,69.96,-6.959999999999994,1.0
4126207,Sapopema,PR,0.10137433306123722,76.0,72.57,3.430000000000007,0.0
4100459,Altamira do Paraná,PR,0.10131992647616717,79.0,86.67,-7.670000000000002,1.0
2606507,Iati,PE,0.10112023931309022,73.0,78.66,-5.659999999999997,1.0
2907707,Chorrochó,BA,0.10101402729421116,56.0,58.05,-2.049999999999997,1.0
2911907,Iaçu,BA,0.10094615488094649,48.0,39.91,8.090000000000003,1.0
2303931,Choró,CE,0.10093599057571068,80.0,95.85,-15.849999999999994,1.0
2306702,Jaguaretama,CE,0.1009123544845667,80.0,88.5,-8.5,1.0
4115101,Mariluz,PR,0.10051320417219634,71.0,70.41,0.5900000000000034,1.0
1506906,Santarém Novo,PA,0.1002233982101629,66.0,61.8,4.200000000000003,1.0
4214102,Presidente Nereu,SC,0.10017599572228764,65.0,96.65,-31.650000000000006,1.0
2111805,Sítio Novo,MA,0.10003858195680315,60.0,65.54,-5.540000000000006,1.0
3103751,Araporã,MG,0.09986900763774165,71.0,79.46,-8.459999999999994,1.0
2613602,São José do Egito,PE,0.09979401228130313,73.0,81.49,-8.489999999999995,1.0
4202099,Barra Bonita,SC,0.09978840175873938,64.0,72.31,-8.310000000000002,1.0
1702554,Augustinópolis,TO,0.09973119520684748,64.0,81.69,-17.689999999999998,1.0
2109239,Presidente Médici,MA,0.0996217297591484,77.0,88.77,-11.769999999999996,1.0
1501782,Breu Branco,PA,0.09958859660248254,54.0,55.7,-1.7000000000000028,1.0
5217302,Pirenópolis,GO,0.09943005317628917,76.0,75.66,0.3400000000000034,1.0
1701903,Araguacema,TO,0.099206896429895,58.0,63.0,-5.0,1.0
3135050,Jaíba,MG,0.0991962337603044,61.0,68.2,-7.200000000000003,1.0
2904704,Buerarema,BA,0.0991500834579584,49.0,47.2,1.7999999999999972,1.0
2600807,Altinho,PE,0.09896613546817934,69.0,72.44,-3.4399999999999977,1.0
2918100,Jeremoabo,BA,0.09885344567212939,51.0,43.85,7.149999999999999,1.0
3114402,Carmo do Rio Claro,MG,0.09878564343085261,71.0,78.7,-7.700000000000003,1.0
4320305,Selbach,RS,0.09877029793614311,61.0,85.71,-24.709999999999994,1.0
2313559,Tururu,CE,0.0985709757805614,80.0,95.46,-15.459999999999994,1.0
3532801,Nova Aliança,SP,0.09850004070535812,68.0,78.64,-10.64,1.0
2310209,Paracuru,CE,0.09849662098984768,80.0,96.01,-16.010000000000005,1.0
4108957,Guamiranga,PR,0.0984598541102274,80.0,86.02,-6.019999999999996,1.0
3544400,Rubiácea,SP,0.09839622776018098,66.0,63.6,2.3999999999999986,1.0
2612802,Santa Terezinha,PE,0.09819013350854044,74.0,87.74,-13.739999999999995,1.0
2308807,Moraújo,CE,0.09813883025542347,80.0,99.01,-19.010000000000005,1.0
1703057,Bandeirantes do Tocantins,TO,0.0980013442171227,56.0,62.26,-6.259999999999998,1.0
2202851,Coronel José Dias,PI,0.09780558977072529,70.0,76.59,-6.590000000000003,1.0
3139706,Maravilhas,MG,0.09774705393992567,75.0,80.81,-5.810000000000002,1.0
2202729,Cocal dos Alves,PI,0.09766770669941538,80.0,95.45,-15.450000000000003,1.0
2205805,Luzilândia,PI,0.09745293338769179,65.0,76.67,-11.670000000000002,1.0
2201200,Barras,PI,0.09745137580890406,67.0,68.9,-1.9000000000000057,1.0
5200100,Abadiânia,GO,0.09739945242791914,79.0,81.97,-2.969999999999999,1.0
2312007,Santana do Acaraú,CE,0.09733772529109375,80.0,99.29,-19.290000000000006,1.0
2900900,Almadina,BA,0.09724853211794027,54.0,50.46,3.539999999999999,1.0
2513000,Salgadinho,PB,0.09720354091081773,76.0,79.9,-3.9000000000000057,1.0
2202604,Castelo do Piauí,PI,0.09715718101242121,77.0,85.08,-8.079999999999998,1.0
4119905,Ponta Grossa,PR,0.09713224230907158,78.0,82.7,-4.700000000000003,1.0
3133501,Itapecerica,MG,0.09702039254553374,76.0,81.09,-5.090000000000003,1.0
2312304,São Benedito,CE,0.09699597547876582,80.0,97.2,-17.200000000000003,1.0
1100809,Candeias do Jamari,RO,0.09695042789877562,64.0,61.95,2.049999999999997,1.0
2313757,Umirim,CE,0.09693176688618399,74.0,94.53,-20.53,1.0
4116000,Miraselva,PR,0.09691510189493413,78.0,80.0,-2.0,1.0
5204201,Cachoeira de Goiás,GO,0.0968875009230582,72.0,63.64,8.36,0.0
2902609,Baixa Grande,BA,0.09687340545724177,57.0,56.15,0.8500000000000014,1.0
1716208,Paranã,TO,0.09681267592556198,60.0,63.49,-3.490000000000002,1.0
3148103,Patrocínio,MG,0.09666507364679233,70.0,73.78,-3.780000000000001,1.0
2916807,Itarantim,BA,0.09638632939073466,58.0,60.77,-2.770000000000003,1.0
2914000,Ipirá,BA,0.09637518886384577,53.0,56.31,-3.3100000000000023,1.0
2306603,Itatira,CE,0.09631653303745424,80.0,99.62,-19.620000000000005,1.0
4313003,Nova Bréscia,RS,0.09617726344921063,78.0,88.21,-10.209999999999994,1.0
2309201,Nova Olinda,CE,0.09617105404121906,80.0,100.0,-20.0,1.0
2914109,Ipupiara,BA,0.09609310564468687,73.0,89.15,-16.150000000000006,1.0
3163805,São Miguel do Anta,MG,0.09605554942737815,77.0,91.64,-14.64,1.0
2604908,Cumaru,PE,0.0959547751727372,78.0,85.7,-7.700000000000003,1.0
5220454,Senador Canedo,GO,0.09588717329350782,64.0,68.86,-4.859999999999999,1.0
3169356,Três Marias,MG,0.09576888902230496,74.0,78.38,-4.3799999999999955,1.0
2702108,Colônia Leopoldina,AL,0.09571356252818419,80.0,98.9,-18.900000000000006,1.0
2208700,Redenção do Gurguéia,PI,0.09568148806505183,80.0,92.09,-12.090000000000003,1.0
2514552,São José de Princesa,PB,0.09559974095006141,80.0,88.89,-8.89,1.0
3166006,Senhora de Oliveira,MG,0.09556820299648916,80.0,94.33,-14.329999999999998,1.0
2911709,Guanambi,BA,0.09551196659605665,64.0,72.16,-8.159999999999997,1.0
3115201,Conceição da Barra de Minas,MG,0.09544283636487805,74.0,85.2,-11.200000000000003,1.0
3115300,Cataguases,MG,0.09532690551539391,57.0,51.37,5.630000000000003,1.0
3131406,Ipiaçu,MG,0.0953237670063608,77.0,79.59,-2.5900000000000034,1.0
4211256,Morro Grande,SC,0.09530942297838052,75.0,95.65,-20.650000000000006,1.0
4117503,Paiçandu,PR,0.09526335170993916,74.0,76.57,-2.569999999999993,1.0
2503407,Cacimba de Areia,PB,0.09514733167654532,72.0,93.55,-21.549999999999997,1.0
2311959,Salitre,CE,0.09498762254850135,80.0,95.63,-15.629999999999995,1.0
3112406,Capetinga,MG,0.09495757658904913,67.0,69.82,-2.819999999999993,1.0
4124103,Santo Antônio da Platina,PR,0.09493077826674012,70.0,69.84,0.1599999999999966,1.0
2312106,Santana do Cariri,CE,0.0948793220775509,80.0,94.68,-14.680000000000007,1.0
4113452,Lindoeste,PR,0.09481361050887349,80.0,91.57,-11.569999999999993,1.0
2112704,Vargem Grande,MA,0.09464075496185131,80.0,96.36,-16.36,1.0
2204105,Francisco Ayres,PI,0.09449113129918385,63.0,80.99,-17.989999999999995,1.0
3152131,Ponto Chique,MG,0.09448949724522426,70.0,82.21,-12.209999999999994,1.0
2311405,Quixeramobim,CE,0.09442918492099073,80.0,98.2,-18.200000000000003,1.0
3158805,Santana do Jacaré,MG,0.09423771243938928,78.0,86.83,-8.829999999999998,1.0
2615508,Tracunhaém,PE,0.09420475427957431,69.0,78.75,-9.75,1.0
3164308,São Roque de Minas,MG,0.0940895833751183,75.0,80.33,-5.329999999999998,1.0
2516706,Teixeira,PB,0.09399798006356752,76.0,95.44,-19.439999999999998,1.0
2100873,Araguanã,MA,0.09397268637093315,80.0,92.19,-12.189999999999998,1.0
1500958,Aurora do Pará,PA,0.09386905169056381,55.0,72.25,-17.25,1.0
2515708,Serra Grande,PB,0.09384801600533665,59.0,42.63,16.369999999999997,0.0
3145901,Ouro Branco,MG,0.09363920789846802,72.0,76.12,-4.1200000000000045,1.0
3116308,Cipotânea,MG,0.09355721199378475,76.0,90.91,-14.909999999999997,1.0
4309258,Guabiju,RS,0.09346236173197797,72.0,90.0,-18.0,1.0
2105203,Igarapé Grande,MA,0.09344924432158286,80.0,89.25,-9.25,1.0
2608453,Lagoa do Carro,PE,0.09335184033550548,64.0,63.8,0.20000000000000284,1.0
4127882,Tunas do Paraná,PR,0.09328637531012707,71.0,70.22,0.7800000000000011,1.0
3136108,Joanésia,MG,0.093167545211572,80.0,92.0,-12.0,1.0
2911303,Gentio do Ouro,BA,0.09311710244198113,62.0,66.48,-4.480000000000004,1.0
3515301,Estrela do Norte,SP,0.09304442340512642,76.0,90.91,-14.909999999999997,1.0
2405603,Jardim de Piranhas,RN,0.09303461731144658,53.0,60.89,-7.890000000000001,1.0
3113404,Caratinga,MG,0.09282494338546421,65.0,74.56,-9.560000000000002,1.0
4128401,Uraí,PR,0.09274551314414281,78.0,84.77,-6.769999999999996,1.0
3130408,Ijaci,MG,0.09264928607516032,76.0,77.92,-1.9200000000000017,1.0
2701803,Carneiros,AL,0.09262596895087061,61.0,59.65,1.3500000000000014,1.0
4213005,Pinheiro Preto,SC,0.09258153319490914,69.0,70.37,-1.3700000000000045,1.0
4120655,Quarto Centenário,PR,0.09221921286025947,80.0,82.5,-2.5,1.0
2304103,Crateús,CE,0.09195583495840842,80.0,97.3,-17.299999999999997,1.0
4115309,Mariópolis,PR,0.09177145922197649,78.0,78.14,-0.14000000000000057,1.0
3167301,Silveirânia,MG,0.09176261920826012,80.0,96.67,-16.67,1.0
2906501,Candeias,BA,0.09167831535817184,55.0,49.04,5.960000000000001,1.0
5002159,Bodoquena,MS,0.09162371983931916,62.0,89.76,-27.760000000000005,1.0
2313609,Ubajara,CE,0.09161994183338851,80.0,96.67,-16.67,1.0
2908309,Conceição do Almeida,BA,0.09161541053389077,66.0,84.63,-18.629999999999995,1.0
2302057,Barroquinha,CE,0.09149752364110686,80.0,99.57,-19.569999999999993,1.0
3155801,Rio Pomba,MG,0.09135504150756868,72.0,84.74,-12.739999999999995,1.0
3546108,Santa Clara d'Oeste,SP,0.09132363532903887,80.0,83.18,-3.180000000000007,1.0
2921104,Medeiros Neto,BA,0.09127790124119539,65.0,76.52,-11.519999999999996,1.0
4315354,Quinze de Novembro,RS,0.09104208972400119,74.0,94.74,-20.739999999999995,1.0
2609808,Orocó,PE,0.09096754198920165,62.0,81.59,-19.590000000000003,1.0
3205200,Vila Velha,ES,0.09093015543190475,74.0,79.89,-5.890000000000001,1.0
2310407,Paramoti,CE,0.09088493154371335,80.0,98.97,-18.97,1.0
5006200,Nova Andradina,MS,0.09085679388622048,69.0,79.56,-10.560000000000002,1.0
3521606,Irapuru,SP,0.09081754784425855,80.0,97.29,-17.290000000000006,1.0
3151008,Piranguinho,MG,0.09079226033599241,74.0,81.32,-7.319999999999993,1.0
2927804,Santa Cruz da Vitória,BA,0.0907560572977063,62.0,66.27,-4.269999999999996,1.0
3548203,Santo Antônio do Pinhal,SP,0.09068958251623704,61.0,62.03,-1.0300000000000011,1.0
2303956,Chorozinho,CE,0.09065569048363864,80.0,99.55,-19.549999999999997,1.0
1501725,Brasil Novo,PA,0.0906496061497587,76.0,85.67,-9.670000000000002,1.0
2932408,Uibaí,BA,0.0905800567630416,55.0,59.6,-4.600000000000001,1.0
2304509,Frecheirinha,CE,0.09046890671532393,80.0,98.8,-18.799999999999997,1.0
2408201,Nísia Floresta,RN,0.09029283439585734,54.0,82.74,-28.739999999999995,1.0
2305308,Ibiapina,CE,0.09029068654552441,80.0,90.63,-10.629999999999995,1.0
3158102,Santa Maria do Salto,MG,0.09017438637803754,63.0,65.38,-2.3799999999999955,1.0
2300507,Alcântaras,CE,0.09010276575384968,80.0,100.0,-20.0,1.0
3122405,Divisa Nova,MG,0.08997290493283128,72.0,90.53,-18.53,1.0
2906873,Capim Grosso,BA,0.0896534407005346,50.0,49.22,0.7800000000000011,1.0
2205904,Manoel Emídio,PI,0.08961641864931147,80.0,91.1,-11.099999999999994,1.0
2933455,Wanderley,BA,0.08939430429918249,67.0,77.58,-10.579999999999998,1.0
3116159,Chapada Gaúcha,MG,0.08925547410392043,64.0,76.37,-12.370000000000005,1.0
2210607,São Raimundo Nonato,PI,0.08922347250151519,74.0,72.96,1.0400000000000063,1.0
2908507,Conceição do Jacuípe,BA,0.08918224436864941,56.0,51.65,4.350000000000001,1.0
3136900,Juruaia,MG,0.08914062875909734,79.0,84.63,-5.6299999999999955,1.0
2100105,Afonso Cunha,MA,0.08906039204024319,76.0,83.87,-7.8700000000000045,1.0
4201901,Aurora,SC,0.0889772591432949,71.0,91.27,-20.269999999999996,1.0
3540101,Pongaí,SP,0.08884482853539777,80.0,100.0,-20.0,1.0
5002407,Caarapó,MS,0.08880339373395296,66.0,80.18,-14.180000000000007,1.0
4313359,Nova Roma do Sul,RS,0.08874054655338848,80.0,100.0,-20.0,1.0
3544509,Rubinéia,SP,0.08873768837161711,70.0,84.68,-14.680000000000007,1.0
2307635,Madalena,CE,0.08860040898331256,80.0,96.17,-16.17,1.0
1200054,Assis Brasil,AC,0.08841110303429678,61.0,71.71,-10.709999999999994,1.0
3131505,Ipuiúna,MG,0.08820534855010553,66.0,75.97,-9.969999999999999,1.0
5206602,Cumari,GO,0.08798737173784732,78.0,72.73,5.269999999999996,0.0
5107800,Santo Antônio de Leverger,MT,0.08785144608445905,66.0,61.61,4.390000000000001,1.0
2311801,Russas,CE,0.08782754354872269,80.0,93.43,-13.430000000000007,1.0
3166402,Seritinga,MG,0.08776164994086022,72.0,80.77,-8.769999999999996,1.0
2205003,Itainópolis,PI,0.08774682764989539,77.0,88.74,-11.739999999999995,1.0
4117800,Palmital,PR,0.0876317409578663,77.0,90.8,-13.799999999999997,1.0
3115102,Cássia,MG,0.08755079215856343,75.0,87.92,-12.920000000000002,1.0
3104205,Arcos,MG,0.08750919907710952,79.0,88.92,-9.920000000000002,1.0
3156809,Sabinópolis,MG,0.08750637669865524,59.0,67.2,-8.200000000000003,1.0
5103304,Comodoro,MT,0.08749484472143965,68.0,74.63,-6.6299999999999955,1.0
3115359,Catas Altas,MG,0.08728545887296746,73.0,88.18,-15.180000000000007,1.0
2206357,Milton Brandão,PI,0.0872653231120073,58.0,75.0,-17.0,1.0
3146107,Ouro Preto,MG,0.08725269336222274,67.0,76.33,-9.329999999999998,1.0
2601508,Belém de Maria,PE,0.08721548898488041,75.0,83.12,-8.120000000000005,1.0
2922201,Muniz Ferreira,BA,0.08707007985509885,62.0,67.35,-5.349999999999994,1.0
2910008,Dário Meira,BA,0.08703960505215325,58.0,56.3,1.7000000000000028,1.0
2904050,Bonito,BA,0.08703550314473729,59.0,77.27,-18.269999999999996,1.0
2412401,São José do Seridó,RN,0.08677783184663657,57.0,57.66,-0.6599999999999966,1.0
2930766,Sítio do Quinto,BA,0.08654333286672988,61.0,64.62,-3.6200000000000045,1.0
3155009,Rio Doce,MG,0.0865006105403261,80.0,100.0,-20.0,1.0
3121308,Descoberto,MG,0.08649578995834606,71.0,79.77,-8.769999999999996,1.0
2305902,Ipueiras,CE,0.08646347557467826,80.0,98.24,-18.239999999999995,1.0
2907905,Cipó,BA,0.08643497334052896,51.0,49.48,1.5200000000000031,1.0
2921906,Mucugê,BA,0.08638200432522136,60.0,62.32,-2.3200000000000003,1.0
3515905,Floreal,SP,0.08630514160187097,80.0,92.78,-12.780000000000001,1.0
4117305,Ortigueira,PR,0.08612322712196685,71.0,82.22,-11.219999999999999,1.0
2200400,Altos,PI,0.08602888114160079,71.0,91.23,-20.230000000000004,1.0
4113809,Lupionópolis,PR,0.08601298618980724,80.0,79.91,0.09000000000000341,1.0
3106101,Belmiro Braga,MG,0.08593569132902579,66.0,73.88,-7.8799999999999955,1.0
2707701,Rio Largo,AL,0.08588210906524985,57.0,52.06,4.939999999999998,1.0
2600203,Afrânio,PE,0.0858438919000335,67.0,80.64,-13.64,1.0
2103901,Duque Bacelar,MA,0.08579514580738212,74.0,94.03,-20.03,1.0
1100106,Guajará-Mirim,RO,0.08573361782989108,60.0,71.04,-11.040000000000006,1.0
5217609,Planaltina,GO,0.08567228948362493,72.0,82.4,-10.400000000000006,1.0
1600204,Calçoene,AP,0.0855325007009955,56.0,49.78,6.219999999999999,1.0
5100102,Acorizal,MT,0.08553193936343262,58.0,50.63,7.369999999999997,1.0
2606309,Granito,PE,0.08547889410336074,66.0,62.65,3.3500000000000014,1.0
5001904,Bataguassu,MS,0.08547428261593926,58.0,62.65,-4.649999999999999,1.0
4123709,Santa Isabel do Ivaí,PR,0.08530820339030976,80.0,89.54,-9.540000000000006,1.0
2413706,Sítio Novo,RN,0.08513397064359196,52.0,59.6,-7.600000000000001,1.0
3125507,São Gonçalo do Rio Preto,MG,0.08497637854954876,80.0,100.0,-20.0,1.0
1709302,Guaraí,TO,0.08494333079929228,57.0,61.37,-4.369999999999997,1.0
1200609,Tarauacá,AC,0.08489728419525189,57.0,66.27,-9.269999999999996,1.0
4115002,Marilena,PR,0.08476553474280457,80.0,86.33,-6.329999999999998,1.0
2203909,Floriano,PI,0.08465539389058241,64.0,75.38,-11.379999999999995,1.0
4204459,Coronel Martins,SC,0.08454217437791045,77.0,96.77,-19.769999999999996,1.0
3127305,Galiléia,MG,0.08452875681561733,63.0,70.16,-7.159999999999997,1.0
2506004,Esperança,PB,0.08445867156003573,70.0,88.47,-18.47,1.0
2603405,Calumbi,PE,0.08432215486153516,77.0,94.64,-17.64,1.0
3164472,São Sebastião do Anta,MG,0.08418359818968923,69.0,86.25,-17.25,1.0
2412104,São João do Sabugi,RN,0.08411804142585366,64.0,74.16,-10.159999999999997,1.0
3141306,Medeiros,MG,0.08410443326920447,80.0,86.11,-6.109999999999999,1.0
2921005,Mata de São João,BA,0.0840926569638637,67.0,77.23,-10.230000000000004,1.0
2300606,Altaneira,CE,0.0840334788787529,80.0,98.73,-18.730000000000004,1.0
4110078,Imbaú,PR,0.08393078726283132,76.0,86.18,-10.180000000000007,1.0
2411809,São Fernando,RN,0.0839122323840864,63.0,72.98,-9.980000000000004,1.0
5219605,Santa Tereza de Goiás,GO,0.08389259703053764,80.0,59.95,20.049999999999997,0.0
3533106,Nova Guataporanga,SP,0.08388102930746888,73.0,90.48,-17.480000000000004,1.0
3201308,Cariacica,ES,0.08384799557569622,68.0,68.17,-0.1700000000000017,1.0
4109807,Ibiporã,PR,0.0838447222666796,76.0,79.41,-3.4099999999999966,1.0
4309571,Herveiras,RS,0.08380540213854692,70.0,100.0,-30.0,1.0
4108452,Foz do Jordão,PR,0.08378637033633773,80.0,88.04,-8.040000000000006,1.0
1600535,Porto Grande,AP,0.08376855929407401,72.0,74.5,-2.5,1.0
2511103,Pedra Lavrada,PB,0.0837068191624244,78.0,93.08,-15.079999999999998,1.0
4121257,Ramilândia,PR,0.08369935427977482,80.0,82.94,-2.9399999999999977,1.0
3131802,Itabirinha,MG,0.08364459514728073,72.0,82.44,-10.439999999999998,1.0
2404408,Grossos,RN,0.08344606608874439,59.0,71.53,-12.530000000000001,1.0
3145406,Olaria,MG,0.08340718101740885,80.0,85.23,-5.230000000000004,1.0
3140704,Mateus Leme,MG,0.08323436611546664,68.0,83.31,-15.310000000000002,1.0
2602308,Bonito,PE,0.08322478030449687,68.0,73.54,-5.540000000000006,1.0
1501758,Brejo Grande do Araguaia,PA,0.08308850220741404,70.0,93.22,-23.22,1.0
3157658,Santa Helena de Minas,MG,0.08308644761076889,69.0,73.98,-4.980000000000004,1.0
2614857,Tamandaré,PE,0.0830265133378032,62.0,84.0,-22.0,1.0
2923209,Oliveira dos Brejinhos,BA,0.08299654149501356,58.0,58.91,-0.9099999999999966,1.0
2312700,Senador Pompeu,CE,0.08294365850241259,80.0,100.0,-20.0,1.0
3137007,Ladainha,MG,0.08293265426850904,48.0,40.81,7.189999999999998,1.0
2928109,Santa Maria da Vitória,BA,0.08282230911307475,54.0,54.2,-0.20000000000000284,1.0
2904001,Boninal,BA,0.08279543132697642,62.0,60.89,1.1099999999999994,1.0
1101401,Monte Negro,RO,0.08277198149377707,76.0,79.62,-3.6200000000000045,1.0
3106606,Bertópolis,MG,0.08275751559776245,69.0,74.81,-5.810000000000002,1.0
1100155,Ouro Preto do Oeste,RO,0.0826011890994911,76.0,86.25,-10.25,1.0
3506409,Bilac,SP,0.08255476720855426,70.0,83.12,-13.120000000000005,1.0
3136652,Juatuba,MG,0.08246362759637094,63.0,68.37,-5.3700000000000045,1.0
2209377,Santa Rosa do Piauí,PI,0.08244961962813802,70.0,88.44,-18.439999999999998,1.0
3141702,Mesquita,MG,0.08235366983280334,66.0,67.45,-1.4500000000000028,1.0
2511202,Pedras de Fogo,PB,0.08233839741561844,57.0,57.26,-0.259999999999998,1.0
4219358,Vitor Meireles,SC,0.08233120356020829,62.0,80.89,-18.89,1.0
5000708,Anastácio,MS,0.08230669210564168,51.0,56.32,-5.32,1.0
2411403,Santana do Matos,RN,0.08230348188050784,47.0,51.46,-4.460000000000001,1.0
3117900,Congonhal,MG,0.08221423692352414,76.0,93.7,-17.700000000000003,1.0
3104601,Astolfo Dutra,MG,0.08211675916398975,77.0,80.77,-3.769999999999996,1.0
5204508,Caldas Novas,GO,0.08204193352748435,69.0,69.0,0.0,1.0
2208551,Porto Alegre do Piauí,PI,0.08200537179979428,77.0,100.0,-23.0,1.0
2603900,Carnaíba,PE,0.08196141379671862,80.0,91.6,-11.599999999999994,1.0
2107357,Nova Olinda do Maranhão,MA,0.08188052155016012,68.0,87.77,-19.769999999999996,1.0
4110102,Imbituva,PR,0.08182384321929248,80.0,81.72,-1.7199999999999989,1.0
3139607,Mantena,MG,0.08181701140645092,64.0,71.74,-7.739999999999995,1.0
2203420,Domingos Mourão,PI,0.08174411445612306,80.0,94.64,-14.64,1.0
2311702,Reriutaba,CE,0.08153655885573674,80.0,98.04,-18.040000000000006,1.0
2930402,Serra Preta,BA,0.08137183080924926,54.0,47.95,6.049999999999997,1.0
1707553,Fátima,TO,0.08132481470521291,66.0,83.77,-17.769999999999996,1.0
1703206,Bernardo Sayão,TO,0.08124927643703439,66.0,82.61,-16.61,1.0
3126208,Formoso,MG,0.08123714646702573,70.0,81.52,-11.519999999999996,1.0
5103379,Cotriguaçu,MT,0.08118516551390464,69.0,73.6,-4.599999999999994,1.0
2928703,Santo Antônio de Jesus,BA,0.08116442973788818,55.0,55.76,-0.759999999999998,1.0
2603108,Cachoeirinha,PE,0.08115586573489575,68.0,88.75,-20.75,1.0
2104305,Godofredo Viana,MA,0.08057213710841582,80.0,92.31,-12.310000000000002,1.0
2110807,São Félix de Balsas,MA,0.08056914642142332,61.0,71.07,-10.069999999999993,1.0
2504405,Conceição,PB,0.08051088159019781,79.0,93.35,-14.349999999999994,1.0
4127106,Telêmaco Borba,PR,0.08032132081976118,71.0,75.63,-4.6299999999999955,1.0
3118007,Congonhas,MG,0.08030853011284744,68.0,80.9,-12.900000000000006,1.0
4119301,Pinhão,PR,0.08030781854903091,71.0,75.64,-4.640000000000001,1.0
5007208,Rio Brilhante,MS,0.08030071025772245,59.0,63.9,-4.899999999999999,1.0
2605152,Dormentes,PE,0.08024745517655207,72.0,79.07,-7.069999999999993,1.0
3528858,Marapoama,SP,0.08018232583306628,80.0,81.55,-1.5499999999999972,1.0
4113205,Lapa,PR,0.0801477598980016,80.0,85.11,-5.109999999999999,1.0
3132503,Itamarandiba,MG,0.08009472483243851,69.0,81.26,-12.260000000000005,1.0
4114401,Mangueirinha,PR,0.08006757456832214,76.0,80.14,-4.140000000000001,1.0
2614303,Moreilândia,PE,0.07999257534394555,61.0,64.0,-3.0,1.0
3553609,Tapiratiba,SP,0.0799840207070116,66.0,82.14,-16.14,1.0
3203007,Iúna,ES,0.07972655141949359,76.0,78.19,-2.1899999999999977,1.0
5103700,Feliz Natal,MT,0.07962832524883234,72.0,82.11,-10.11,1.0
2200053,Acauã,PI,0.07962705729278696,80.0,93.22,-13.219999999999999,1.0
2208874,Ribeira do Piauí,PI,0.07960921650020292,68.0,78.95,-10.950000000000003,1.0
2929255,São Gabriel,BA,0.07958680716737043,55.0,57.09,-2.0900000000000034,1.0
4109757,Ibema,PR,0.0795496661426357,76.0,83.17,-7.170000000000002,1.0
2901007,Amargosa,BA,0.07940612925075385,65.0,71.46,-6.459999999999994,1.0
2404705,Ipanguaçu,RN,0.07933014837721553,39.0,32.47,6.530000000000001,1.0
2933208,Vera Cruz,BA,0.0788367681998412,58.0,62.65,-4.649999999999999,1.0
4118006,Paraíso do Norte,PR,0.07881076022468636,77.0,77.92,-0.9200000000000017,1.0
2608701,Lagoa dos Gatos,PE,0.07873537002462361,75.0,96.3,-21.299999999999997,1.0
4126504,Sertanópolis,PR,0.07871410193507145,73.0,71.2,1.7999999999999972,1.0
3132107,Itacarambi,MG,0.07871307925613902,64.0,74.4,-10.400000000000006,1.0
2305001,Guaraciaba do Norte,CE,0.07862505264852426,80.0,98.18,-18.180000000000007,1.0
2909703,Cristópolis,BA,0.07859564296783361,62.0,62.93,-0.9299999999999997,1.0
3169307,Três Corações,MG,0.0785856881579583,65.0,71.07,-6.069999999999993,1.0
2604809,Cortês,PE,0.07858478699895177,70.0,94.16,-24.159999999999997,1.0
3130101,Igarapé,MG,0.07855873825365123,65.0,75.1,-10.099999999999994,1.0
2309003,Mucambo,CE,0.0783348741684774,80.0,100.0,-20.0,1.0
1200336,Mâncio Lima,AC,0.078303023636493,56.0,58.34,-2.3400000000000034,1.0
3164704,São Sebastião do Paraíso,MG,0.07823225397202249,72.0,77.18,-5.180000000000007,1.0
2403905,Francisco Dantas,RN,0.07813889663899898,62.0,61.9,0.10000000000000142,1.0
1100015,Alta Floresta D'Oeste,RO,0.07811943010485056,72.0,78.15,-6.150000000000006,1.0
2931202,Taperoá,BA,0.07807763608714458,58.0,59.61,-1.6099999999999994,1.0
1600808,Vitória do Jari,AP,0.07806028032843504,52.0,49.25,2.75,1.0
3205150,Vila Pavão,ES,0.07801338656170775,77.0,90.45,-13.450000000000003,1.0
2919702,Macarani,BA,0.07799312327281982,64.0,61.38,2.6199999999999974,1.0
4126801,Tapejara,PR,0.07796706860775715,74.0,80.83,-6.829999999999998,1.0
2203453,Dom Inocêncio,PI,0.07792916275910355,80.0,82.37,-2.3700000000000045,1.0
1508209,Vigia,PA,0.07791146776978863,53.0,75.79,-22.790000000000006,1.0
3164100,São Pedro do Suaçuí,MG,0.07788817019414507,73.0,86.17,-13.170000000000002,1.0
2932200,Ubaitaba,BA,0.07774529983403466,53.0,54.99,-1.990000000000002,1.0
2312502,São João do Jaguaribe,CE,0.07769885959468692,80.0,85.2,-5.200000000000003,1.0
2500536,Alcantil,PB,0.07751536940528003,60.0,75.89,-15.89,1.0
4216255,São João do Oeste,SC,0.07744088240894864,80.0,93.06,-13.060000000000002,1.0
5107107,São José dos Quatro Marcos,MT,0.07733313150248522,80.0,89.46,-9.459999999999994,1.0
3165008,São Tiago,MG,0.07731329916629281,80.0,92.9,-12.900000000000006,1.0
3201605,Conceição da Barra,ES,0.07729707276868536,77.0,78.53,-1.5300000000000011,1.0
3126802,Frei Gaspar,MG,0.07720563889274734,65.0,68.21,-3.2099999999999937,1.0
4113304,Laranjeiras do Sul,PR,0.07714024386627416,76.0,83.41,-7.409999999999997,1.0
3142254,Miravânia,MG,0.0770459579666406,59.0,74.64,-15.64,1.0
2414704,Várzea,RN,0.07700194041720176,43.0,50.0,-7.0,1.0
3502002,Analândia,SP,0.07691484282211114,62.0,55.68,6.32,1.0
2502409,Bonito de Santa Fé,PB,0.07691428043438497,59.0,62.83,-3.8299999999999983,1.0
2902054,Araçás,BA,0.07679500611522172,57.0,59.22,-2.219999999999999,1.0
3133808,Itaúna,MG,0.07673679682387757,75.0,89.2,-14.200000000000003,1.0
3154002,Raul Soares,MG,0.07671719338416105,73.0,87.3,-14.299999999999997,1.0
2210300,São Julião,PI,0.0765390096642582,80.0,88.85,-8.849999999999994,1.0
3119708,Coronel Xavier Chaves,MG,0.0764986953255764,76.0,78.52,-2.519999999999996,1.0
2702405,Delmiro Gouveia,AL,0.0764865486522488,53.0,49.8,3.200000000000003,1.0
2926657,Ribeirão do Largo,BA,0.07646201301183242,63.0,64.7,-1.7000000000000028,1.0
2203800,Flores do Piauí,PI,0.07644116791857902,63.0,79.66,-16.659999999999997,1.0
4101606,Arapoti,PR,0.07642539015140382,77.0,82.84,-5.840000000000003,1.0
3170701,Varginha,MG,0.07636636494995186,65.0,69.43,-4.430000000000007,1.0
2905404,Cairu,BA,0.07630932875192742,57.0,67.67,-10.670000000000002,1.0
5101407,Aripuanã,MT,0.0762330872549204,70.0,76.41,-6.409999999999997,1.0
3108305,Borda da Mata,MG,0.07618742427328729,72.0,80.2,-8.200000000000003,1.0
2609105,Machados,PE,0.0761197627942003,80.0,93.36,-13.36,1.0
3145109,Nova Resende,MG,0.07609212559423306,74.0,86.77,-12.769999999999996,1.0
3130606,Inconfidentes,MG,0.07596787226066948,80.0,88.02,-8.019999999999996,1.0
2904308,Brejões,BA,0.07591877687712989,66.0,71.35,-5.349999999999994,1.0
1101807,Vale do Paraíso,RO,0.07588057263293646,67.0,79.0,-12.0,1.0
3101631,Alfredo Vasconcelos,MG,0.07586893316263255,76.0,85.44,-9.439999999999998,1.0
4101804,Araucária,PR,0.0757347708507835,74.0,75.91,-1.9099999999999966,1.0
2909406,Cotegipe,BA,0.07552811099541779,59.0,67.93,-8.930000000000007,1.0
2201507,Batalha,PI,0.0754304823594174,61.0,80.58,-19.58,1.0
4219606,Xavantina,SC,0.07528502971855666,75.0,84.85,-9.849999999999994,1.0
3145000,Nova Ponte,MG,0.075269055508004,76.0,89.5,-13.5,1.0
4104808,Cascavel,PR,0.07520686583183211,80.0,84.2,-4.200000000000003,1.0
2310803,Pereiro,CE,0.07519761954553872,80.0,93.42,-13.420000000000002,1.0
3105608,Barbacena,MG,0.07519477051230472,69.0,76.66,-7.659999999999997,1.0
5106240,Nova Ubiratã,MT,0.07514745174085824,76.0,84.77,-8.769999999999996,1.0
2509503,Montadas,PB,0.07510636057358955,73.0,78.09,-5.090000000000003,1.0
3123007,Dores de Campos,MG,0.07504560813226946,67.0,76.2,-9.200000000000003,1.0
2923506,Palmeiras,BA,0.07503905333064576,61.0,78.31,-17.310000000000002,1.0
2312205,Santa Quitéria,CE,0.07501026805648836,80.0,96.6,-16.599999999999994,1.0
2301604,Assaré,CE,0.0748911570137254,80.0,99.35,-19.349999999999994,1.0
5103601,Dom Aquino,MT,0.07485772476596686,80.0,93.44,-13.439999999999998,1.0
3108008,Bom Sucesso,MG,0.07478345831760291,73.0,80.64,-7.640000000000001,1.0
3528304,Magda,SP,0.07449730794056253,80.0,96.67,-16.67,1.0
2905008,Caculé,BA,0.07444255353051699,65.0,69.16,-4.159999999999997,1.0
2932804,Utinga,BA,0.07441675395264713,55.0,62.37,-7.369999999999997,1.0
3204500,Santa Leopoldina,ES,0.07439632362089699,80.0,85.4,-5.400000000000006,1.0
5002902,Cassilândia,MS,0.07438979949133118,58.0,61.51,-3.509999999999998,1.0
4314787,Ponte Preta,RS,0.0743380233852472,70.0,96.31,-26.310000000000002,1.0
5103908,General Carneiro,MT,0.07431567150141805,80.0,93.33,-13.329999999999998,1.0
4105300,Céu Azul,PR,0.07424218222176027,80.0,78.22,1.7800000000000011,0.0
4103370,Brasilândia do Sul,PR,0.07422112197765374,77.0,75.0,2.0,0.0
5211305,Itarumã,GO,0.07415176801188328,78.0,76.06,1.9399999999999977,0.0
2606903,Iguaracy,PE,0.07401411207168718,76.0,90.66,-14.659999999999997,1.0
3103900,Araújos,MG,0.07396994243152921,77.0,84.27,-7.269999999999996,1.0
2903805,Boa Vista do Tupim,BA,0.07391407125318061,55.0,56.41,-1.4099999999999966,1.0
3163201,São José do Alegre,MG,0.0738552754177566,79.0,85.35,-6.349999999999994,1.0
3118908,Cordisburgo,MG,0.07370637577013772,74.0,96.63,-22.629999999999995,1.0
2915809,Itambé,BA,0.07369019825705925,47.0,41.23,5.770000000000003,1.0
4106506,Coronel Vivida,PR,0.07362277146072016,80.0,82.31,-2.3100000000000023,1.0
4105706,Clevelândia,PR,0.07360837924120567,76.0,78.69,-2.6899999999999977,1.0
3113008,Caraí,MG,0.0735367633799503,60.0,67.74,-7.739999999999995,1.0
2905107,Caém,BA,0.07350660885448057,56.0,55.88,0.11999999999999744,1.0
3520806,Inúbia Paulista,SP,0.07349090680383474,80.0,93.75,-13.75,1.0
4102307,Balsa Nova,PR,0.07341511524868938,78.0,82.56,-4.560000000000002,1.0
2304657,Graça,CE,0.07333275916959947,80.0,96.24,-16.239999999999995,1.0
2512077,Poço de José de Moura,PB,0.07314611602820409,66.0,73.57,-7.569999999999993,1.0
5205497,Cidade Ocidental,GO,0.07311167532550811,65.0,66.36,-1.3599999999999994,1.0
2306108,Irauçuba,CE,0.07310732341326553,80.0,96.55,-16.549999999999997,1.0
2110302,Santo Antônio dos Lopes,MA,0.07280454215250087,66.0,74.94,-8.939999999999998,1.0
2902500,Baianópolis,BA,0.07278667625697299,59.0,61.23,-2.229999999999997,1.0
2100501,Alto Parnaíba,MA,0.07275750834454808,63.0,80.35,-17.349999999999994,1.0
3165560,Sem-Peixe,MG,0.07272503356290083,78.0,90.0,-12.0,1.0
1720259,São Salvador do Tocantins,TO,0.07272495038360438,63.0,91.45,-28.450000000000003,1.0
2105807,Lago do Junco,MA,0.07264553901691573,80.0,82.24,-2.239999999999995,1.0
1710904,Itapiratins,TO,0.0726451922124769,56.0,51.02,4.979999999999997,1.0
1700251,Abreulândia,TO,0.07257153170557573,71.0,89.7,-18.700000000000003,1.0
1702406,Arraias,TO,0.0723906121882939,56.0,61.36,-5.359999999999999,1.0
5200050,Abadia de Goiás,GO,0.07233901242623486,69.0,72.55,-3.549999999999997,1.0
4109302,Guaraniaçu,PR,0.07232977458199674,80.0,81.48,-1.480000000000004,1.0
3134400,Iturama,MG,0.07225226283638198,67.0,71.07,-4.069999999999993,1.0
5107909,Sinop,MT,0.0721869847923553,68.0,72.76,-4.760000000000005,1.0
3140506,Martinho Campos,MG,0.07203764083917041,68.0,78.19,-10.189999999999998,1.0
3130903,Inhapim,MG,0.07202059758124624,74.0,83.51,-9.510000000000005,1.0
3159704,Santa Rosa da Serra,MG,0.07199668904518874,76.0,85.0,-9.0,1.0
3520442,Ilha Solteira,SP,0.07197920450176798,73.0,80.03,-7.030000000000001,1.0
2922656,Nordestina,BA,0.07195569188767181,54.0,59.8,-5.799999999999997,1.0
2313203,Tamboril,CE,0.07193803347302041,80.0,98.5,-18.5,1.0
3159001,Santana do Riacho,MG,0.07192908682898402,70.0,78.02,-8.019999999999996,1.0
2304806,Granjeiro,CE,0.07187745831363779,80.0,92.48,-12.480000000000004,1.0
3140555,Mata Verde,MG,0.07185961178349443,67.0,89.29,-22.290000000000006,1.0
2208106,Pimenteiras,PI,0.0715276514238774,70.0,89.63,-19.629999999999995,1.0
3112307,Capelinha,MG,0.07135828088084728,68.0,74.5,-6.5,1.0
4128104,Umuarama,PR,0.07124880110044818,72.0,78.85,-6.849999999999994,1.0
2303105,Cariré,CE,0.07122560954617363,80.0,99.49,-19.489999999999995,1.0
2610202,Panelas,PE,0.07116494673184903,78.0,92.79,-14.790000000000006,1.0
5005004,Jardim,MS,0.07109517180436087,56.0,58.31,-2.3100000000000023,1.0
2310902,Piquet Carneiro,CE,0.07108472384550302,80.0,99.35,-19.349999999999994,1.0
2105153,Igarapé do Meio,MA,0.07105934120849733,69.0,85.97,-16.97,1.0
5107701,Rosário Oeste,MT,0.0709395233772887,66.0,64.17,1.8299999999999983,1.0
4128203,União da Vitória,PR,0.07087260980501764,77.0,81.75,-4.75,1.0
2304251,Cruz,CE,0.07080758566705492,80.0,98.09,-18.090000000000003,1.0
4206751,Ibiam,SC,0.07079331667826672,72.0,86.56,-14.560000000000002,1.0
3557154,Zacarias,SP,0.07064477395258884,58.0,46.42,11.579999999999998,0.0
2919058,Lajedo do Tabocal,BA,0.07061705659312767,67.0,88.35,-21.349999999999994,1.0
3151800,Poços de Caldas,MG,0.07051154796554004,69.0,81.97,-12.969999999999999,1.0
4122156,Rio Bonito do Iguaçu,PR,0.07044894948367486,80.0,91.29,-11.290000000000006,1.0
2500106,Água Branca,PB,0.0704064147867488,63.0,91.99,-28.989999999999995,1.0
3109105,Bueno Brandão,MG,0.07037825785512719,71.0,69.34,1.6599999999999966,1.0
3114303,Carmo do Paranaíba,MG,0.07030304678016785,75.0,80.71,-5.709999999999994,1.0
2912905,Ibirataia,BA,0.07027193691225897,55.0,63.41,-8.409999999999997,1.0
2206704,Nazaré do Piauí,PI,0.07016787295146576,63.0,84.68,-21.680000000000007,1.0
3117801,Conceição dos Ouros,MG,0.070165487239501,71.0,80.41,-9.409999999999997,1.0
2902302,Aratuípe,BA,0.07006810061705204,63.0,74.12,-11.120000000000005,1.0
1200203,Cruzeiro do Sul,AC,0.07002710645718191,56.0,59.49,-3.490000000000002,1.0
1100023,Ariquemes,RO,0.0699774936994999,71.0,79.5,-8.5,1.0
3145455,Olhos-d'Água,MG,0.06989340470227257,74.0,74.79,-0.7900000000000063,1.0
1700301,Aguiarnópolis,TO,0.06976512064952578,49.0,49.57,-0.5700000000000003,1.0
3110707,Cambuquira,MG,0.0696891885539177,74.0,82.72,-8.719999999999999,1.0
2512002,Pocinhos,PB,0.06965223228795026,60.0,72.94,-12.939999999999998,1.0
3130051,Icaraí de Minas,MG,0.06964031589519992,67.0,77.48,-10.480000000000004,1.0
2903276,Barrocas,BA,0.06962132194323822,60.0,72.44,-12.439999999999998,1.0
3110400,Camacho,MG,0.06956061294793348,80.0,91.43,-11.430000000000007,1.0
5200852,Americano do Brasil,GO,0.06954391642513325,77.0,79.35,-2.3499999999999943,1.0
4105003,Catanduvas,PR,0.06954109402886477,73.0,86.39,-13.39,1.0
2103406,Coelho Neto,MA,0.06949466932641601,70.0,90.35,-20.349999999999994,1.0
2906402,Candeal,BA,0.06945754597968079,53.0,47.44,5.560000000000002,1.0
2313252,Tarrafas,CE,0.06940747365084832,80.0,96.93,-16.930000000000007,1.0
2922508,Nazaré,BA,0.0693783343629597,51.0,39.7,11.299999999999997,
3139409,Manhuaçu,MG,0.06936638153916486,64.0,75.94,-11.939999999999998,1.0
3161908,São Gonçalo do Rio Abaixo,MG,0.0692629863604779,80.0,89.57,-9.569999999999993,1.0
2101509,Barão de Grajaú,MA,0.06925292214099688,60.0,70.04,-10.040000000000006,1.0
2913804,Ipecaetá,BA,0.06912448835408036,56.0,49.37,6.630000000000003,1.0
4316436,Saldanha Marinho,RS,0.06908141003208679,61.0,67.64,-6.640000000000001,1.0
3200607,Aracruz,ES,0.06899173073275833,75.0,74.47,0.5300000000000011,1.0
5207535,Faina,GO,0.06897379536243475,77.0,78.58,-1.5799999999999983,1.0
2911857,Heliópolis,BA,0.06887951350798716,54.0,48.99,5.009999999999998,1.0
4107751,Figueira,PR,0.06887577868856609,80.0,90.51,-10.510000000000005,1.0
5218003,Porangatu,GO,0.06871101980789163,65.0,65.5,-0.5,1.0
4104659,Carambeí,PR,0.06868839218597067,77.0,77.01,-0.010000000000005116,1.0
1101203,Ministro Andreazza,RO,0.06867165560957011,76.0,84.09,-8.090000000000003,1.0
2111904,Sucupira do Norte,MA,0.06864785430829934,64.0,79.16,-15.159999999999997,1.0
3109006,Brumadinho,MG,0.06856580675585555,75.0,77.86,-2.8599999999999994,1.0
2207801,Paulistana,PI,0.06848117173025747,62.0,78.27,-16.269999999999996,1.0
2700201,Anadia,AL,0.0684465795800886,66.0,77.35,-11.349999999999994,1.0
2112506,Tutóia,MA,0.06843385087201925,58.0,73.69,-15.689999999999998,1.0
2300705,Alto Santo,CE,0.0684141962716982,80.0,97.69,-17.689999999999998,1.0
3162252,São João da Lagoa,MG,0.06835255209158342,64.0,59.19,4.810000000000002,0.0
3117504,Conceição do Mato Dentro,MG,0.06830289515315646,69.0,83.66,-14.659999999999997,1.0
4315073,Porto Vera Cruz,RS,0.0682136505202835,71.0,92.31,-21.310000000000002,1.0
2302305,Bela Cruz,CE,0.06813416953161677,80.0,94.82,-14.819999999999993,1.0
2400802,Angicos,RN,0.06811488235974794,44.0,45.03,-1.0300000000000011,1.0
3204807,São José do Calçado,ES,0.06807680454700404,77.0,88.25,-11.25,1.0
3146206,Ouro Verde de Minas,MG,0.06803704607222527,65.0,75.86,-10.86,1.0
2406601,Lagoa Salgada,RN,0.06800690000145504,47.0,46.11,0.8900000000000006,1.0
2700300,Arapiraca,AL,0.06790563281332507,59.0,62.87,-3.8699999999999974,1.0
3158607,Santana do Deserto,MG,0.06789381127957672,69.0,80.11,-11.11,1.0
3120409,Cristiano Otoni,MG,0.06774481296800261,76.0,81.96,-5.959999999999994,1.0
4121505,Rebouças,PR,0.06773061572627648,80.0,89.63,-9.629999999999995,1.0
1717206,Piraquê,TO,0.06768042160376542,50.0,48.53,1.4699999999999989,1.0
2924108,Pedrão,BA,0.06764418957798835,46.0,58.4,-12.399999999999999,1.0
2700508,Barra de Santo Antônio,AL,0.06763787043125413,53.0,50.09,2.9099999999999966,1.0
5105606,Matupá,MT,0.0676218168083591,72.0,76.58,-4.579999999999998,1.0
5209200,Guapó,GO,0.06750102549601511,72.0,68.97,3.030000000000001,1.0
3204906,São Mateus,ES,0.06746238382586112,73.0,73.76,-0.7600000000000051,1.0
2304608,General Sampaio,CE,0.06739222071441409,80.0,94.49,-14.489999999999995,1.0
2904506,Brotas de Macaúbas,BA,0.0673562590941289,68.0,81.62,-13.620000000000005,1.0
2206696,Murici dos Portelas,PI,0.06729391492509251,73.0,97.78,-24.78,1.0
2509701,Monteiro,PB,0.06725411804740566,67.0,86.39,-19.39,1.0
3168002,Taiobeiras,MG,0.06695800434646426,74.0,86.36,-12.36,1.0
2910602,Esplanada,BA,0.06693241801130434,45.0,45.2,-0.20000000000000284,1.0
3106408,Belo Vale,MG,0.06676203264731317,80.0,97.98,-17.980000000000004,1.0
2407252,Major Sales,RN,0.06670969569828777,54.0,63.1,-9.100000000000001,1.0
2926509,Ribeira do Amparo,BA,0.0666160809884232,52.0,51.91,0.09000000000000341,1.0
3146552,Pai Pedro,MG,0.06653802385894192,71.0,90.42,-19.42,1.0
3122207,Divinolândia de Minas,MG,0.06653212318187107,73.0,82.4,-9.400000000000006,1.0
2926608,Ribeira do Pombal,BA,0.06653209201440491,56.0,59.14,-3.1400000000000006,1.0
3103504,Araguari,MG,0.06639814200137151,63.0,72.16,-9.159999999999997,1.0
2105609,Joselândia,MA,0.06636811199292358,67.0,79.08,-12.079999999999998,1.0
2805901,Riachuelo,SE,0.06631423227229338,36.0,44.23,-8.229999999999997,1.0
3123304,Dores do Turvo,MG,0.06627490725527796,78.0,85.76,-7.760000000000005,1.0
5206206,Cristalina,GO,0.06626420407458977,74.0,74.92,-0.9200000000000017,1.0
2304236,Croatá,CE,0.06620088981907934,80.0,97.67,-17.67,1.0
4127502,Tibagi,PR,0.06616404055473579,79.0,84.41,-5.409999999999997,1.0
5220686,Simolândia,GO,0.06613648011471474,80.0,94.74,-14.739999999999995,1.0
4103602,Cambará,PR,0.06612118101416331,71.0,76.62,-5.6200000000000045,1.0
2931707,Terra Nova,BA,0.06609720234011796,48.0,52.12,-4.119999999999997,1.0
3160959,São Domingos das Dores,MG,0.06608262230686157,80.0,92.62,-12.620000000000005,1.0
3131901,Itabirito,MG,0.06592943636143211,70.0,85.16,-15.159999999999997,1.0
2919306,Lençóis,BA,0.06591176838431934,,60.98,,
2305332,Ibicuitinga,CE,0.06581528382376123,80.0,98.7,-18.700000000000003,1.0
2304301,Farias Brito,CE,0.06574823701663357,80.0,97.91,-17.909999999999997,1.0
4114708,Maria Helena,PR,0.06572016603057029,72.0,87.95,-15.950000000000003,1.0
3544707,Sagres,SP,0.06571244876193783,75.0,88.57,-13.569999999999993,1.0
2931608,Teolândia,BA,0.06566387508040494,63.0,78.0,-15.0,1.0
3125705,Felixlândia,MG,0.06553458791555067,65.0,74.5,-9.5,1.0
3203205,Linhares,ES,0.06552841684789346,72.0,75.01,-3.010000000000005,1.0
2932457,Umburanas,BA,0.0653867697606022,46.0,43.52,2.479999999999997,1.0
3159209,Santa Rita de Caldas,MG,0.06528173063059595,80.0,91.67,-11.670000000000002,1.0
3205101,Viana,ES,0.06522580562502411,75.0,78.23,-3.230000000000004,1.0
4105409,Chopinzinho,PR,0.06511825532038162,80.0,82.14,-2.1400000000000006,1.0
2205458,Joca Marques,PI,0.06506641107333833,58.0,73.29,-15.290000000000006,1.0
2928505,Santa Terezinha,BA,0.06503856827103582,50.0,48.36,1.6400000000000006,1.0
3140803,Matias Barbosa,MG,0.06499676539961419,69.0,76.02,-7.019999999999996,1.0
5215009,Nova Veneza,GO,0.06473345593906488,80.0,94.39,-14.39,1.0
2931053,Tanque Novo,BA,0.06468942755089413,71.0,83.27,-12.269999999999996,1.0
4305603,Colorado,RS,0.06468871794148334,71.0,81.82,-10.819999999999993,1.0
2313005,Solonópole,CE,0.06468337370428434,80.0,98.98,-18.980000000000004,1.0
2900603,Aiquara,BA,0.06455885830264618,52.0,54.61,-2.6099999999999994,1.0
3514924,Elisiário,SP,0.06447841158092571,76.0,88.79,-12.790000000000006,1.0
2102077,Bom Lugar,MA,0.06446205915120329,80.0,91.84,-11.840000000000003,1.0
4118501,Pato Branco,PR,0.06438713198201718,79.0,79.34,-0.3400000000000034,1.0
3115805,Centralina,MG,0.06434770556123581,79.0,88.9,-9.900000000000006,1.0
4119400,Piraí do Sul,PR,0.06422413055537313,76.0,81.51,-5.510000000000005,1.0
2311009,Poranga,CE,0.06416523878631875,80.0,99.34,-19.340000000000003,1.0
3118700,Coqueiral,MG,0.06414850840613329,75.0,91.13,-16.129999999999995,1.0
3127008,Fronteira,MG,0.06411043245320125,66.0,81.25,-15.25,1.0
3161205,São Francisco de Paula,MG,0.06404985254939821,79.0,89.97,-10.969999999999999,1.0
4101853,Ariranha do Ivaí,PR,0.06400292972251209,78.0,100.0,-22.0,1.0
4118105,Paranacity,PR,0.06395285815208251,80.0,85.89,-5.890000000000001,1.0
3109402,Buritizeiro,MG,0.06392976410006534,58.0,59.83,-1.8299999999999983,1.0
2801603,Cedro de São João,SE,0.06389742875840143,47.0,66.1,-19.099999999999994,1.0
4102802,Bela Vista do Paraíso,PR,0.06386598395401832,70.0,79.57,-9.569999999999993,1.0
2109205,Presidente Juscelino,MA,0.06358299045200078,57.0,50.29,6.710000000000001,1.0
2917607,Jaguaquara,BA,0.06357329689188407,62.0,72.47,-10.469999999999999,1.0
2915007,Itaeté,BA,0.06354502196033518,60.0,66.22,-6.219999999999999,1.0
2206209,Miguel Alves,PI,0.06352121399727106,58.0,57.46,0.5399999999999991,1.0
5105507,Vila Bela da Santíssima Trindade,MT,0.06345160749319778,63.0,64.61,-1.6099999999999994,1.0
2503605,Caiçara,PB,0.06340007427862127,66.0,80.29,-14.290000000000006,1.0
3162500,São João del Rei,MG,0.06338378631539321,67.0,76.15,-9.150000000000006,1.0
3132404,Itajubá,MG,0.06327812043113956,69.0,81.13,-12.129999999999995,1.0
2111052,São João do Paraíso,MA,0.06326096929047909,55.0,57.02,-2.020000000000003,1.0
2503555,Cacimbas,PB,0.06324610173409095,54.0,61.74,-7.740000000000002,1.0
3146008,Ouro Fino,MG,0.06309995323527617,71.0,76.83,-5.829999999999998,1.0
2202703,Cocal,PI,0.06308074968001554,76.0,98.5,-22.5,1.0
5106422,Peixoto de Azevedo,MT,0.06297391948724818,57.0,56.81,0.18999999999999773,1.0
2918902,Lajedão,BA,0.06291666059639855,69.0,81.34,-12.340000000000003,1.0
2902658,Banzaê,BA,0.06289037285289067,59.0,78.83,-19.83,1.0
3139904,Maria da Fé,MG,0.06287538159839878,70.0,90.33,-20.33,1.0
3166956,Serranópolis de Minas,MG,0.0628668589563699,80.0,92.86,-12.86,1.0
2901908,Aporá,BA,0.06282206272889834,43.0,40.29,2.710000000000001,1.0
3150901,Piranguçu,MG,0.06274017893505146,73.0,89.75,-16.75,1.0
2903102,Barra do Rocha,BA,0.06269529779731065,58.0,66.54,-8.540000000000006,1.0
3127602,Gouveia,MG,0.06266167749823104,77.0,92.52,-15.519999999999996,1.0
4128708,Vitorino,PR,0.06265514752765644,75.0,79.57,-4.569999999999993,1.0
3147402,Paraopeba,MG,0.06264004278823398,64.0,65.99,-1.9899999999999949,1.0
4103222,Bom Sucesso do Sul,PR,0.06256683008782993,80.0,86.22,-6.219999999999999,1.0
2919504,Livramento de Nossa Senhora,BA,0.06254874483838846,58.0,60.64,-2.6400000000000006,1.0
3111200,Campo Belo,MG,0.062491082585616864,74.0,86.6,-12.599999999999994,1.0
5006002,Nova Alvorada do Sul,MS,0.06244206230491911,57.0,57.56,-0.5600000000000023,1.0
3123205,Dores do Indaiá,MG,0.06243556079603474,72.0,71.22,0.7800000000000011,1.0
3165909,Senador Modestino Gonçalves,MG,0.06243332166190496,77.0,89.17,-12.170000000000002,1.0
4117404,Ourizona,PR,0.0623897045806624,80.0,91.56,-11.560000000000002,1.0
2402907,Coronel João Pessoa,RN,0.062387310067782864,48.0,68.42,-20.42,1.0
1200138,Bujari,AC,0.06227733025221094,45.0,35.56,9.439999999999998,1.0
3100807,Aguanil,MG,0.06223893916592449,80.0,89.63,-9.629999999999995,1.0
4104709,Carlópolis,PR,0.06220577305589314,77.0,88.51,-11.510000000000005,1.0
2915304,Itagimirim,BA,0.062201504802974594,55.0,69.19,-14.189999999999998,1.0
2203305,Demerval Lobão,PI,0.06218651768805439,75.0,100.0,-25.0,1.0
3111002,Campestre,MG,0.062150441020619285,75.0,87.4,-12.400000000000006,1.0
3100203,Abaeté,MG,0.06209595134674728,66.0,66.96,-0.9599999999999937,1.0
2108108,Paulo Ramos,MA,0.062071577831902536,78.0,94.51,-16.510000000000005,1.0
4103701,Cambé,PR,0.06203800320609809,79.0,88.5,-9.5,1.0
4101705,Araruna,PR,0.06199366841706,78.0,77.67,0.3299999999999983,1.0
2925709,Presidente Jânio Quadros,BA,0.06181373495235454,53.0,62.46,-9.46,1.0
3117108,Conceição da Aparecida,MG,0.06175324680031635,75.0,89.51,-14.510000000000005,1.0
1600279,Laranjal do Jari,AP,0.061734659639616773,59.0,81.63,-22.629999999999995,1.0
3523008,Itapura,SP,0.061732699770778665,64.0,64.54,-0.5400000000000063,1.0
3138609,Lima Duarte,MG,0.061661933636579014,63.0,63.47,-0.46999999999999886,1.0
4113254,Laranjal,PR,0.06160710580059925,59.0,58.86,0.14000000000000057,1.0
3137809,Lambari,MG,0.0615956880989208,72.0,91.84,-19.840000000000003,1.0
3151503,Piumhi,MG,0.061585263037423066,68.0,73.29,-5.290000000000006,1.0
2921807,Mortugaba,BA,0.061525056966599045,74.0,93.67,-19.67,1.0
2611903,Rio Formoso,PE,0.061469428287662886,80.0,98.17,-18.17,1.0
2612471,Santa Cruz da Baixa Verde,PE,0.06146588975142242,77.0,92.85,-15.849999999999994,1.0
5208301,Divinópolis de Goiás,GO,0.061409848771564746,80.0,81.41,-1.4099999999999966,1.0
3147907,Passos,MG,0.06139741127578657,72.0,81.12,-9.120000000000005,1.0
2516409,Tacima,PB,0.06134365296514477,67.0,65.46,1.5400000000000063,1.0
2308609,Monsenhor Tabosa,CE,0.061310959794228403,80.0,100.0,-20.0,1.0
4120309,Porto Vitória,PR,0.06130357657068641,80.0,90.32,-10.319999999999993,1.0
1400308,Mucajaí,RR,0.06122081729314277,,48.9,,
1100130,Machadinho D'Oeste,RO,0.06120737611680771,65.0,67.72,-2.719999999999999,1.0
1101492,São Francisco do Guaporé,RO,0.061185172829319234,72.0,86.03,-14.030000000000001,1.0
2932309,Ubatã,BA,0.061099482216397716,54.0,58.52,-4.520000000000003,1.0
2703809,Joaquim Gomes,AL,0.061080390166783016,55.0,58.26,-3.259999999999998,1.0
2303659,Catunda,CE,0.06099950659482656,80.0,98.84,-18.840000000000003,1.0
2304350,Forquilha,CE,0.06098067471175861,80.0,100.0,-20.0,1.0
3152709,Prados,MG,0.06095802691468355,76.0,93.02,-17.019999999999996,1.0
3113107,Caranaíba,MG,0.060940362121525316,75.0,92.31,-17.310000000000002,1.0
4122404,Rolândia,PR,0.060891809804934804,76.0,80.13,-4.1299999999999955,1.0
2209658,São Francisco de Assis do Piauí,PI,0.060852325281017916,55.0,70.15,-15.150000000000006,1.0
2313906,Uruoca,CE,0.06077193794474001,80.0,92.14,-12.14,1.0
3105509,Barão do Monte Alto,MG,0.060759263589765466,71.0,74.47,-3.469999999999999,1.0
2307908,Martinópole,CE,0.0606893243202008,80.0,100.0,-20.0,1.0
4128559,Vera Cruz do Oeste,PR,0.06067186695983917,,77.96,,
1100908,Castanheiras,RO,0.0606294499220188,,77.45,,
3147303,Paraisópolis,MG,0.06056432947923551,70.0,84.33,-14.329999999999998,1.0
3104304,Areado,MG,0.0604786949227083,75.0,93.84,-18.840000000000003,1.0
4121109,Quinta do Sol,PR,0.060456871811591095,78.0,79.17,-1.1700000000000017,1.0
3138658,Lontra,MG,0.060454451078105764,72.0,94.27,-22.269999999999996,1.0
5108402,Várzea Grande,MT,0.06038826029446409,63.0,70.79,-7.790000000000006,1.0
2500577,Algodão de Jandaíra,PB,0.060329014968674266,61.0,80.07,-19.069999999999993,1.0
2309300,Nova Russas,CE,0.06020533494492142,80.0,98.81,-18.810000000000002,1.0
3150703,Pirajuba,MG,0.06013180596707879,71.0,76.2,-5.200000000000003,1.0
3158003,Santa Maria de Itabira,MG,0.0600763663482774,67.0,69.24,-2.239999999999995,1.0
4217550,Serra Alta,SC,0.06003017782640785,80.0,92.68,-12.680000000000007,1.0
3112901,Caputira,MG,0.05994813933759591,69.0,73.79,-4.790000000000006,1.0
4112306,Japira,PR,0.059874904489058856,78.0,98.28,-20.28,1.0
5218300,Posse,GO,0.05984919195750171,78.0,87.99,-9.989999999999995,1.0
3103108,Antônio Prado de Minas,MG,0.05974356336194275,79.0,93.33,-14.329999999999998,1.0
3148400,Paulistas,MG,0.05962929856479415,75.0,85.82,-10.819999999999993,1.0
4102505,Barbosa Ferraz,PR,0.0596209332425377,80.0,85.04,-5.040000000000006,1.0
2603801,Capoeiras,PE,0.059550957787656844,65.0,73.26,-8.260000000000005,1.0
2909208,Coronel João Sá,BA,0.05954549397978348,52.0,62.1,-10.100000000000001,1.0
4111555,Ivaté,PR,0.059544870712689546,80.0,90.84,-10.840000000000003,1.0
2920452,Mansidão,BA,0.05943882252409849,53.0,46.37,6.630000000000003,1.0
3101607,Alfenas,MG,0.05942744791083232,69.0,76.61,-7.609999999999999,1.0
4125456,São José das Palmeiras,PR,0.059352133828119324,80.0,80.7,-0.7000000000000028,1.0
3160801,São Bento Abade,MG,0.059309485780153715,69.0,78.79,-9.790000000000006,1.0
4110607,Iporã,PR,0.059264219452860645,72.0,69.79,2.2099999999999937,1.0
3128709,Guaxupé,MG,0.05919864620486848,66.0,75.02,-9.019999999999996,1.0
4104303,Campo Mourão,PR,0.05915557094663704,79.0,87.39,-8.39,1.0
3166907,Serrania,MG,0.059031143845153844,71.0,85.45,-14.450000000000003,1.0
3204401,Rio Novo do Sul,ES,0.05897923003362926,79.0,79.81,-0.8100000000000023,1.0
4126306,Sengés,PR,0.05889144194056728,80.0,91.78,-11.780000000000001,1.0
3104809,Augusto de Lima,MG,0.05888582522493724,63.0,81.89,-18.89,1.0
2309409,Novo Oriente,CE,0.05888370855098013,80.0,99.18,-19.180000000000007,1.0
3163706,São Lourenço,MG,0.058845533659599214,72.0,89.2,-17.200000000000003,1.0
2208908,Ribeiro Gonçalves,PI,0.058822455051218636,80.0,80.17,-0.1700000000000017,1.0
3521101,Ipeúna,SP,0.05880450691369132,61.0,73.67,-12.670000000000002,1.0
4108007,Florestópolis,PR,0.058772077206964535,72.0,85.56,-13.560000000000002,1.0
5004403,Inocência,MS,0.05870910826655806,55.0,57.38,-2.3800000000000026,1.0
2305605,Independência,CE,0.05863663403677832,80.0,100.0,-20.0,1.0
3170602,Vargem Bonita,MG,0.05861384149696991,69.0,80.0,-11.0,1.0
4104907,Castro,PR,0.05859876235603856,77.0,85.09,-8.090000000000003,1.0
2914406,Iraquara,BA,0.05857417572946344,58.0,61.68,-3.6799999999999997,1.0
2930105,Senhor do Bonfim,BA,0.05857252582125527,45.0,46.97,-1.9699999999999989,1.0
1718303,Praia Norte,TO,0.05845185740724579,43.0,52.26,-9.259999999999998,1.0
2210102,São José do Peixe,PI,0.0584287928937085,78.0,97.68,-19.680000000000007,1.0
2905156,Caetanos,BA,0.05840360791168464,49.0,46.97,2.030000000000001,1.0
5000609,Amambai,MS,0.05838901503951632,60.0,65.74,-5.739999999999995,1.0
3156205,Rochedo de Minas,MG,0.05829600749549402,68.0,93.42,-25.42,1.0
2912004,Ibiassucê,BA,0.05819946868187653,72.0,84.0,-12.0,1.0
4104451,Cantagalo,PR,0.058158288587846,72.0,77.13,-5.1299999999999955,1.0
3124500,Estiva,MG,0.05815163746130381,76.0,85.37,-9.370000000000005,1.0
4116109,Moreira Sales,PR,0.05813376623085653,80.0,88.02,-8.019999999999996,1.0
2914604,Irecê,BA,0.05811533557379256,60.0,67.93,-7.930000000000007,1.0
4110508,Ipiranga,PR,0.05806624832195051,80.0,88.32,-8.319999999999993,1.0
3171071,Veredinha,MG,0.05783540430052159,71.0,97.45,-26.450000000000003,1.0
2919553,Luís Eduardo Magalhães,BA,0.057796979087247125,52.0,46.85,5.149999999999999,1.0
5107776,Santa Terezinha,MT,0.057782759621768376,59.0,71.21,-12.209999999999994,1.0
5217203,Piranhas,GO,0.057773608070434745,79.0,84.7,-5.700000000000003,1.0
2204204,Francisco Santos,PI,0.05777242567239971,61.0,73.73,-12.730000000000004,1.0
5101837,Boa Esperança do Norte,MT,0.057763258834579,80.0,86.98,-6.980000000000004,
4115606,Matelândia,PR,0.057732073067695566,76.0,81.4,-5.400000000000006,1.0
3168903,Tiros,MG,0.0576489725171897,69.0,76.88,-7.8799999999999955,1.0
2915205,Itagibá,BA,0.057584039317049585,57.0,62.16,-5.159999999999997,1.0
3169406,Três Pontas,MG,0.05750964609738218,70.0,77.02,-7.019999999999996,1.0
2310506,Pedra Branca,CE,0.057480523623837376,80.0,99.77,-19.769999999999996,1.0
5203401,Bom Jardim de Goiás,GO,0.05737884367333157,80.0,95.49,-15.489999999999995,1.0
2802403,Gararu,SE,0.0573631196056007,45.0,60.49,-15.490000000000002,1.0
2929750,Saubara,BA,0.05726545118969839,61.0,69.88,-8.879999999999995,1.0
3144607,Nepomuceno,MG,0.057189698066711814,66.0,70.92,-4.920000000000002,1.0
2605905,Gameleira,PE,0.05709624820735759,69.0,86.38,-17.379999999999995,1.0
2211209,Uruçuí,PI,0.057080319960606585,51.0,57.7,-6.700000000000003,1.0
3122801,Dom Viçoso,MG,0.057070106687115096,80.0,100.0,-20.0,1.0
3149150,Pedras de Maria da Cruz,MG,0.05705397594789319,52.0,63.67,-11.670000000000002,1.0
2607000,Inajá,PE,0.05703835353525233,67.0,82.57,-15.569999999999993,1.0
4119608,Pitanga,PR,0.057027457635147494,76.0,80.45,-4.450000000000003,1.0
2514701,São José do Sabugi,PB,0.05698911886338276,65.0,87.87,-22.870000000000005,1.0
3162708,São João do Paraíso,MG,0.05694129795980052,75.0,95.5,-20.5,1.0
3135308,Japaraíba,MG,0.05690582460217397,75.0,88.93,-13.930000000000007,1.0
2102374,Cachoeira Grande,MA,0.056849920294363754,60.0,75.34,-15.340000000000003,1.0
3202405,Guarapari,ES,0.05676903678757306,76.0,81.42,-5.420000000000002,1.0
3138500,Liberdade,MG,0.05675764945759665,68.0,86.54,-18.540000000000006,1.0
5214507,Nerópolis,GO,0.05674833314902583,74.0,81.85,-7.849999999999994,1.0
2201101,Avelino Lopes,PI,0.05658891778433095,60.0,86.12,-26.120000000000005,1.0
5100300,Alto Araguaia,MT,0.056579053757190745,77.0,83.69,-6.689999999999998,1.0
2805208,Pinhão,SE,0.056549754801114016,41.0,47.4,-6.399999999999999,1.0
2911600,Governador Mangabeira,BA,0.05652810871895042,57.0,79.93,-22.930000000000007,1.0
2913101,Ibititá,BA,0.056484658414198585,50.0,56.4,-6.399999999999999,1.0
3118205,Conquista,MG,0.056457310129591876,74.0,100.0,-26.0,1.0
2906907,Caravelas,BA,0.056446088370695535,59.0,60.05,-1.0499999999999972,1.0
1709005,Goiatins,TO,0.056250826372458484,37.0,40.21,-3.210000000000001,1.0
2921609,Morpará,BA,0.0561394650604794,54.0,63.92,-9.920000000000002,1.0
3169703,Turmalina,MG,0.05607086568190689,66.0,73.89,-7.890000000000001,1.0
4119707,Planaltina do Paraná,PR,0.056061261837458964,80.0,85.92,-5.920000000000002,1.0
3110608,Cambuí,MG,0.056056295403341005,72.0,81.6,-9.599999999999994,1.0
4112702,Jataizinho,PR,0.05598534280491729,71.0,81.77,-10.769999999999996,1.0
3145703,Oliveira Fortes,MG,0.05598511628320346,75.0,92.31,-17.310000000000002,1.0
4120606,Prudentópolis,PR,0.055977374227170085,80.0,88.88,-8.879999999999995,1.0
5222203,Vila Boa,GO,0.055944892106598476,80.0,86.22,-6.219999999999999,1.0
2612307,Saloá,PE,0.05591886678491298,69.0,83.38,-14.379999999999995,1.0
3116803,Coluna,MG,0.05581484326681829,72.0,81.36,-9.36,1.0
2106672,Milagres do Maranhão,MA,0.05579949924779626,80.0,90.68,-10.680000000000007,1.0
2202208,Campo Maior,PI,0.05574212461151984,66.0,81.07,-15.069999999999993,1.0
2923605,Paramirim,BA,0.05573104374575144,63.0,76.69,-13.689999999999998,1.0
2924306,Piatã,BA,0.055562900559008144,60.0,68.84,-8.840000000000003,1.0
3107505,Bom Jardim de Minas,MG,0.05555433899245632,63.0,78.16,-15.159999999999997,1.0
3102852,Angelândia,MG,0.05549520042649925,69.0,82.97,-13.969999999999999,1.0
2505352,Damião,PB,0.05543076427493954,58.0,78.93,-20.930000000000007,1.0
5106752,Pontes e Lacerda,MT,0.05537641261288029,74.0,78.48,-4.480000000000004,1.0
3126604,Francisco Dumont,MG,0.05525330116040761,54.0,80.35,-26.349999999999994,1.0
3107109,Boa Esperança,MG,0.05525305358044219,66.0,72.32,-6.319999999999993,1.0
3161809,São Gonçalo do Pará,MG,0.05523360721907744,70.0,88.67,-18.67,1.0
2200806,Antônio Almeida,PI,0.055207534551094395,80.0,100.0,-20.0,1.0
2310951,Pires Ferreira,CE,0.055206387325199446,80.0,100.0,-20.0,1.0
2933174,Varzedo,BA,0.055191700215524,61.0,84.12,-23.120000000000005,1.0
4104253,Campo Magro,PR,0.05515984030981158,69.0,73.73,-4.730000000000004,1.0
4122107,Rio Bom,PR,0.05506707450021453,80.0,90.33,-10.329999999999998,1.0
3127404,Gonçalves,MG,0.05498409993159281,71.0,73.79,-2.7900000000000063,1.0
4124608,São Carlos do Ivaí,PR,0.0549386004209278,79.0,93.11,-14.11,1.0
2205516,Juazeiro do Piauí,PI,0.05489358491613694,74.0,87.68,-13.680000000000007,1.0
2704807,Maribondo,AL,0.05483377553453239,63.0,68.96,-5.959999999999994,1.0
4103305,Borrazópolis,PR,0.05476145707919755,80.0,91.67,-11.670000000000002,1.0
2608107,João Alfredo,PE,0.054755969219799416,68.0,90.5,-22.5,1.0
2205565,Lagoa do Barro do Piauí,PI,0.05473896897688646,67.0,85.31,-18.310000000000002,1.0
2931301,Tapiramutá,BA,0.05465177214184036,55.0,58.56,-3.5600000000000023,1.0
3111705,Canaã,MG,0.05460166693077495,78.0,96.97,-18.97,1.0
4114005,Mamborê,PR,0.05458342946636796,80.0,91.69,-11.689999999999998,1.0
4115200,Maringá,PR,0.05452879437703351,80.0,84.71,-4.709999999999994,1.0
1701101,Aparecida do Rio Negro,TO,0.05449349411933424,53.0,70.65,-17.650000000000006,1.0
2704203,Limoeiro de Anadia,AL,0.05448991913624268,61.0,58.78,2.219999999999999,1.0
2925808,Queimadas,BA,0.05448874559456296,51.0,56.56,-5.560000000000002,1.0
2705705,Olho d'Água das Flores,AL,0.054419575957255106,59.0,58.52,0.4799999999999969,1.0
2210375,São Luis do Piauí,PI,0.054381550173224324,69.0,79.17,-10.170000000000002,1.0
2927606,Santa Brígida,BA,0.054358638711482166,50.0,57.57,-7.57,1.0
4125100,São João do Triunfo,PR,0.054349412552943566,79.0,86.63,-7.6299999999999955,1.0
3120201,Cristais,MG,0.05429867781084907,73.0,86.35,-13.349999999999994,1.0
3503356,Arco-Íris,SP,0.054240602579688435,52.0,43.48,8.520000000000003,0.0
2902104,Araci,BA,0.05420785556745844,45.0,42.67,2.3299999999999983,1.0
2207009,Oeiras,PI,0.05416573037299022,73.0,86.91,-13.909999999999997,1.0
4128534,Ventania,PR,0.05414947303406181,77.0,89.42,-12.420000000000002,1.0
3201209,Cachoeiro de Itapemirim,ES,0.05414095379492179,72.0,74.83,-2.8299999999999983,1.0
4103909,Campina da Lagoa,PR,0.05413822100368437,80.0,94.38,-14.379999999999995,1.0
3511201,Catiguá,SP,0.05406414013427674,67.0,70.59,-3.5900000000000034,1.0
1701309,Aragominas,TO,0.05403262744377124,49.0,53.42,-4.420000000000002,1.0
3107703,Bom Jesus do Amparo,MG,0.054031302542249304,80.0,80.12,-0.12000000000000455,1.0
4127858,Três Barras do Paraná,PR,0.05399222529857062,80.0,92.08,-12.079999999999998,1.0
5004304,Iguatemi,MS,0.05395786094134025,58.0,72.6,-14.599999999999994,1.0
5204854,Campo Limpo de Goiás,GO,0.053837949825442544,80.0,95.75,-15.75,1.0
2503209,Cabedelo,PB,0.05380106771814308,64.0,76.3,-12.299999999999997,1.0
2803104,Itabi,SE,0.053798390592555756,44.0,49.32,-5.32,1.0
2102705,Cantanhede,MA,0.05377472065765343,66.0,74.8,-8.799999999999997,1.0
2100055,Açailândia,MA,0.05371079657886768,59.0,70.62,-11.620000000000005,1.0
2612604,Santa Maria da Boa Vista,PE,0.05371045596808799,62.0,83.37,-21.370000000000005,1.0
2703205,Igreja Nova,AL,0.05357087418416806,63.0,67.59,-4.590000000000003,1.0
3127107,Frutal,MG,0.0534887413255255,66.0,70.41,-4.409999999999997,1.0
4114104,Mandaguaçu,PR,0.0534719664713571,70.0,71.6,-1.5999999999999943,1.0
2200202,Água Branca,PI,0.05344856006031873,80.0,95.92,-15.920000000000002,1.0
2305654,Ipaporanga,CE,0.05340518163778063,80.0,99.11,-19.11,1.0
5200803,Alvorada do Norte,GO,0.05340460474230191,72.0,78.43,-6.430000000000007,1.0
2916005,Itanhém,BA,0.05340425255240089,68.0,67.69,0.3100000000000023,1.0
3130002,Ibituruna,MG,0.05334808523280188,70.0,79.07,-9.069999999999993,1.0
3132909,Itamogi,MG,0.053322125505111395,70.0,82.85,-12.849999999999994,1.0
4108601,Goioerê,PR,0.05330507013446295,75.0,79.8,-4.799999999999997,1.0
3203320,Marataízes,ES,0.05330344572849399,76.0,77.41,-1.4099999999999966,1.0
2509396,Maturéia,PB,0.053237075627398656,65.0,85.81,-20.810000000000002,1.0
2503308,Cachoeira dos Índios,PB,0.053204756065869496,60.0,79.94,-19.939999999999998,1.0
3127354,Glaucilândia,MG,0.05317298346084387,68.0,80.77,-12.769999999999996,1.0
5208608,Goianésia,GO,0.053135239320739935,80.0,91.69,-11.689999999999998,1.0
3117207,Conceição das Pedras,MG,0.05307873809758834,69.0,85.71,-16.709999999999994,1.0
2709103,Taquarana,AL,0.05305241858447207,61.0,60.68,0.3200000000000003,1.0
1101500,Seringueiras,RO,0.0530047357692377,71.0,81.51,-10.510000000000005,1.0
3536604,Paulo de Faria,SP,0.05298569932116637,65.0,75.08,-10.079999999999998,1.0
3137502,Lagoa Formosa,MG,0.05297058721513637,70.0,82.28,-12.280000000000001,1.0
4103107,Bocaiúva do Sul,PR,0.05286281325267328,64.0,69.42,-5.420000000000002,1.0
2106706,Mirador,MA,0.05284500142234805,56.0,61.62,-5.619999999999997,1.0
3114105,Carmo de Minas,MG,0.05275764882516265,68.0,91.09,-23.090000000000003,1.0
2307254,Jijoca de Jericoacoara,CE,0.05265596778578541,80.0,98.39,-18.39,1.0
3145372,Novorizonte,MG,0.05261577277248264,74.0,83.67,-9.670000000000002,1.0
2205151,Jacobina do Piauí,PI,0.052615492097157324,80.0,98.25,-18.25,1.0
2509156,Marizópolis,PB,0.05260631919466441,80.0,94.51,-14.510000000000005,1.0
1713957,Muricilândia,TO,0.05259913102361258,43.0,34.1,8.899999999999999,1.0
3504701,Balbinos,SP,0.05252649990980651,80.0,100.0,-20.0,1.0
3150505,Pimenta,MG,0.052496583563795274,76.0,86.04,-10.040000000000006,1.0
4104402,Cândido de Abreu,PR,0.05247095199385643,80.0,91.06,-11.060000000000002,1.0
5220009,São João d'Aliança,GO,0.052421868937240546,80.0,81.09,-1.0900000000000034,1.0
4109708,Ibaiti,PR,0.0524035261137219,76.0,81.74,-5.739999999999995,1.0
5107297,São José do Povo,MT,0.05239166769992032,80.0,85.71,-5.709999999999994,1.0
2507804,Junco do Seridó,PB,0.05238241487733497,68.0,84.71,-16.709999999999994,1.0
4127908,Tuneiras do Oeste,PR,0.052292631263231804,75.0,79.13,-4.1299999999999955,1.0
3105103,Bambuí,MG,0.05224879964994755,73.0,82.89,-9.89,1.0
5213004,Maurilândia,GO,0.05218655516669779,79.0,89.26,-10.260000000000005,1.0
3534005,Onda Verde,SP,0.05209826494685266,63.0,73.29,-10.290000000000006,1.0
5220264,São Miguel do Passa Quatro,GO,0.05203934165944191,80.0,88.69,-8.689999999999998,1.0
4105508,Cianorte,PR,0.051927606861929876,80.0,85.94,-5.939999999999998,1.0
5219753,Santo Antônio do Descoberto,GO,0.05191381964451869,61.0,75.09,-14.090000000000003,1.0
2503753,Cajazeirinhas,PB,0.05190943388047198,80.0,96.43,-16.430000000000007,1.0
3105202,Bandeira,MG,0.05188207362731134,71.0,87.1,-16.099999999999994,1.0
4117701,Palmeira,PR,0.05182801876179188,75.0,79.37,-4.3700000000000045,1.0
3127073,Fruta de Leite,MG,0.051802723934811334,61.0,72.53,-11.530000000000001,1.0
4127700,Toledo,PR,0.051760735592097484,80.0,83.15,-3.1500000000000057,1.0
2919405,Licínio de Almeida,BA,0.05175013869335199,77.0,99.16,-22.159999999999997,1.0
5214903,Nova Roma,GO,0.051745109109936016,70.0,73.61,-3.6099999999999994,1.0
2609303,Mirandiba,PE,0.05170142119681509,56.0,65.93,-9.930000000000007,1.0
3143203,Monte Santo de Minas,MG,0.05165258783048232,60.0,61.8,-1.7999999999999972,1.0
2308351,Milhã,CE,0.05163643870306234,80.0,100.0,-20.0,1.0
4119103,Piên,PR,0.051604491176870715,80.0,87.09,-7.090000000000003,1.0
3546207,Santa Cruz da Conceição,SP,0.05157037934855946,73.0,88.16,-15.159999999999997,1.0
2509107,Mari,PB,0.051560879122951375,58.0,65.73,-7.730000000000004,1.0
1200013,Acrelândia,AC,0.05156066953496519,67.0,68.7,-1.7000000000000028,1.0
3148756,Pedra Bonita,MG,0.05155697413866789,70.0,95.38,-25.379999999999995,1.0
2904407,Brejolândia,BA,0.05149741511043615,60.0,61.45,-1.4500000000000028,1.0
5004908,Jaraguari,MS,0.05139930961956163,58.0,80.7,-22.700000000000003,1.0
1503408,Inhangapi,PA,0.051327906878909535,47.0,50.17,-3.1700000000000017,1.0
2311231,Potiretama,CE,0.05131524373613083,80.0,98.7,-18.700000000000003,1.0
2907103,Carinhanha,BA,0.051170080811809626,52.0,59.27,-7.270000000000003,1.0
4128625,Alto Paraíso,PR,0.05116397865819722,72.0,86.18,-14.180000000000007,1.0
3141207,Matutina,MG,0.05112171329916948,80.0,87.82,-7.819999999999993,1.0
2203503,Elesbão Veloso,PI,0.05111756086849595,64.0,88.04,-24.040000000000006,1.0
2311264,Quiterianópolis,CE,0.051105113761555576,80.0,91.94,-11.939999999999998,1.0
3128907,Guimarânia,MG,0.05107822262154105,70.0,86.23,-16.230000000000004,1.0
2210631,Sebastião Leal,PI,0.051064687422206934,80.0,96.83,-16.83,1.0
2304004,Coreaú,CE,0.05103990247992918,80.0,100.0,-20.0,1.0
5106802,Porto dos Gaúchos,MT,0.05102164190634073,78.0,83.72,-5.719999999999999,1.0
4108403,Francisco Beltrão,PR,0.05099278149589248,80.0,84.44,-4.439999999999998,1.0
5106505,Poconé,MT,0.05098787971636287,54.0,56.23,-2.229999999999997,1.0
2204907,Isaías Coelho,PI,0.050981113959369884,51.0,58.62,-7.619999999999997,1.0
4112108,Jandaia do Sul,PR,0.050863332051377386,78.0,91.0,-13.0,1.0
5213087,Minaçu,GO,0.050782245139907145,78.0,91.18,-13.180000000000007,1.0
3101805,Alpercata,MG,0.05077662510791203,62.0,68.82,-6.819999999999993,1.0
2312809,Senador Sá,CE,0.05068790093640929,80.0,100.0,-20.0,1.0
2905305,Cafarnaum,BA,0.05066074792178854,46.0,44.74,1.259999999999998,1.0
3130705,Indianópolis,MG,0.0506538576964507,61.0,63.25,-2.25,1.0
2910776,Feira da Mata,BA,0.05061551604645331,67.0,85.88,-18.879999999999995,1.0
5102504,Cáceres,MT,0.050577150801882076,63.0,70.84,-7.840000000000003,1.0
2922607,Nilo Peçanha,BA,0.05049963969916016,57.0,70.55,-13.549999999999997,1.0
2902203,Aramari,BA,0.050476599661746335,47.0,62.63,-15.630000000000003,1.0
2101707,Barreirinhas,MA,0.05046206378014928,65.0,82.19,-17.189999999999998,1.0
4120333,Prado Ferreira,PR,0.05040596584822454,78.0,89.26,-11.260000000000005,1.0
2508505,Livramento,PB,0.05036624185147687,61.0,84.73,-23.730000000000004,1.0
1200393,Porto Walter,AC,0.05031797476178124,55.0,73.31,-18.310000000000002,1.0
4118402,Paranavaí,PR,0.05028614393955355,80.0,86.9,-6.900000000000006,1.0
2708402,São José da Tapera,AL,0.05019359831686976,64.0,73.99,-9.989999999999995,1.0
4117222,Nova Santa Rosa,PR,0.05016869663642087,79.0,90.0,-11.0,1.0
5002308,Brasilândia,MS,0.05016373888992032,65.0,80.35,-15.349999999999994,1.0
3501806,Américo de Campos,SP,0.050139854193675504,70.0,90.0,-20.0,1.0
2922102,Mundo Novo,BA,0.05013245873522887,50.0,52.72,-2.719999999999999,1.0
2414456,Triunfo Potiguar,RN,0.05006417658912843,28.0,35.76,-7.759999999999998,1.0
3144656,Ninheira,MG,0.05005459787687738,64.0,79.29,-15.290000000000006,1.0
3171808,Virginópolis,MG,0.05001914402708596,61.0,75.98,-14.980000000000004,1.0
2927101,Rodelas,BA,0.04985756563391874,48.0,48.56,-0.5600000000000023,1.0
3130507,Ilicínea,MG,0.04980196889450439,62.0,70.97,-8.969999999999999,1.0
2107605,Palmeirândia,MA,0.04969018578051698,60.0,58.35,1.6499999999999986,1.0
3171501,Mathias Lobato,MG,0.04956689355395549,65.0,81.36,-16.36,1.0
1703073,Barra do Ouro,TO,0.049510349951731536,37.0,47.43,-10.43,1.0
2204600,Hugo Napoleão,PI,0.049488251636251035,80.0,93.33,-13.329999999999998,1.0
4121752,Reserva do Iguaçu,PR,0.049414768169249945,79.0,90.1,-11.099999999999994,1.0
3172103,Volta Grande,MG,0.04938246749526243,65.0,76.47,-11.469999999999999,1.0
3127503,Gonzaga,MG,0.049322800954306856,73.0,98.33,-25.33,1.0
3202454,Ibatiba,ES,0.049268588902156685,80.0,82.66,-2.6599999999999966,1.0
4110805,Iretama,PR,0.04922072367536934,80.0,85.78,-5.780000000000001,1.0
2906105,Canápolis,BA,0.04921872694858842,57.0,83.03,-26.03,1.0
5107859,São Félix do Araguaia,MT,0.04912485746996775,56.0,54.83,1.1700000000000017,1.0
2514909,São Mamede,PB,0.049058134301974476,58.0,65.38,-7.3799999999999955,1.0
3169604,Tupaciguara,MG,0.049042488784471705,58.0,59.16,-1.1599999999999966,1.0
2912103,Ibicaraí,BA,0.04899503116145887,53.0,59.08,-6.079999999999998,1.0
4120804,Quatro Barras,PR,0.04898920044245414,73.0,81.77,-8.769999999999996,1.0
1502772,Curionópolis,PA,0.048939196637622695,65.0,79.23,-14.230000000000004,1.0
2105500,João Lisboa,MA,0.048846933086265865,56.0,64.03,-8.030000000000001,1.0
3152105,Ponte Nova,MG,0.048832118337879815,66.0,74.0,-8.0,1.0
3134905,Jacutinga,MG,0.048766407641646525,69.0,82.52,-13.519999999999996,1.0
2912509,Ibipitanga,BA,0.04876379071073367,61.0,72.05,-11.049999999999997,1.0
2203255,Curralinhos,PI,0.04875930462208433,54.0,74.58,-20.58,1.0
4103453,Cafelândia,PR,0.04860271537638117,80.0,82.68,-2.680000000000007,1.0
5205521,Colinas do Sul,GO,0.0485755184977108,71.0,78.69,-7.689999999999998,1.0
3163508,São José do Jacuri,MG,0.048496522516786156,67.0,82.21,-15.209999999999994,1.0
5215306,Orizona,GO,0.0484661325031881,80.0,89.4,-9.400000000000006,1.0
2511608,Pilões,PB,0.048412680855116075,60.0,79.22,-19.22,1.0
2608255,Jucati,PE,0.04833540143536652,61.0,69.4,-8.400000000000006,1.0
3102605,Andradas,MG,0.04828596777611205,68.0,79.13,-11.129999999999995,1.0
4123006,Salto do Lontra,PR,0.048248740688552005,80.0,90.49,-10.489999999999995,1.0
5207808,Firminópolis,GO,0.048245222739634164,78.0,94.12,-16.120000000000005,1.0
2908101,Cocos,BA,0.04824166772698135,64.0,74.83,-10.829999999999998,1.0
4117255,Nova Prata do Iguaçu,PR,0.04822342337656682,80.0,92.61,-12.61,1.0
4110409,Indianópolis,PR,0.048209147200349745,80.0,97.78,-17.78,1.0
2920601,Maragogipe,BA,0.04816401890140698,63.0,74.72,-11.719999999999999,1.0
2930774,Sobradinho,BA,0.04806962188233688,50.0,46.84,3.1599999999999966,1.0
2602209,Bom Jardim,PE,0.04798867634944903,70.0,94.13,-24.129999999999995,1.0
5201207,Anhanguera,GO,0.0478199570204495,80.0,85.71,-5.709999999999994,1.0
3135209,Januária,MG,0.04770920696599501,45.0,51.15,-6.149999999999999,1.0
5106653,Pontal do Araguaia,MT,0.04767423814789973,74.0,83.33,-9.329999999999998,1.0
3119906,Córrego do Bom Jesus,MG,0.04765250834370127,77.0,86.96,-9.959999999999994,1.0
2102150,Brejo de Areia,MA,0.04761055393770408,55.0,72.24,-17.239999999999995,1.0
4111704,Jaboti,PR,0.0475279180516035,80.0,91.43,-11.430000000000007,1.0
2111607,São Raimundo das Mangabeiras,MA,0.0473619922870161,75.0,92.31,-17.310000000000002,1.0
5210562,Itaguari,GO,0.04732441272521326,80.0,93.1,-13.099999999999994,1.0
1100262,Rio Crespo,RO,0.04731945496357348,,67.88,,
2505105,Cuité,PB,0.04731859685800066,65.0,87.31,-22.310000000000002,1.0
2612406,Sanharó,PE,0.0473169122643714,60.0,69.7,-9.700000000000003,1.0
4109005,Guapirama,PR,0.047287467908226244,80.0,96.85,-16.849999999999994,1.0
3146255,Padre Carvalho,MG,0.0472808145813447,63.0,83.05,-20.049999999999997,1.0
5211503,Itumbiara,GO,0.047098785327084,75.0,80.69,-5.689999999999998,1.0
3133758,Itaú de Minas,MG,0.04707631802108747,77.0,88.88,-11.879999999999995,1.0
4113502,Loanda,PR,0.0470012160397304,76.0,89.2,-13.200000000000003,1.0
3114550,Carneirinho,MG,0.04696906441888993,66.0,78.06,-12.060000000000002,1.0
2207405,Palmeira do Piauí,PI,0.04692551548254398,75.0,100.0,-25.0,1.0
5209705,Hidrolândia,GO,0.046913470617594544,74.0,80.39,-6.390000000000001,1.0
5204805,Campo Alegre de Goiás,GO,0.04686082442002715,80.0,83.95,-3.950000000000003,1.0
3201902,Domingos Martins,ES,0.04682991199935305,80.0,85.66,-5.659999999999997,1.0
2911808,Guaratinga,BA,0.04682209117863101,47.0,49.51,-2.509999999999998,1.0
2900405,Água Fria,BA,0.046790554103481874,46.0,44.74,1.259999999999998,1.0
2101350,Bacurituba,MA,0.04678251064088279,80.0,90.91,-10.909999999999997,1.0
2900355,Adustina,BA,0.04672642186449005,62.0,78.14,-16.14,1.0
3115904,Chácara,MG,0.04668184568395417,52.0,54.86,-2.8599999999999994,1.0
3202009,Dores do Rio Preto,ES,0.046615547915836,80.0,82.23,-2.230000000000004,1.0
2931905,Tucano,BA,0.046571018412563836,52.0,60.77,-8.770000000000003,1.0
2207355,Pajeú do Piauí,PI,0.046560698479710005,73.0,88.89,-15.89,1.0
2915353,Itaguaçu da Bahia,BA,0.04649320650606992,46.0,54.42,-8.420000000000002,1.0
3522802,Itaporanga,SP,0.04643115772726969,57.0,74.71,-17.709999999999994,1.0
2301257,Ararendá,CE,0.046381849496454186,80.0,100.0,-20.0,1.0
2705903,Olho d'Água Grande,AL,0.0463642725201211,80.0,87.89,-7.890000000000001,1.0
2912608,Ibiquera,BA,0.0463465503216649,45.0,50.1,-5.100000000000001,1.0
4106605,Cruzeiro do Oeste,PR,0.04634583077966847,77.0,84.06,-7.060000000000002,1.0
1718840,Sandolândia,TO,0.046323708224293325,62.0,94.12,-32.120000000000005,1.0
3129509,Ibiá,MG,0.04628259666835244,66.0,70.04,-4.040000000000006,1.0
5002001,Batayporã,MS,0.04625724991667157,62.0,78.25,-16.25,1.0
4120408,Presidente Castelo Branco,PR,0.0462355215127368,78.0,92.65,-14.650000000000006,1.0
3109907,Caetanópolis,MG,0.04618222783380965,67.0,83.13,-16.129999999999995,1.0
2705804,Olho d'Água do Casado,AL,0.04616709049309542,56.0,50.87,5.130000000000003,1.0
3127370,Goiabeira,MG,0.0461206294393568,73.0,82.13,-9.129999999999995,1.0
2304905,Groaíras,CE,0.046075717741489663,80.0,100.0,-20.0,1.0
2203701,Esperantina,PI,0.04605259217519331,68.0,85.16,-17.159999999999997,1.0
5221809,Urutaí,GO,0.04602623910565562,79.0,80.38,-1.3799999999999955,1.0
4108700,Grandes Rios,PR,0.04594868451750245,72.0,89.01,-17.010000000000005,1.0
4107736,Fernandes Pinheiro,PR,0.045926922385238544,80.0,93.25,-13.25,1.0
3115474,Catuti,MG,0.04588099512573185,70.0,83.33,-13.329999999999998,1.0
3128105,Guapé,MG,0.04586252982064809,69.0,77.54,-8.540000000000006,1.0
2913457,Igrapiúna,BA,0.04585525096047771,53.0,65.57,-12.569999999999993,1.0
4102109,Astorga,PR,0.045721260678790676,80.0,90.7,-10.700000000000003,1.0
3534500,Oscar Bressane,SP,0.045704243098042,74.0,92.0,-18.0,1.0
2700102,Água Branca,AL,0.045699525666184626,63.0,67.84,-4.840000000000003,1.0
2505006,Cubati,PB,0.04566379800404052,76.0,83.65,-7.650000000000006,1.0
4122503,Roncador,PR,0.045647045082815585,80.0,97.55,-17.549999999999997,1.0
3126109,Formiga,MG,0.045607096915140755,73.0,84.33,-11.329999999999998,1.0
2901155,América Dourada,BA,0.0455841018416997,54.0,53.12,0.8800000000000026,1.0
2907558,Caturama,BA,0.0454918651398013,63.0,76.38,-13.379999999999995,1.0
1100320,São Miguel do Guaporé,RO,0.04548700808913475,73.0,85.43,-12.430000000000007,1.0
2901809,Antônio Gonçalves,BA,0.04532611334639591,54.0,76.91,-22.909999999999997,1.0
2922805,Nova Itarana,BA,0.045267097775926635,55.0,75.09,-20.090000000000003,1.0
4128005,Ubiratã,PR,0.045190445123298284,80.0,86.82,-6.819999999999993,1.0
4111407,Ivaí,PR,0.045134900881338424,80.0,91.25,-11.25,1.0
5213103,Mineiros,GO,0.045097195787516475,80.0,87.0,-7.0,1.0
2405702,Jardim do Seridó,RN,0.04508970986677119,50.0,64.57,-14.569999999999993,1.0
3145059,Nova Porteirinha,MG,0.04507191761356033,60.0,83.01,-23.010000000000005,1.0
2614402,Solidão,PE,0.04504791397806163,77.0,93.42,-16.42,1.0
1713700,Monte Santo do Tocantins,TO,0.04503009057360263,52.0,67.62,-15.620000000000005,1.0
2703304,Inhapi,AL,0.04501358224825813,72.0,74.43,-2.430000000000007,1.0
3201506,Colatina,ES,0.04500640793192834,77.0,86.44,-9.439999999999998,1.0
3205036,Vargem Alta,ES,0.04499942631051834,75.0,82.42,-7.420000000000002,1.0
2211357,Várzea Branca,PI,0.044953881547901364,50.0,65.77,-15.769999999999996,1.0
2918456,Jucuruçu,BA,0.044905297146810796,68.0,73.31,-5.310000000000002,1.0
1101559,Teixeirópolis,RO,0.04482934824180829,76.0,88.17,-12.170000000000002,1.0
2929370,São José do Jacuípe,BA,0.044816380758874175,48.0,53.25,-5.25,1.0
3102308,Alvinópolis,MG,0.0447850891635897,64.0,78.89,-14.89,1.0
3135506,Jequeri,MG,0.044753088178794864,68.0,88.71,-20.709999999999994,1.0
1100304,Vilhena,RO,0.04472798102131337,72.0,78.47,-6.469999999999999,1.0
5211909,Jataí,GO,0.04467663915514186,72.0,76.65,-4.650000000000006,1.0
2508901,Mamanguape,PB,0.044533307040894976,62.0,80.61,-18.61,1.0
2926004,Remanso,BA,0.04445573860232366,49.0,55.94,-6.939999999999998,1.0
5205513,Cocalzinho de Goiás,GO,0.04440207578018518,80.0,90.96,-10.959999999999994,1.0
2201408,Barro Duro,PI,0.044388214299525,58.0,74.48,-16.480000000000004,1.0
2920007,Maiquinique,BA,0.044377579720534244,53.0,57.32,-4.32,1.0
4101903,Assaí,PR,0.04433718090027361,80.0,91.58,-11.579999999999998,1.0
4126603,Siqueira Campos,PR,0.04430423846768117,80.0,88.39,-8.39,1.0
4127965,Turvo,PR,0.044261757993785844,80.0,91.76,-11.760000000000005,1.0
3159407,Santa Rita de Ibitipoca,MG,0.0442424151002383,72.0,88.1,-16.099999999999994,1.0
2605707,Floresta,PE,0.04415707852330775,55.0,74.5,-19.5,1.0
4102000,Assis Chateaubriand,PR,0.04414445669083822,80.0,86.35,-6.349999999999994,1.0
1100114,Jaru,RO,0.04403787830885797,71.0,87.39,-16.39,1.0
1200179,Capixaba,AC,0.044034222013854984,51.0,44.66,6.340000000000003,1.0
3149002,Pedra Dourada,MG,0.044027044465524856,66.0,66.23,-0.23000000000000398,1.0
3154200,Resende Costa,MG,0.0439039075941029,68.0,80.34,-12.340000000000003,1.0
3130556,Imbé de Minas,MG,0.04386904892946408,72.0,98.17,-26.17,1.0
3116407,Claraval,MG,0.04384503637470438,77.0,97.95,-20.950000000000003,1.0
2930907,Tabocas do Brejo Velho,BA,0.04382611430411021,57.0,59.51,-2.509999999999998,1.0
3110905,Campanha,MG,0.043667006184585855,60.0,69.49,-9.489999999999995,1.0
3107406,Bom Despacho,MG,0.04366264005550646,61.0,65.96,-4.959999999999994,1.0
3124708,Estrela do Indaiá,MG,0.04362402810775168,80.0,83.22,-3.219999999999999,1.0
1600402,Mazagão,AP,0.04355755528138716,52.0,66.16,-14.159999999999997,1.0
5201702,Aragarças,GO,0.043529241376487504,71.0,72.55,-1.5499999999999972,1.0
2209708,São Francisco do Piauí,PI,0.043502278289543894,69.0,84.64,-15.64,1.0
5208806,Goianira,GO,0.04340610986363991,74.0,89.67,-15.670000000000002,1.0
4102406,Bandeirantes,PR,0.043402935422380384,77.0,86.63,-9.629999999999995,1.0
3119005,Cordislândia,MG,0.04332335306572421,63.0,62.09,0.9099999999999966,1.0
3101409,Albertina,MG,0.04331349552123409,74.0,77.98,-3.980000000000004,1.0
2929602,Sapeaçu,BA,0.043261742002941195,68.0,81.97,-13.969999999999999,1.0
3134301,Itumirim,MG,0.04318301732026075,69.0,76.32,-7.319999999999993,1.0
5207402,Edéia,GO,0.04308323909377054,80.0,90.53,-10.530000000000001,1.0
3202207,Fundão,ES,0.04308042323341088,70.0,72.63,-2.6299999999999955,1.0
5203302,Bela Vista de Goiás,GO,0.04307457535348491,70.0,79.66,-9.659999999999997,1.0
3156452,Rosário da Limeira,MG,0.042926709203309765,67.0,76.6,-9.599999999999994,1.0
4126272,Saudade do Iguaçu,PR,0.042902985059279364,80.0,88.41,-8.409999999999997,1.0
5219738,Santo Antônio de Goiás,GO,0.04288145552661948,80.0,98.1,-18.099999999999994,1.0
3147956,Patis,MG,0.04285436677647969,78.0,96.43,-18.430000000000007,1.0
3508900,Caiabu,SP,0.04280664503744347,61.0,80.01,-19.010000000000005,1.0
5204904,Campos Belos,GO,0.04275327836999521,72.0,83.32,-11.319999999999993,1.0
5004809,Japorã,MS,0.04265680012943651,38.0,33.01,4.990000000000002,1.0
2516805,Triunfo,PB,0.04264009108742817,64.0,92.03,-28.03,1.0
2209450,Santo Antônio dos Milagres,PI,0.04262515138830458,80.0,100.0,-20.0,1.0
4121703,Reserva,PR,0.042601890826586275,76.0,86.4,-10.400000000000006,1.0
4113106,Kaloré,PR,0.04256056675046371,80.0,80.68,-0.6800000000000068,1.0
4121901,Ribeirão do Pinhal,PR,0.042530506725248385,80.0,88.34,-8.340000000000003,1.0
2708204,São Brás,AL,0.04251923323283535,73.0,77.25,-4.25,1.0
2905503,Caldeirão Grande,BA,0.042388772590145285,46.0,45.92,0.0799999999999983,1.0
3146750,Palmópolis,MG,0.04234710278153242,58.0,73.22,-15.219999999999999,1.0
3168309,Taquaraçu de Minas,MG,0.04229022854557185,73.0,81.84,-8.840000000000003,1.0
2922052,Mulungu do Morro,BA,0.042251232993003485,47.0,54.0,-7.0,1.0
5106232,Nova Olímpia,MT,0.04223840254849276,65.0,76.35,-11.349999999999994,1.0
1714203,Natividade,TO,0.042200279122315054,52.0,74.92,-22.92,1.0
1600600,Santana,AP,0.04210917265366121,60.0,74.95,-14.950000000000003,1.0
2207959,Nova Santa Rita,PI,0.0419860541870849,63.0,78.68,-15.680000000000007,1.0
2103257,Cidelândia,MA,0.04198066958227331,73.0,87.47,-14.469999999999999,1.0
1200104,Brasiléia,AC,0.04194844879863302,59.0,71.27,-12.269999999999996,1.0
2208858,Riacho Frio,PI,0.04193955588446108,80.0,100.0,-20.0,1.0
3513850,Dirce Reis,SP,0.0419209047470539,63.0,63.64,-0.6400000000000006,1.0
2607703,Itapetim,PE,0.04187655927475742,72.0,92.8,-20.799999999999997,1.0
1718907,Santa Rosa do Tocantins,TO,0.04177630021421597,46.0,56.87,-10.869999999999997,1.0
4123956,Santa Mônica,PR,0.04170854849854855,79.0,85.91,-6.909999999999997,1.0
1700707,Alvorada,TO,0.04168091298656651,63.0,83.24,-20.239999999999995,1.0
5206305,Cristianópolis,GO,0.04163369188809407,80.0,84.16,-4.159999999999997,1.0
2208650,Queimada Nova,PI,0.041578323024147656,70.0,92.31,-22.310000000000002,1.0
3165701,Senador Firmino,MG,0.04156969376072572,73.0,90.01,-17.010000000000005,1.0
4113007,Jussara,PR,0.04149643416655413,76.0,88.65,-12.650000000000006,1.0
4112207,Janiópolis,PR,0.041485460234702454,80.0,93.14,-13.14,1.0
2510808,Patos,PB,0.0413808209770028,61.0,84.46,-23.459999999999994,1.0
1717503,Pium,TO,0.041357636995209,47.0,53.89,-6.890000000000001,1.0
2104404,Gonçalves Dias,MA,0.04132077053207761,62.0,82.42,-20.42,1.0
5106158,Nova Bandeirantes,MT,0.04127980580115065,76.0,88.65,-12.650000000000006,1.0
3162104,São Gotardo,MG,0.0411719059578225,66.0,80.9,-14.900000000000006,1.0
2930808,Souto Soares,BA,0.04111101201258671,50.0,62.78,-12.780000000000001,1.0
5203500,Bom Jesus de Goiás,GO,0.041102212715880215,78.0,87.36,-9.36,1.0
2707404,Porto de Pedras,AL,0.04108151598435261,53.0,52.62,0.38000000000000256,1.0
2200277,Alegrete do Piauí,PI,0.04106066529933372,66.0,87.29,-21.290000000000006,1.0
1703701,Brejinho de Nazaré,TO,0.04104846671834883,58.0,82.22,-24.22,1.0
2703106,Igaci,AL,0.040990073900160406,53.0,59.83,-6.829999999999998,1.0
1707108,Divinópolis do Tocantins,TO,0.040954820408605874,58.0,75.24,-17.239999999999995,1.0
1701051,Angico,TO,0.040921825404998446,59.0,75.0,-16.0,1.0
4102604,Barracão,PR,0.04088302636345431,76.0,86.61,-10.61,1.0
5205802,Corumbá de Goiás,GO,0.040859647791896436,76.0,87.42,-11.420000000000002,1.0
4315057,Porto Mauá,RS,0.04082953905758824,60.0,63.64,-3.6400000000000006,1.0
4120507,Primeiro de Maio,PR,0.04081223512543153,65.0,61.47,3.530000000000001,1.0
2904902,Cachoeira,BA,0.04079002945350663,,49.31,,
2112308,Tuntum,MA,0.040748093710836764,58.0,63.49,-5.490000000000002,1.0
5003256,Costa Rica,MS,0.04074264905867164,58.0,76.55,-18.549999999999997,1.0
3171402,Vieiras,MG,0.040694718481914416,65.0,76.2,-11.200000000000003,1.0
2203230,Currais,PI,0.04068795363061439,80.0,93.63,-13.629999999999995,1.0
3133006,Itamonte,MG,0.04064762664552635,68.0,83.34,-15.340000000000003,1.0
3109709,Cachoeira de Minas,MG,0.04060170645543204,70.0,84.67,-14.670000000000002,1.0
2101970,Boa Vista do Gurupi,MA,0.0404812195622305,70.0,89.9,-19.900000000000006,1.0
4115903,Mirador,PR,0.040217037353345364,75.0,89.83,-14.829999999999998,1.0
3152402,Poté,MG,0.040175099954042226,60.0,59.53,0.46999999999999886,1.0
3109808,Cachoeira Dourada,MG,0.040169706523769944,80.0,90.0,-10.0,1.0
3155405,Rio Novo,MG,0.040168839103433496,58.0,63.37,-5.369999999999997,1.0
2702900,Girau do Ponciano,AL,0.04013517630355412,56.0,55.81,0.18999999999999773,1.0
4114351,Manfrinópolis,PR,0.040121980564594484,80.0,92.31,-12.310000000000002,1.0
4115804,Medianeira,PR,0.040118596599866274,80.0,90.37,-10.370000000000005,1.0
2101772,Bela Vista do Maranhão,MA,0.039974725699150615,65.0,75.03,-10.030000000000001,1.0
2922854,Nova Redenção,BA,0.039896541287638976,,56.51,,
2910750,Fátima,BA,0.03986184169124185,60.0,64.28,-4.280000000000001,1.0
4125704,São Miguel do Iguaçu,PR,0.039851002599007423,76.0,83.09,-7.090000000000003,1.0
2907004,Cardeal da Silva,BA,0.03984836500769673,50.0,68.9,-18.900000000000006,1.0
5211800,Jaraguá,GO,0.03980787783602302,80.0,95.59,-15.590000000000003,1.0
2109007,Porto Franco,MA,0.03980084786404203,69.0,85.33,-16.33,1.0
2304269,Deputado Irapuan Pinheiro,CE,0.039743621414890073,80.0,95.06,-15.060000000000002,1.0
2516102,Soledade,PB,0.03972023264485702,55.0,73.58,-18.58,1.0
2933000,Valente,BA,0.039699488554660434,54.0,68.27,-14.269999999999996,1.0
3149606,Pequi,MG,0.03968756141143848,72.0,91.4,-19.400000000000006,1.0
2206506,Monsenhor Hipólito,PI,0.03967491050816285,80.0,89.83,-9.829999999999998,1.0
4113601,Lobato,PR,0.03964917075878205,70.0,87.12,-17.120000000000005,1.0
2210706,Simões,PI,0.03963705938445028,74.0,90.54,-16.540000000000006,1.0
2514107,São João do Tigre,PB,0.039503073002293165,57.0,82.29,-25.290000000000006,1.0
3139003,Machado,MG,0.039493572025908086,70.0,80.71,-10.709999999999994,1.0
4108551,Godoy Moreira,PR,0.03935427723682139,80.0,88.74,-8.739999999999995,1.0
3503000,Aramina,SP,0.039237152223087324,61.0,78.16,-17.159999999999997,1.0
4107546,Espigão Alto do Iguaçu,PR,0.039224652324689746,76.0,76.95,-0.9500000000000028,1.0
2204006,Francinópolis,PI,0.03912560463908121,79.0,100.0,-21.0,1.0
3200805,Baixo Guandu,ES,0.039082722828179706,74.0,74.5,-0.5,1.0
3170651,Vargem Grande do Rio Pardo,MG,0.03905156905934626,70.0,78.86,-8.86,1.0
2914307,Iramaia,BA,0.03904365973249624,51.0,42.72,8.280000000000001,1.0
4123501,Santa Helena,PR,0.03901703122905531,80.0,85.67,-5.670000000000002,1.0
5218052,Porteirão,GO,0.038976278342187864,80.0,95.4,-15.400000000000006,1.0
4121000,Querência do Norte,PR,0.0388838495926046,62.0,66.62,-4.6200000000000045,1.0
3555307,Turmalina,SP,0.0385391729093274,62.0,64.71,-2.7099999999999937,1.0
2928901,São Desidério,BA,0.03851112745371266,62.0,73.25,-11.25,1.0
2901957,Apuarema,BA,0.038499270149746745,57.0,62.45,-5.450000000000003,1.0
4106803,Cruz Machado,PR,0.03843886440653321,80.0,95.51,-15.510000000000005,1.0
3144375,Natalândia,MG,0.03841312265241048,64.0,74.69,-10.689999999999998,1.0
1716653,Pequizeiro,TO,0.03837650870024811,56.0,68.11,-12.11,1.0
2921302,Milagres,BA,0.03833356505325125,55.0,66.03,-11.030000000000001,1.0
2506905,Itabaiana,PB,0.03831934732163511,49.0,47.73,1.2700000000000031,1.0
3159605,Santa Rita do Sapucaí,MG,0.038287738461893595,64.0,77.75,-13.75,1.0
4103958,Campina do Simão,PR,0.038183412451884835,80.0,91.95,-11.950000000000003,1.0
1722107,Xambioá,TO,0.0381418113816252,47.0,61.39,-14.39,1.0
2104008,Esperantinópolis,MA,0.03812839052006778,69.0,86.81,-17.810000000000002,1.0
3200169,Água Doce do Norte,ES,0.038085151917102156,79.0,88.62,-9.620000000000005,1.0
5206503,Cromínia,GO,0.038064985217931224,67.0,63.17,3.8299999999999983,0.0
4124202,Santo Antônio do Caiuá,PR,0.038060229477601126,80.0,84.92,-4.920000000000002,1.0
2920700,Maraú,BA,0.03801971369808532,48.0,47.08,0.9200000000000017,1.0
2403400,Equador,RN,0.038019431582955066,46.0,55.29,-9.29,1.0
2917706,Jaguarari,BA,0.03796127096790469,53.0,59.94,-6.939999999999998,1.0
5203906,Buriti Alegre,GO,0.037936032603127834,74.0,90.21,-16.209999999999994,1.0
1100379,Alto Alegre dos Parecis,RO,0.037930730683087166,74.0,87.9,-13.900000000000006,1.0
3203908,Nova Venécia,ES,0.03787228990496683,80.0,84.68,-4.680000000000007,1.0
2708006,Santana do Ipanema,AL,0.0376334802217243,56.0,58.3,-2.299999999999997,1.0
4106407,Cornélio Procópio,PR,0.03761699689171516,78.0,83.83,-5.829999999999998,1.0
3135902,Jesuânia,MG,0.037596641488169436,71.0,88.66,-17.659999999999997,1.0
2706307,Palmeira dos Índios,AL,0.03749404967567127,54.0,52.31,1.6899999999999977,1.0
4116901,Nova Esperança,PR,0.03743736746886106,77.0,90.21,-13.209999999999994,1.0
5216452,Perolândia,GO,0.03740299457344909,79.0,91.84,-12.840000000000003,1.0
2111573,São Pedro dos Crentes,MA,0.0373974326626052,59.0,56.89,2.1099999999999994,1.0
3108404,Botelhos,MG,0.03738297875189167,72.0,89.2,-17.200000000000003,1.0
3138682,Luislândia,MG,0.03737625248664822,64.0,68.75,-4.75,1.0
2923357,Ourolândia,BA,0.03735540603486476,47.0,52.24,-5.240000000000002,1.0
4110706,Irati,PR,0.03730984810233873,80.0,87.68,-7.680000000000007,1.0
3203403,Mimoso do Sul,ES,0.03729425580593371,74.0,85.07,-11.069999999999993,1.0
3536570,Paulistânia,SP,0.03727560321235779,58.0,70.83,-12.829999999999998,1.0
4111209,Itapejara d'Oeste,PR,0.03727043999980295,78.0,83.31,-5.310000000000002,1.0
2500908,Arara,PB,0.03718591438771057,56.0,80.85,-24.849999999999994,1.0
2201309,Barreiras do Piauí,PI,0.037148031289602756,58.0,75.06,-17.060000000000002,1.0
3105301,Bandeira do Sul,MG,0.03707109129054653,76.0,97.53,-21.53,1.0
5105580,Marcelândia,MT,0.0370118086483735,71.0,83.59,-12.590000000000003,1.0
4117107,Nova Londrina,PR,0.036982538807271426,79.0,94.19,-15.189999999999998,1.0
1712504,Marianópolis do Tocantins,TO,0.03696029598691397,49.0,67.06,-18.060000000000002,1.0
1718451,Pugmil,TO,0.036932592339664505,46.0,47.37,-1.3699999999999974,1.0
4215687,Santa Terezinha do Progresso,SC,0.03689451308103553,67.0,79.41,-12.409999999999997,1.0
2701704,Capela,AL,0.036868152652631214,60.0,63.75,-3.75,1.0
4123600,Santa Inês,PR,0.03685803046694969,80.0,78.95,1.0499999999999972,0.0
2920304,Malhada de Pedras,BA,0.03680268543872711,75.0,95.8,-20.799999999999997,1.0
3147501,Passabém,MG,0.03677390049324236,80.0,100.0,-20.0,1.0
2516201,Sousa,PB,0.03669401005622386,61.0,72.13,-11.129999999999995,1.0
2916203,Itapé,BA,0.036655431169407615,53.0,69.8,-16.799999999999997,1.0
5107602,Rondonópolis,MT,0.0366325615098293,66.0,76.49,-10.489999999999995,1.0
2702207,Coqueiro Seco,AL,0.03660700200985412,56.0,46.55,9.450000000000003,0.0
2210201,São José do Piauí,PI,0.03655202372877786,80.0,94.44,-14.439999999999998,1.0
1100049,Cacoal,RO,0.036472721038947054,71.0,84.77,-13.769999999999996,1.0
3203700,Muniz Freire,ES,0.03645734271927514,80.0,92.6,-12.599999999999994,1.0
2912400,Ibipeba,BA,0.03645644570513895,53.0,58.71,-5.710000000000001,1.0
2210391,São Miguel do Fidalgo,PI,0.03643561844262577,67.0,90.83,-23.83,1.0
2306207,Itaiçaba,CE,0.03642503228317151,80.0,97.05,-17.049999999999997,1.0
5206909,Davinópolis,GO,0.03642034515040227,80.0,80.77,-0.769999999999996,1.0
3146503,Pains,MG,0.036409188473930265,73.0,84.88,-11.879999999999995,1.0
2906204,Canarana,BA,0.03632770235356608,52.0,61.93,-9.93,1.0
4124053,Santa Terezinha de Itaipu,PR,0.03622296929541946,80.0,84.53,-4.530000000000001,1.0
4114807,Marialva,PR,0.036183723909778864,76.0,85.42,-9.420000000000002,1.0
3503703,Ariranha,SP,0.03617585517142874,71.0,89.0,-18.0,1.0
2512200,Prata,PB,0.03613652362093711,63.0,71.08,-8.079999999999998,1.0
2928208,Santana,BA,0.036117684936812666,53.0,58.32,-5.32,1.0
5210000,Inhumas,GO,0.036068970527401434,80.0,93.05,-13.049999999999997,1.0
2506301,Guarabira,PB,0.03602328654661613,57.0,75.44,-18.439999999999998,1.0
3149804,Perdizes,MG,0.035985852206127156,74.0,85.93,-11.930000000000007,1.0
3132008,Itacambira,MG,0.03592363211900962,79.0,100.0,-21.0,1.0
2513505,Santana de Mangueira,PB,0.035899405668447626,80.0,96.96,-16.959999999999994,1.0
2203206,Curimatá,PI,0.0358318959039744,74.0,98.61,-24.61,1.0
2901304,Andaraí,BA,0.035827953364168885,62.0,78.87,-16.870000000000005,1.0
1200708,Xapuri,AC,0.035823209499265096,58.0,69.89,-11.89,1.0
3147808,Passa Vinte,MG,0.035735940302925595,70.0,84.06,-14.060000000000002,1.0
5218391,Professor Jamil,GO,0.03573252812157346,80.0,94.0,-14.0,1.0
5102850,Castanheira,MT,0.03572242327189201,71.0,84.06,-13.060000000000002,1.0
3156908,Sacramento,MG,0.03567365521662258,72.0,87.19,-15.189999999999998,1.0
2100477,Alto Alegre do Pindaré,MA,0.03559349836228687,57.0,71.77,-14.769999999999996,1.0
3117876,Confins,MG,0.03558952776399216,66.0,76.23,-10.230000000000004,1.0
5202502,Aruanã,GO,0.03555242406728398,80.0,87.59,-7.590000000000003,1.0
2607950,Jaqueira,PE,0.03553456835284097,68.0,91.57,-23.569999999999993,1.0
3135704,Jequitibá,MG,0.03551461148721191,66.0,79.48,-13.480000000000004,1.0
3163904,São Pedro da União,MG,0.03551035489427423,78.0,88.21,-10.209999999999994,1.0
2504157,Casserengue,PB,0.035510339547077496,63.0,81.98,-18.980000000000004,1.0
2705002,Mata Grande,AL,0.035505755942655925,59.0,78.44,-19.439999999999998,1.0
3201100,Bom Jesus do Norte,ES,0.0354284129654302,73.0,79.87,-6.8700000000000045,1.0
3150158,Piedade de Caratinga,MG,0.03540804886037341,66.0,82.91,-16.909999999999997,1.0
3110301,Caldas,MG,0.035399359339559955,65.0,78.24,-13.239999999999995,1.0
5002605,Camapuã,MS,0.03539658344639829,54.0,65.15,-11.150000000000006,1.0
2932507,Una,BA,0.0353834449170225,58.0,66.3,-8.299999999999997,1.0
1100700,Campo Novo de Rondônia,RO,0.03534177386666926,69.0,81.15,-12.150000000000006,1.0
2112001,Tasso Fragoso,MA,0.03531655075128626,62.0,75.49,-13.489999999999995,1.0
2700607,Barra de São Miguel,AL,0.03529338546041083,54.0,61.28,-7.280000000000001,1.0
4125308,São Jorge do Ivaí,PR,0.03520900410150862,80.0,95.06,-15.060000000000002,1.0
5210406,Itaberaí,GO,0.03514759319052707,79.0,90.82,-11.819999999999993,1.0
4127304,Terra Rica,PR,0.03511846206857594,74.0,76.62,-2.6200000000000045,1.0
3164902,São Sebastião do Rio Verde,MG,0.03508252576772908,74.0,87.77,-13.769999999999996,1.0
4109104,Guaporema,PR,0.035047457198575716,80.0,90.63,-10.629999999999995,1.0
2707107,Piranhas,AL,0.035016376855743214,49.0,51.16,-2.1599999999999966,1.0
3156106,Ritápolis,MG,0.0349950333508634,72.0,92.76,-20.760000000000005,1.0
4120002,Porecatu,PR,0.03492858489401718,77.0,75.82,1.1800000000000068,1.0
2918308,Jitaúna,BA,0.0348008212472124,49.0,43.19,5.810000000000002,1.0
3202306,Guaçuí,ES,0.03479518987187358,77.0,82.76,-5.760000000000005,1.0
3112604,Capinópolis,MG,0.03479199416782364,65.0,65.12,-0.12000000000000455,1.0
1101005,Governador Jorge Teixeira,RO,0.03477889172708726,72.0,93.15,-21.150000000000006,1.0
4101101,Andirá,PR,0.03476923116398101,72.0,81.67,-9.670000000000002,1.0
4121208,Quitandinha,PR,0.03476274283029279,76.0,91.66,-15.659999999999997,1.0
4115739,Mato Rico,PR,0.03473798405776396,75.0,82.38,-7.3799999999999955,1.0
2507606,Juarez Távora,PB,0.034542065412156875,52.0,83.74,-31.739999999999995,1.0
3143401,Monte Sião,MG,0.03447926643541155,66.0,85.24,-19.239999999999995,1.0
3101003,Águas Vermelhas,MG,0.03441036822665189,61.0,75.48,-14.480000000000004,1.0
3123106,Dores de Guanhães,MG,0.034386075602347965,60.0,71.19,-11.189999999999998,1.0
2709152,Teotônio Vilela,AL,0.034369636865056896,66.0,72.41,-6.409999999999997,1.0
4124400,Santo Antônio do Sudoeste,PR,0.034292761682729545,80.0,87.66,-7.659999999999997,1.0
4115358,Maripá,PR,0.034274134909170306,80.0,83.65,-3.6500000000000057,1.0
5210109,Ipameri,GO,0.034251142908713894,72.0,76.94,-4.939999999999998,1.0
4103800,Cambira,PR,0.03419157976437004,80.0,89.25,-9.25,1.0
3127339,Gameleiras,MG,0.03417771481157772,60.0,82.72,-22.72,1.0
5107008,Poxoréu,MT,0.034147784184824004,63.0,68.22,-5.219999999999999,1.0
2706604,Paulo Jacinto,AL,0.03395340832875593,57.0,52.74,4.259999999999998,1.0
3204104,Pinheiros,ES,0.03394314824427136,78.0,81.65,-3.6500000000000057,1.0
2508554,Logradouro,PB,0.033860042725447737,80.0,97.15,-17.150000000000006,1.0
3137403,Lagoa Dourada,MG,0.03384812427854755,72.0,91.02,-19.019999999999996,1.0
2701100,Branquinha,AL,0.03384650147941315,78.0,90.59,-12.590000000000003,1.0
2204709,Inhuma,PI,0.033813576266522816,67.0,85.77,-18.769999999999996,1.0
3102001,Alterosa,MG,0.0337581576875271,70.0,88.43,-18.430000000000007,1.0
4122172,Rio Branco do Ivaí,PR,0.03373239806807793,74.0,85.3,-11.299999999999997,1.0
5104542,Itanhangá,MT,0.03370511398190146,80.0,82.62,-2.6200000000000045,1.0
4112801,Joaquim Távora,PR,0.03370199311584687,80.0,94.13,-14.129999999999995,1.0
3116605,Cláudio,MG,0.033689131363792035,70.0,87.01,-17.010000000000005,1.0
4213906,Presidente Castello Branco,SC,0.033678110337836076,63.0,89.29,-26.290000000000006,1.0
3161403,São Francisco do Glória,MG,0.033666935512718155,69.0,81.94,-12.939999999999998,1.0
2708501,São Luís do Quitunde,AL,0.03366009646613466,59.0,61.55,-2.549999999999997,1.0
3203056,Jaguaré,ES,0.03365674104747851,76.0,81.02,-5.019999999999996,1.0
3164209,São Romão,MG,0.03364579924126199,65.0,84.27,-19.269999999999996,1.0
2501153,Areia de Baraúnas,PB,0.03359546057970719,49.0,59.09,-10.090000000000003,1.0
3130655,Indaiabira,MG,0.03357795380604167,68.0,83.11,-15.11,1.0
2907806,Cícero Dantas,BA,0.0335693323459082,53.0,61.2,-8.200000000000003,1.0
3116100,Chapada do Norte,MG,0.03351587080174012,60.0,79.89,-19.89,1.0
2925600,Presidente Dutra,BA,0.03350833018304944,46.0,54.79,-8.79,1.0
3202553,Ibitirama,ES,0.03345271042742626,77.0,82.56,-5.560000000000002,1.0
4107504,Engenheiro Beltrão,PR,0.0333197052223998,80.0,92.25,-12.25,1.0
3205010,Sooretama,ES,0.03329225565569094,73.0,79.82,-6.819999999999993,1.0
2515930,Sertãozinho,PB,0.03326669457079079,65.0,66.75,-1.75,1.0
3107208,Bocaina de Minas,MG,0.03323681004530321,64.0,74.01,-10.010000000000005,1.0
4109203,Guaraci,PR,0.03319562331809911,76.0,88.79,-12.790000000000006,1.0
2706703,Penedo,AL,0.033194732841204,59.0,73.02,-14.019999999999996,1.0
4107850,Flor da Serra do Sul,PR,0.03308979685789326,80.0,84.02,-4.019999999999996,1.0
2926707,Rio de Contas,BA,0.033048544150845904,65.0,82.63,-17.629999999999995,1.0
3204005,Pancas,ES,0.033027214457334586,80.0,90.23,-10.230000000000004,1.0
3101300,Alagoa,MG,0.032947770049185476,73.0,90.32,-17.319999999999993,1.0
2708600,São Miguel dos Campos,AL,0.032912112376287106,64.0,75.05,-11.049999999999997,1.0
5107180,Ribeirão Cascalheira,MT,0.03288161418204172,71.0,83.98,-12.980000000000004,1.0
2916856,Itatim,BA,0.0328805888464907,65.0,93.86,-28.86,1.0
3162922,São Joaquim de Bicas,MG,0.03287721361839191,63.0,79.73,-16.730000000000004,1.0
2917409,Jacaraci,BA,0.032815671435122984,71.0,89.78,-18.78,1.0
3171709,Virgínia,MG,0.03275318804223082,69.0,85.46,-16.459999999999994,1.0
5108907,Nova Maringá,MT,0.03274515892255514,70.0,79.11,-9.11,1.0
3122702,Dom Silvério,MG,0.03272686590887797,73.0,76.37,-3.3700000000000045,1.0
4122701,Sabáudia,PR,0.032717635598159545,80.0,99.13,-19.129999999999995,1.0
2926202,Riachão das Neves,BA,0.0326681805597927,57.0,54.27,2.729999999999997,1.0
4100301,Agudos do Sul,PR,0.03262658902294979,78.0,90.22,-12.219999999999999,1.0
2923704,Paratinga,BA,0.03258340796700243,46.0,58.18,-12.18,1.0
2916609,Itapitanga,BA,0.032572724174201984,53.0,56.47,-3.469999999999999,1.0
5211701,Jandaia,GO,0.03257108463504865,78.0,87.88,-9.879999999999995,1.0
5108808,Nova Guarita,MT,0.03256724253899912,74.0,81.88,-7.8799999999999955,1.0
4113429,Lidianópolis,PR,0.0325538690658983,80.0,89.15,-9.150000000000006,1.0
4124509,Santo Inácio,PR,0.032548563566934585,80.0,96.08,-16.08,1.0
2704401,Major Isidoro,AL,0.03254788083236604,59.0,64.85,-5.849999999999994,1.0
4121406,Realeza,PR,0.0325332491849365,80.0,90.75,-10.75,1.0
2920809,Marcionílio Souza,BA,0.032493293377970134,46.0,59.49,-13.490000000000002,1.0
5104559,Itaúba,MT,0.03247861010536002,69.0,73.43,-4.430000000000007,1.0
5221601,Uruaçu,GO,0.032427038661202445,74.0,79.5,-5.5,1.0
5002951,Chapadão do Sul,MS,0.03231079698889816,61.0,72.14,-11.14,1.0
3204252,Ponto Belo,ES,0.032303250772421355,80.0,90.87,-10.870000000000005,1.0
2602704,Buenos Aires,PE,0.032265059669076446,71.0,93.67,-22.67,1.0
5104807,Jaciara,MT,0.03223868186754797,68.0,77.56,-9.560000000000002,1.0
3169109,Toledo,MG,0.03222043577886713,71.0,87.79,-16.790000000000006,1.0
5214838,Nova Crixás,GO,0.03218365056291361,72.0,89.86,-17.86,1.0
4113908,Mallet,PR,0.03216013023571085,80.0,91.8,-11.799999999999997,1.0
5106828,Porto Esperidião,MT,0.03214258632492106,61.0,75.09,-14.090000000000003,1.0
3149408,Pedro Teixeira,MG,0.032107555622833295,80.0,100.0,-20.0,1.0
4108908,Guairaçá,PR,0.03209847565015744,76.0,84.72,-8.719999999999999,1.0
5214002,Mozarlândia,GO,0.0320851672697694,65.0,70.56,-5.560000000000002,1.0
4120705,Quatiguá,PR,0.03198567793911811,80.0,95.15,-15.150000000000006,1.0
5205109,Catalão,GO,0.0319423702641477,72.0,79.19,-7.189999999999998,1.0
2200707,Anísio de Abreu,PI,0.03192709034238628,63.0,89.59,-26.590000000000003,1.0
1200252,Epitaciolândia,AC,0.031900174370845025,63.0,71.86,-8.86,1.0
3124005,Ervália,MG,0.031782631311770504,67.0,79.9,-12.900000000000006,1.0
5215702,Palmeiras de Goiás,GO,0.03172988551228051,74.0,77.06,-3.0600000000000023,1.0
3104452,Aricanduva,MG,0.03171929905756965,68.0,91.56,-23.560000000000002,1.0
4118600,Paula Freitas,PR,0.03163225870373343,79.0,90.02,-11.019999999999996,1.0
5221908,Varjão,GO,0.031624141607454415,80.0,83.33,-3.3299999999999983,1.0
4104501,Capanema,PR,0.03159076140800765,79.0,82.16,-3.1599999999999966,1.0
5103858,Gaúcha do Norte,MT,0.03150574638515269,62.0,73.95,-11.950000000000003,1.0
2211100,União,PI,0.0313645863024925,51.0,78.15,-27.150000000000006,1.0
2923308,Ouriçangas,BA,0.03131547529473144,57.0,66.14,-9.14,1.0
4116703,Nova Aurora,PR,0.031304347551910805,80.0,94.45,-14.450000000000003,1.0
2207207,Padre Marcos,PI,0.03128758473367699,80.0,96.67,-16.67,1.0
3200904,Barra de São Francisco,ES,0.03128705845524704,79.0,88.41,-9.409999999999997,1.0
1200385,Plácido de Castro,AC,0.03126136404002011,50.0,55.75,-5.75,1.0
3533205,Nova Independência,SP,0.031219865273093617,64.0,66.22,-2.219999999999999,1.0
2111078,São João do Soter,MA,0.031218512009043686,49.0,60.05,-11.049999999999997,1.0
3120706,Cruzeiro da Fortaleza,MG,0.031216128155172163,71.0,97.03,-26.03,1.0
5218805,Rio Verde,GO,0.03121546326934277,80.0,97.02,-17.019999999999996,1.0
2704005,Junqueiro,AL,0.031203187457697346,66.0,72.26,-6.260000000000005,1.0
3509106,Caiuá,SP,0.03114405014621513,67.0,90.48,-23.480000000000004,1.0
2707305,Porto Calvo,AL,0.031105396010799313,57.0,55.45,1.5499999999999972,1.0
5106315,Novo Santo Antônio,MT,0.03110109766133584,75.0,100.0,-25.0,1.0
5205471,Chapadão do Céu,GO,0.031046301533195098,80.0,90.08,-10.079999999999998,1.0
2702553,Estrela de Alagoas,AL,0.031011639074978947,56.0,60.29,-4.289999999999999,1.0
4117271,Nova Tebas,PR,0.03098287842989722,80.0,95.12,-15.120000000000005,1.0
5200159,Adelândia,GO,0.03096037929517148,80.0,81.82,-1.8199999999999932,1.0
2708907,Satuba,AL,0.030917646621908546,61.0,74.27,-13.269999999999996,1.0
2906857,Capela do Alto Alegre,BA,0.03089174007919715,57.0,64.8,-7.799999999999997,1.0
5200829,Amaralina,GO,0.03079581163976275,80.0,88.27,-8.269999999999996,1.0
1720309,São Sebastião do Tocantins,TO,0.030793770324076042,50.0,59.57,-9.57,1.0
5206701,Damianópolis,GO,0.030736304880718213,75.0,86.23,-11.230000000000004,1.0
4125803,São Pedro do Ivaí,PR,0.030726977294633362,80.0,91.61,-11.61,1.0
2408508,Ouro Branco,RN,0.030718760731531347,59.0,81.49,-22.489999999999995,1.0
5214408,Nazário,GO,0.030701480665818348,79.0,86.92,-7.920000000000002,1.0
1100031,Cabixi,RO,0.030682924660779265,74.0,86.89,-12.89,1.0
5203807,Britânia,GO,0.030656023744513594,80.0,88.37,-8.370000000000005,1.0
4124020,Santa Tereza do Oeste,PR,0.030587191311093553,76.0,84.13,-8.129999999999995,1.0
5222302,Vila Propício,GO,0.030587050325163623,77.0,87.57,-10.569999999999993,1.0
4119806,Planalto,PR,0.03057363594720708,80.0,92.88,-12.879999999999995,1.0
4106571,Cruzeiro do Iguaçu,PR,0.030491848988952075,80.0,83.65,-3.6500000000000057,1.0
2701407,Campo Alegre,AL,0.030478384972356998,72.0,84.08,-12.079999999999998,1.0
5220207,São Miguel do Araguaia,GO,0.030453045356852226,80.0,96.58,-16.58,1.0
4105607,Cidade Gaúcha,PR,0.03033203121878214,72.0,92.41,-20.409999999999997,1.0
4124905,São João do Caiuá,PR,0.030236648540471256,80.0,97.29,-17.290000000000006,1.0
5219407,Santa Rita do Araguaia,GO,0.030232503813740652,79.0,85.73,-6.730000000000004,1.0
2205276,Jatobá do Piauí,PI,0.030184139321345227,77.0,78.45,-1.4500000000000028,1.0
2707602,Quebrangulo,AL,0.030178902734048774,68.0,76.15,-8.150000000000006,1.0
5204607,Campestre de Goiás,GO,0.03014813730143251,80.0,87.23,-7.230000000000004,1.0
1500347,Água Azul do Norte,PA,0.02998884547673064,51.0,71.47,-20.47,1.0
5206404,Crixás,GO,0.029902662001669023,73.0,83.64,-10.64,1.0
2210052,São José do Divino,PI,0.0298808646844837,80.0,94.34,-14.340000000000003,1.0
1703842,Campos Lindos,TO,0.029791515833529125,41.0,60.1,-19.1,1.0
4100608,Alto Paraná,PR,0.02974759445081332,72.0,88.77,-16.769999999999996,1.0
3120508,Cristina,MG,0.029658963110435588,67.0,87.87,-20.870000000000005,1.0
5214606,Niquelândia,GO,0.029656097120196345,76.0,84.0,-8.0,1.0
1715705,Palmeirante,TO,0.029632621298990136,33.0,30.67,2.3299999999999983,1.0
2110658,São Domingos do Azeitão,MA,0.02963131488272508,47.0,70.36,-23.36,1.0
2501401,Baía da Traição,PB,0.02958093788852556,47.0,59.99,-12.990000000000002,1.0
3169505,Tumiritinga,MG,0.029530659445721752,62.0,80.69,-18.689999999999998,1.0
5204409,Caiapônia,GO,0.029505077106567357,78.0,82.96,-4.959999999999994,1.0
2920908,Mascote,BA,0.029402137057355615,47.0,46.98,0.020000000000003126,1.0
2702603,Feira Grande,AL,0.029351244649094776,56.0,57.23,-1.2299999999999969,1.0
3159100,Santana dos Montes,MG,0.029348749616086578,70.0,73.58,-3.5799999999999983,1.0
1101435,Nova União,RO,0.029309390881795183,70.0,87.71,-17.709999999999994,1.0
1702307,Arapoema,TO,0.02927900517140125,57.0,65.18,-8.180000000000007,1.0
2921054,Matina,BA,0.029276183655362553,60.0,74.67,-14.670000000000002,1.0
3144805,Nova Lima,MG,0.02925353592199309,68.0,77.82,-9.819999999999993,1.0
4112751,Jesuítas,PR,0.029250936731551547,80.0,90.83,-10.829999999999998,1.0
2927507,Santa Bárbara,BA,0.029241121275990767,46.0,51.41,-5.409999999999997,1.0
4120101,Porto Amazonas,PR,0.029233469638148324,75.0,91.17,-16.17,1.0
5221197,Terezópolis de Goiás,GO,0.02922966025310647,68.0,84.19,-16.189999999999998,1.0
3203601,Mucurici,ES,0.029187138158128345,80.0,86.5,-6.5,1.0
4125902,São Pedro do Paraná,PR,0.029075957870413394,76.0,90.11,-14.11,1.0
3204351,Rio Bananal,ES,0.029064036254685233,77.0,83.29,-6.290000000000006,1.0
2208205,Pio IX,PI,0.02904774669918786,56.0,54.26,1.740000000000002,1.0
3127206,Funilândia,MG,0.029014365292684974,65.0,93.69,-28.689999999999998,1.0
3108909,Brazópolis,MG,0.028997736675219876,65.0,83.09,-18.090000000000003,1.0
2512747,Riachão,PB,0.028950409429920998,66.0,83.29,-17.290000000000006,1.0
4118808,Peabiru,PR,0.028945161811090303,74.0,94.31,-20.310000000000002,1.0
2706406,Pão de Açúcar,AL,0.028943419808419746,63.0,69.84,-6.840000000000003,1.0
3510104,Cândido Rodrigues,SP,0.028938507018768655,74.0,84.06,-10.060000000000002,1.0
2930303,Serra Dourada,BA,0.02892314449975686,52.0,62.58,-10.579999999999998,1.0
2926400,Riacho de Santana,BA,0.028922364192668137,60.0,66.04,-6.040000000000006,1.0
4127403,Terra Roxa,PR,0.028894010532552472,74.0,83.07,-9.069999999999993,1.0
4112959,Juranda,PR,0.02888931946448403,69.0,73.4,-4.400000000000006,1.0
5107925,Sorriso,MT,0.02881097517617992,79.0,86.67,-7.670000000000002,1.0
2705200,Messias,AL,0.028685471334142343,53.0,52.21,0.7899999999999991,1.0
3201704,Conceição do Castelo,ES,0.02868020071646138,79.0,86.81,-7.810000000000002,1.0
2205532,Jurema,PI,0.028642056787995473,80.0,98.31,-18.310000000000002,1.0
3129202,Heliodora,MG,0.02863052453061843,64.0,83.61,-19.61,1.0
1600212,Cutias,AP,0.02861551710039445,63.0,85.39,-22.39,1.0
5222054,Vicentinópolis,GO,0.028590563369464417,79.0,86.98,-7.980000000000004,1.0
3203346,Marechal Floriano,ES,0.028526040019834165,79.0,79.75,-0.75,1.0
4107108,Diamante do Norte,PR,0.02852324006240592,76.0,87.02,-11.019999999999996,1.0
3106804,Bias Fortes,MG,0.028499639669796517,74.0,81.33,-7.329999999999998,1.0
1100064,Colorado do Oeste,RO,0.02849735051219149,71.0,78.27,-7.269999999999996,1.0
5220108,São Luís de Montes Belos,GO,0.02849341417784934,73.0,83.97,-10.969999999999999,1.0
2706901,Pilar,AL,0.028446459043174,58.0,72.64,-14.64,1.0
5212709,Mambaí,GO,0.028414452069856155,65.0,77.92,-12.920000000000002,1.0
3121100,Delfim Moreira,MG,0.02840623822923205,71.0,80.91,-9.909999999999997,1.0
1505601,Peixe-Boi,PA,0.02838915928590313,66.0,87.36,-21.36,1.0
3127057,Fronteira dos Vales,MG,0.02836691703814953,57.0,77.71,-20.709999999999994,1.0
3139250,Mamonas,MG,0.02828848791323546,59.0,62.19,-3.1899999999999977,1.0
3155306,Rio Manso,MG,0.02827492586916358,75.0,85.27,-10.269999999999996,1.0
3547007,Santa Maria da Serra,SP,0.02826453478452018,65.0,89.62,-24.620000000000005,1.0
3203130,João Neiva,ES,0.028258558680698487,76.0,79.65,-3.6500000000000057,1.0
5217104,Piracanjuba,GO,0.028242399058100665,74.0,84.22,-10.219999999999999,1.0
3156403,Romaria,MG,0.028224394659338126,68.0,87.26,-19.260000000000005,1.0
5221080,Teresina de Goiás,GO,0.02816489628810981,68.0,90.11,-22.11,1.0
3200508,Apiacá,ES,0.028133868877271317,69.0,71.49,-2.489999999999995,1.0
2916302,Itapebi,BA,0.028123151296197246,40.0,42.3,-2.299999999999997,1.0
3133600,Itapeva,MG,0.028073264884565186,65.0,75.55,-10.549999999999997,1.0
5210208,Iporá,GO,0.028053641716265565,79.0,90.13,-11.129999999999995,1.0
2204501,Guadalupe,PI,0.02803809297802673,64.0,68.63,-4.6299999999999955,1.0
4109658,Honório Serpa,PR,0.02799475430687648,68.0,72.05,-4.049999999999997,1.0
4103354,Braganey,PR,0.027975668080567062,80.0,82.86,-2.8599999999999994,1.0
5220405,São Simão,GO,0.02791841275795537,76.0,83.52,-7.519999999999996,1.0
2919157,Lapão,BA,0.02791346712191678,49.0,67.04,-18.040000000000006,1.0
5217401,Pires do Rio,GO,0.027906825708163052,73.0,76.73,-3.730000000000004,1.0
4116802,Nova Cantu,PR,0.027899810332973507,80.0,95.45,-15.450000000000003,1.0
2204808,Ipiranga do Piauí,PI,0.027899696831266918,80.0,100.0,-20.0,1.0
4114609,Marechal Cândido Rondon,PR,0.027855623369792637,77.0,82.9,-5.900000000000006,1.0
5006408,Pedro Gomes,MS,0.02785518109556806,55.0,70.28,-15.280000000000001,1.0
2704906,Mar Vermelho,AL,0.02784385461631489,69.0,79.49,-10.489999999999995,1.0
4120150,Porto Barreiro,PR,0.02779034518878054,80.0,87.37,-7.3700000000000045,1.0
2202133,Campo Grande do Piauí,PI,0.027691404384854512,80.0,96.88,-16.879999999999995,1.0
2106300,Magalhães de Almeida,MA,0.02769080987698691,65.0,76.09,-11.090000000000003,1.0
4125555,São Manoel do Paraná,PR,0.0276613741037276,80.0,84.62,-4.6200000000000045,1.0
2705309,Minador do Negrão,AL,0.02761386392796672,53.0,48.38,4.619999999999997,1.0
2922904,Nova Soure,BA,0.027579444583789803,47.0,55.7,-8.700000000000003,1.0
2104206,Fortuna,MA,0.027561252230717814,59.0,75.86,-16.86,1.0
2707503,Porto Real do Colégio,AL,0.027558713550924208,73.0,75.61,-2.6099999999999994,1.0
4125209,São Jorge d'Oeste,PR,0.027520305548484614,80.0,98.18,-18.180000000000007,1.0
3205069,Venda Nova do Imigrante,ES,0.027518031838405732,80.0,89.6,-9.599999999999994,1.0
3131000,Inhaúma,MG,0.02749160646904103,63.0,66.93,-3.930000000000007,1.0
4110300,Inajá,PR,0.027469696495725615,77.0,92.74,-15.739999999999995,1.0
2917359,Jaborandi,BA,0.027466367158968552,59.0,64.17,-5.170000000000002,1.0
3122454,Divisópolis,MG,0.027462026812376528,60.0,67.8,-7.799999999999997,1.0
5222005,Vianópolis,GO,0.027419094829217006,80.0,87.89,-7.890000000000001,1.0
5104906,Jangada,MT,0.02728661533229826,67.0,87.86,-20.86,1.0
5211602,Ivolândia,GO,0.027270830396482593,80.0,100.0,-20.0,1.0
4125753,São Pedro do Iguaçu,PR,0.027260398351935722,77.0,88.85,-11.849999999999994,1.0
1200401,Rio Branco,AC,0.027250765619611927,55.0,69.25,-14.25,1.0
3153509,Alto Jequitibá,MG,0.027216274657684503,65.0,80.92,-15.920000000000002,1.0
4107801,Floraí,PR,0.027196222886451626,79.0,82.84,-3.8400000000000034,1.0
2504355,Caturité,PB,0.027159122668542368,66.0,85.85,-19.849999999999994,1.0
5105101,Juara,MT,0.02713173641591138,66.0,79.87,-13.870000000000005,1.0
1101468,Pimenteiras do Oeste,RO,0.02707883810629219,67.0,79.58,-12.579999999999998,1.0
5107958,Tangará da Serra,MT,0.027026940532350774,64.0,76.99,-12.989999999999995,1.0
2702355,Craíbas,AL,0.02698720090983242,62.0,63.62,-1.6199999999999974,1.0
5214861,Nova Glória,GO,0.02697198189557648,80.0,98.25,-18.25,1.0
2910107,Dom Basílio,BA,0.026955215505144237,64.0,78.99,-14.989999999999995,1.0
2513802,Santa Teresinha,PB,0.026944611649350914,59.0,96.72,-37.72,1.0
3103801,Arapuá,MG,0.026938878798305366,80.0,96.77,-16.769999999999996,1.0
4101309,Antônio Olinto,PR,0.0269381029979342,80.0,91.17,-11.170000000000002,1.0
2901106,Amélia Rodrigues,BA,0.026908070172971144,57.0,66.4,-9.400000000000006,1.0
5204102,Cachoeira Alta,GO,0.02689879709836729,76.0,88.5,-12.5,1.0
2703601,Japaratinga,AL,0.026874359284272287,48.0,46.26,1.740000000000002,1.0
2510600,Ouro Velho,PB,0.02685353224504783,80.0,100.0,-20.0,1.0
5204250,Cachoeira Dourada,GO,0.02668840876115708,76.0,75.46,0.5400000000000063,1.0
2606705,Ibirajuba,PE,0.026595970432659155,59.0,76.48,-17.480000000000004,1.0
3170479,Uruana de Minas,MG,0.026583505277196773,67.0,86.35,-19.349999999999994,1.0
4210852,Mirim Doce,SC,0.02653063851592541,58.0,76.67,-18.67,1.0
3200706,Atílio Vivácqua,ES,0.02649980888727943,77.0,81.05,-4.049999999999997,1.0
2704500,Maragogi,AL,0.026474749212030746,54.0,51.73,2.270000000000003,1.0
4112900,Jundiaí do Sul,PR,0.026474624116770373,68.0,84.91,-16.909999999999997,1.0
5001508,Bandeirantes,MS,0.02645278696650777,50.0,62.99,-12.990000000000002,1.0
2709202,Traipu,AL,0.026406484845757028,54.0,57.76,-3.759999999999998,1.0
1100254,Presidente Médici,RO,0.026385775715305648,71.0,82.6,-11.599999999999994,1.0
3203353,Marilândia,ES,0.026376538137303007,79.0,94.37,-15.370000000000005,1.0
2204303,Fronteiras,PI,0.026368463994127955,80.0,100.0,-20.0,1.0
3156304,Rodeiro,MG,0.02634758221113953,62.0,83.48,-21.480000000000004,1.0
1715754,Palmeirópolis,TO,0.026344744445115587,63.0,96.93,-33.93000000000001,1.0
3132602,Itamarati de Minas,MG,0.026314971081123906,63.0,75.25,-12.25,1.0
4123808,Santa Izabel do Oeste,PR,0.02630630394658051,80.0,89.79,-9.790000000000006,1.0
5203203,Barro Alto,GO,0.026158727488616362,80.0,93.05,-13.049999999999997,1.0
2202000,Buriti dos Lopes,PI,0.026153742304174665,60.0,77.64,-17.64,1.0
2708808,São Sebastião,AL,0.026134363882877598,57.0,72.35,-15.349999999999994,1.0
3204658,São Domingos do Norte,ES,0.026106353429071305,80.0,94.48,-14.480000000000004,1.0
5100607,Alto Taquari,MT,0.026075327813875004,76.0,94.32,-18.319999999999993,1.0
3142106,Miradouro,MG,0.026037666968915296,63.0,88.88,-25.879999999999995,1.0
5108055,Terra Nova do Norte,MT,0.02588184263633342,69.0,80.45,-11.450000000000003,1.0
2916708,Itaquara,BA,0.025879923040863173,56.0,80.02,-24.019999999999996,1.0
2918605,Jussiape,BA,0.025840638132465732,54.0,70.72,-16.72,1.0
4122305,Rio Negro,PR,0.025819704011949107,80.0,89.84,-9.840000000000003,1.0
2804300,Muribeca,SE,0.025810825909620694,34.0,65.53,-31.53,1.0
3512704,Corumbataí,SP,0.02578987794614962,61.0,63.36,-2.3599999999999994,1.0
3120102,Couto de Magalhães de Minas,MG,0.02576666260496341,64.0,76.6,-12.599999999999994,1.0
2101905,Bequimão,MA,0.025738172556303507,55.0,69.33,-14.329999999999998,1.0
2400505,Alexandria,RN,0.02573808120718768,43.0,55.55,-12.549999999999997,1.0
3122470,Dom Bosco,MG,0.02566128642090426,67.0,69.72,-2.719999999999999,1.0
4116505,Nova Aliança do Ivaí,PR,0.025646029699029627,58.0,55.56,2.4399999999999977,1.0
4106704,Cruzeiro do Sul,PR,0.02563857428987648,75.0,75.49,-0.4899999999999949,1.0
5213707,Montes Claros de Goiás,GO,0.0256011902379657,73.0,83.99,-10.989999999999995,1.0
5205000,Carmo do Rio Verde,GO,0.02555168490437265,79.0,93.58,-14.579999999999998,1.0
2207850,Pavussu,PI,0.025501198231611566,73.0,81.28,-8.280000000000001,1.0
4111506,Ivaiporã,PR,0.02550069349420714,73.0,82.77,-9.769999999999996,1.0
3114600,Carrancas,MG,0.02545700183936417,75.0,89.31,-14.310000000000002,1.0
3165404,Sapucaí-Mirim,MG,0.025449580390253135,66.0,91.01,-25.010000000000005,1.0
4117214,Nova Santa Bárbara,PR,0.025419807679724626,80.0,96.31,-16.310000000000002,1.0
4108809,Guaíra,PR,0.025306717425438552,71.0,78.69,-7.689999999999998,1.0
2922706,Nova Canaã,BA,0.02529587572995251,52.0,49.53,2.469999999999999,1.0
5208152,Gameleira de Goiás,GO,0.025216703282659125,80.0,94.65,-14.650000000000006,1.0
4122909,Salto do Itararé,PR,0.025154824521805952,72.0,80.61,-8.61,1.0
4117008,Nova Fátima,PR,0.0251356028563674,80.0,100.0,-20.0,1.0
2904803,Caatiba,BA,0.02511082922592056,64.0,92.47,-28.47,1.0
3138807,Luz,MG,0.025076184549073344,67.0,75.85,-8.849999999999994,1.0
2704708,Marechal Deodoro,AL,0.025001578362087606,59.0,67.28,-8.280000000000001,1.0
3124807,Estrela do Sul,MG,0.024899036183044898,63.0,79.96,-16.959999999999994,1.0
4125001,São João do Ivaí,PR,0.024894622514837317,70.0,78.21,-8.209999999999994,1.0
2925253,Ponto Novo,BA,0.024883843493480273,48.0,58.88,-10.880000000000003,1.0
4108650,Goioxim,PR,0.02486768995142674,80.0,89.95,-9.950000000000003,1.0
1712454,Luzinópolis,TO,0.024858335671942622,49.0,64.09,-15.090000000000003,1.0
2206902,Novo Oriente do Piauí,PI,0.02485322986033678,74.0,92.11,-18.11,1.0
4104600,Capitão Leônidas Marques,PR,0.024803079542120465,76.0,86.69,-10.689999999999998,1.0
2207900,Pedro II,PI,0.02479583176772171,49.0,70.11,-21.11,1.0
4126900,Tapira,PR,0.02475242057483895,80.0,98.03,-18.03,1.0
3202900,Itarana,ES,0.024740184773485496,79.0,82.99,-3.989999999999995,1.0
4116950,Nova Esperança do Sudoeste,PR,0.02473566357093593,80.0,80.98,-0.980000000000004,1.0
4127809,Tomazina,PR,0.024718303966714483,80.0,91.41,-11.409999999999997,1.0
4111001,Itambaracá,PR,0.0246518945767078,80.0,89.07,-9.069999999999993,1.0
2501534,Baraúna,PB,0.024648705477395505,69.0,79.08,-10.079999999999998,1.0
2205409,Joaquim Pires,PI,0.02464670742340669,67.0,85.77,-18.769999999999996,1.0
2708956,Senador Rui Palmeira,AL,0.024640255970141745,65.0,75.2,-10.200000000000003,1.0
3154804,Rio Acima,MG,0.024614461240209606,59.0,79.49,-20.489999999999995,1.0
2210003,São João do Piauí,PI,0.02461270984804642,61.0,70.55,-9.549999999999997,1.0
2700706,Batalha,AL,0.024588481718856192,55.0,57.96,-2.960000000000001,1.0
5204706,Campinorte,GO,0.024577556497169195,77.0,92.65,-15.650000000000006,1.0
1101450,Parecis,RO,0.024551645603693606,70.0,82.45,-12.450000000000003,1.0
3152907,Pratápolis,MG,0.02452373749550918,71.0,81.98,-10.980000000000004,1.0
3200409,Anchieta,ES,0.024515323216592666,80.0,87.28,-7.280000000000001,1.0
2202455,Capitão Gervásio Oliveira,PI,0.024511511987172607,72.0,90.0,-18.0,1.0
2112407,Turiaçu,MA,0.024481724603788724,59.0,88.92,-29.92,1.0
2510006,Nazarezinho,PB,0.02446956962017388,57.0,70.04,-13.040000000000006,1.0
2702009,Coité do Nóia,AL,0.024404232994077346,77.0,96.71,-19.709999999999994,1.0
3204302,Presidente Kennedy,ES,0.024377688303953482,74.0,86.58,-12.579999999999998,1.0
2929701,Sátiro Dias,BA,0.024338288785488493,41.0,50.32,-9.32,1.0
4108320,Francisco Alves,PR,0.024289028386745404,74.0,80.06,-6.060000000000002,1.0
3143005,Monte Belo,MG,0.02426229042742145,65.0,77.9,-12.900000000000006,1.0
3170750,Varjão de Minas,MG,0.024217543020230603,68.0,77.77,-9.769999999999996,1.0
2400604,Almino Afonso,RN,0.02421020435925958,36.0,73.17,-37.17,1.0
2504850,Coxixola,PB,0.024194385336141933,77.0,91.67,-14.670000000000002,1.0
5219357,Santa Isabel,GO,0.024182169650610152,80.0,100.0,-20.0,1.0
4118709,Paulo Frontin,PR,0.024057083197984608,80.0,95.91,-15.909999999999997,1.0
2504108,Carrapateira,PB,0.024044820596622052,74.0,90.97,-16.97,1.0
3125200,Fama,MG,0.024034024900669304,76.0,100.0,-24.0,1.0
5005152,Juti,MS,0.023970112808858857,47.0,64.62,-17.620000000000005,1.0
5200902,Amorinópolis,GO,0.023961112823991715,75.0,85.0,-10.0,1.0
3106903,Bicas,MG,0.02390990119012526,62.0,83.13,-21.129999999999995,1.0
5006903,Porto Murtinho,MS,0.023869534245303248,53.0,64.86,-11.86,1.0
5107198,Ribeirãozinho,MT,0.02386521026350419,64.0,66.65,-2.6500000000000057,1.0
2929800,Saúde,BA,0.023774609619804266,40.0,51.5,-11.5,1.0
3171006,Vazante,MG,0.023767083542424516,61.0,68.22,-7.219999999999999,1.0
3171600,Virgem da Lapa,MG,0.02371152081323591,64.0,83.09,-19.090000000000003,1.0
5212956,Matrinchã,GO,0.023674278226298973,69.0,94.21,-25.209999999999994,1.0
4123402,Santa Fé,PR,0.02363258085828346,69.0,84.46,-15.459999999999994,1.0
2911204,Gandu,BA,0.023628942873000436,55.0,73.19,-18.189999999999998,1.0
3145802,Onça de Pitangui,MG,0.023612772065827237,59.0,72.73,-13.730000000000004,1.0
2413805,Taboleiro Grande,RN,0.02359363991997776,62.0,97.29,-35.290000000000006,1.0
1707306,Dueré,TO,0.023545663133714534,56.0,59.29,-3.289999999999999,1.0
5103056,Cláudia,MT,0.0235397683646571,69.0,80.36,-11.36,1.0
5221007,Taquaral de Goiás,GO,0.023516576106310194,74.0,97.48,-23.480000000000004,1.0
2929404,São Miguel das Matas,BA,0.02349263951998648,52.0,62.58,-10.579999999999998,1.0
4101002,Ampére,PR,0.02343891808558929,72.0,83.04,-11.040000000000006,1.0
4106555,Corumbataí do Sul,PR,0.023434016473896868,80.0,97.88,-17.879999999999995,1.0
5211206,Itapuranga,GO,0.02342836207264365,80.0,92.31,-12.310000000000002,1.0
2209872,São João da Fronteira,PI,0.023391433045981347,51.0,64.85,-13.849999999999994,1.0
3148905,Pedra do Indaiá,MG,0.023298159112975836,80.0,97.06,-17.060000000000002,1.0
5101803,Barra do Garças,MT,0.023280640993865176,70.0,79.79,-9.790000000000006,1.0
3131109,Inimutaba,MG,0.023271003897771148,59.0,63.6,-4.600000000000001,1.0
3556958,Vitória Brasil,SP,0.02318378584620251,73.0,100.0,-27.0,1.0
2202026,Buriti dos Montes,PI,0.02316464407987817,80.0,100.0,-20.0,1.0
2914505,Irará,BA,0.023131401838748733,55.0,57.27,-2.270000000000003,1.0
2920205,Malhada,BA,0.023096377594774342,49.0,70.04,-21.040000000000006,1.0
3158508,Santana de Pirapama,MG,0.02307733390771205,62.0,89.84,-27.840000000000003,1.0
5205901,Corumbaíba,GO,0.023014297688090823,75.0,81.36,-6.359999999999999,1.0
4117206,Nova Olímpia,PR,0.0229894150161305,80.0,100.0,-20.0,1.0
4115408,Marmeleiro,PR,0.022868821888734514,79.0,91.34,-12.340000000000003,1.0
2700409,Atalaia,AL,0.022817471313841597,54.0,56.36,-2.3599999999999994,1.0
3201001,Boa Esperança,ES,0.022814520029597052,78.0,86.03,-8.030000000000001,1.0
5216908,Pilar de Goiás,GO,0.022804713234891083,80.0,89.42,-9.420000000000002,1.0
2703700,Jaramataia,AL,0.022779345796827943,57.0,70.91,-13.909999999999997,1.0
5214051,Mundo Novo,GO,0.022775006626322813,80.0,91.21,-11.209999999999994,1.0
4100103,Abatiá,PR,0.022766413101853344,68.0,87.87,-19.870000000000005,1.0
3151602,Planura,MG,0.022749666690679904,62.0,77.22,-15.219999999999999,1.0
2926103,Retirolândia,BA,0.02272698122750827,44.0,49.59,-5.590000000000003,1.0
1721307,Tupiratins,TO,0.02272378286405896,49.0,70.4,-21.400000000000006,1.0
2804706,Nossa Senhora de Lourdes,SE,0.022707683428973113,44.0,56.13,-12.130000000000003,1.0
2203750,Fartura do Piauí,PI,0.02268406580448512,57.0,75.48,-18.480000000000004,1.0
3146909,Papagaios,MG,0.02264197851528782,63.0,81.91,-18.909999999999997,1.0
2925758,Presidente Tancredo Neves,BA,0.022631638876500215,47.0,47.11,-0.10999999999999943,1.0
2209500,Santo Inácio do Piauí,PI,0.02251190160480765,76.0,90.0,-14.0,1.0
4115457,Marquinho,PR,0.022503222641576226,77.0,93.94,-16.939999999999998,1.0
2923035,Novo Horizonte,BA,0.022501143875932494,70.0,86.51,-16.510000000000005,1.0
1100189,Pimenta Bueno,RO,0.02247789938492517,74.0,82.34,-8.340000000000003,1.0
5215603,Padre Bernardo,GO,0.022467537447303454,69.0,87.69,-18.689999999999998,1.0
2701308,Cajueiro,AL,0.022394585182171856,50.0,63.64,-13.64,1.0
2906824,Canudos,BA,0.022357219321217148,44.0,53.85,-9.850000000000001,1.0
5207253,Doverlândia,GO,0.022302193182918373,79.0,89.78,-10.780000000000001,1.0
4116059,Missal,PR,0.022208074854606297,80.0,90.74,-10.739999999999995,1.0
2916906,Itiruçu,BA,0.022195014023115633,55.0,91.58,-36.58,1.0
2705101,Matriz de Camaragibe,AL,0.02214447885087556,56.0,55.15,0.8500000000000014,1.0
4107157,Diamante D'Oeste,PR,0.022140288867949942,73.0,83.82,-10.819999999999993,1.0
2500775,Aparecida,PB,0.0220934263705439,60.0,100.0,-40.0,1.0
4107702,Fênix,PR,0.022074294480639023,72.0,94.44,-22.439999999999998,1.0
5204656,Campinaçu,GO,0.022052382810776483,75.0,88.7,-13.700000000000003,1.0
4127007,Teixeira Soares,PR,0.0220288745579853,78.0,96.0,-18.0,1.0
1507102,São Caetano de Odivelas,PA,0.02200214369452913,55.0,76.68,-21.680000000000007,1.0
4114906,Marilândia do Sul,PR,0.021985697863952658,76.0,84.67,-8.670000000000002,1.0
2201903,Bom Jesus,PI,0.021909683837505245,80.0,100.0,-20.0,1.0
3119302,Coromandel,MG,0.02188159489398389,60.0,85.98,-25.980000000000004,1.0
4110904,Itaguajé,PR,0.02187681198591529,69.0,70.84,-1.8400000000000034,1.0
3115003,Cascalho Rico,MG,0.021860881949268385,72.0,86.51,-14.510000000000005,1.0
3143153,Monte Formoso,MG,0.02180667819915183,64.0,93.33,-29.33,1.0
2209856,São João da Canabrava,PI,0.021799096615546465,80.0,100.0,-20.0,1.0
3114709,Carvalhópolis,MG,0.021752784247229262,78.0,92.86,-14.86,1.0
5107404,São Pedro da Cipa,MT,0.0216576574536953,76.0,90.93,-14.930000000000007,1.0
4116406,Nossa Senhora das Graças,PR,0.021650630693671347,80.0,89.51,-9.510000000000005,1.0
5106190,Nova Santa Helena,MT,0.02158982704704049,80.0,95.48,-15.480000000000004,1.0
5006309,Paranaíba,MS,0.021510026703230434,53.0,68.56,-15.560000000000002,1.0
2913309,Ichu,BA,0.021475740285915923,52.0,49.38,2.6199999999999974,1.0
5215652,Palestina de Goiás,GO,0.0214618688207332,80.0,96.91,-16.909999999999997,1.0
2709400,Viçosa,AL,0.021459737733189765,59.0,63.92,-4.920000000000002,1.0
5210802,Itajá,GO,0.021404242388300188,80.0,92.64,-12.64,1.0
3121506,Desterro do Melo,MG,0.021385530776507844,74.0,100.0,-26.0,1.0
3157500,Santa Efigênia de Minas,MG,0.02135852072703337,61.0,83.86,-22.86,1.0
2501708,Barra de São Miguel,PB,0.021329597595110883,70.0,94.45,-24.450000000000003,1.0
5218102,Portelândia,GO,0.0212910045076955,75.0,93.85,-18.849999999999994,1.0
5105622,Mirassol d'Oeste,MT,0.021268514892678114,65.0,76.91,-11.909999999999997,1.0
4103206,Bom Sucesso,PR,0.021260819363201677,66.0,64.4,1.5999999999999943,1.0
2505238,Cuité de Mamanguape,PB,0.021251022052344082,35.0,55.57,-20.57,1.0
2210623,Sebastião Barros,PI,0.021212796574667347,50.0,51.41,-1.4099999999999966,1.0
4126652,Sulina,PR,0.021200390802849967,72.0,83.23,-11.230000000000004,1.0
2914208,Irajuba,BA,0.021157065507479644,59.0,62.01,-3.009999999999998,1.0
3204609,Santa Teresa,ES,0.02115356725573536,80.0,90.21,-10.209999999999994,1.0
4127205,Terra Boa,PR,0.021143015252110486,80.0,94.74,-14.739999999999995,1.0
2916500,Itapicuru,BA,0.02101438471420658,51.0,60.84,-9.840000000000003,1.0
2100550,Amapá do Maranhão,MA,0.020987944144880366,48.0,64.35,-16.349999999999994,1.0
5203575,Bonópolis,GO,0.020955380874728702,64.0,76.1,-12.099999999999994,1.0
4123907,Santa Mariana,PR,0.020896345468746746,77.0,95.61,-18.61,1.0
3153103,Presidente Bernardes,MG,0.020823945048660586,68.0,85.46,-17.459999999999994,1.0
4121604,Renascença,PR,0.020800713082279265,75.0,74.89,0.10999999999999943,1.0
3204203,Piúma,ES,0.020780498151285576,71.0,81.01,-10.010000000000005,1.0
5210604,Itaguaru,GO,0.020710647150247063,80.0,97.82,-17.819999999999993,1.0
1100056,Cerejeiras,RO,0.020695732319865767,69.0,89.69,-20.689999999999998,1.0
2911659,Guajeru,BA,0.020607571502198607,52.0,54.37,-2.3699999999999974,1.0
4110003,Iguaraçu,PR,0.02058392009116672,65.0,74.26,-9.260000000000005,1.0
5105150,Juína,MT,0.0204628988415424,62.0,68.59,-6.590000000000003,1.0
5213772,Montividiu do Norte,GO,0.020438497172068915,69.0,93.98,-24.980000000000004,1.0
3153707,Quartel Geral,MG,0.020410131167921453,60.0,83.27,-23.269999999999996,1.0
5108956,Nova Monte Verde,MT,0.020402252309126734,78.0,93.86,-15.86,1.0
4121802,Ribeirão Claro,PR,0.020394492641137463,77.0,88.77,-11.769999999999996,1.0
4122008,Rio Azul,PR,0.020312276318288358,80.0,94.26,-14.260000000000005,1.0
3202801,Itapemirim,ES,0.020294709990843485,70.0,76.86,-6.859999999999999,1.0
2209153,Santa Cruz dos Milagres,PI,0.020220956010143065,66.0,77.54,-11.540000000000006,1.0
2928307,Santanópolis,BA,0.020198705132808414,41.0,53.65,-12.649999999999999,1.0
4124806,São João,PR,0.02015274443598658,80.0,86.71,-6.709999999999994,1.0
3202603,Iconha,ES,0.020049725122885165,78.0,87.7,-9.700000000000003,1.0
5209101,Goiatuba,GO,0.0200084059059068,74.0,87.78,-13.780000000000001,1.0
4100905,Amaporã,PR,0.020005401040873005,76.0,93.09,-17.090000000000003,1.0
5106307,Paranatinga,MT,0.01996096974810424,62.0,76.17,-14.170000000000002,1.0
3164407,São Sebastião da Bela Vista,MG,0.019897952268335684,73.0,98.61,-25.61,1.0
3112653,Capitão Andrade,MG,0.019886079396563283,59.0,71.3,-12.299999999999997,1.0
3203809,Muqui,ES,0.019884228421999328,71.0,74.37,-3.3700000000000045,1.0
4114500,Manoel Ribas,PR,0.019881670072990798,73.0,89.25,-16.25,1.0
2707909,Santa Luzia do Norte,AL,0.01983815199619754,54.0,64.86,-10.86,1.0
3200201,Alegre,ES,0.019788871069884695,73.0,75.2,-2.200000000000003,1.0
2111532,São Pedro da Água Branca,MA,0.01978592350819519,55.0,72.67,-17.67,1.0
2918357,João Dourado,BA,0.01975236363037669,56.0,70.44,-14.439999999999998,1.0
4114203,Mandaguari,PR,0.019716367010413682,80.0,93.0,-13.0,1.0
3149101,Pedralva,MG,0.0197138334996656,64.0,78.65,-14.650000000000006,1.0
3125002,Ewbank da Câmara,MG,0.019699516071846945,56.0,74.29,-18.290000000000006,1.0
3137304,Lagoa dos Patos,MG,0.019639220455496154,60.0,89.44,-29.439999999999998,1.0
5205059,Castelândia,GO,0.01963835340531439,80.0,84.21,-4.209999999999994,1.0
1718881,Santa Maria do Tocantins,TO,0.019605511365510697,49.0,83.69,-34.69,1.0
3120300,Cristália,MG,0.01951637506788173,50.0,78.88,-28.879999999999995,1.0
2918506,Jussara,BA,0.019489328685831864,48.0,58.49,-10.490000000000002,1.0
2210508,São Pedro do Piauí,PI,0.019483261483128955,64.0,87.03,-23.03,1.0
2502102,Boa Ventura,PB,0.019426612102407703,52.0,72.22,-20.22,1.0
4100509,Altônia,PR,0.019378403595873395,75.0,91.25,-16.25,1.0
2206050,Massapê do Piauí,PI,0.01937367149830216,62.0,89.17,-27.17,1.0
2702801,Flexeiras,AL,0.0192256457013803,56.0,59.86,-3.8599999999999994,1.0
2708303,São José da Laje,AL,0.019208705212616084,80.0,100.0,-20.0,1.0
3168101,Tapira,MG,0.01920331467859282,68.0,76.52,-8.519999999999996,1.0
3126000,Florestal,MG,0.019193194941275582,68.0,85.82,-17.819999999999993,1.0
3165305,São Vicente de Minas,MG,0.019177506224910656,70.0,97.22,-27.22,1.0
3119955,Córrego Fundo,MG,0.019101476871782985,74.0,98.34,-24.340000000000003,1.0
5107768,Santa Rita do Trivelato,MT,0.019099732201551478,72.0,82.11,-10.11,1.0
2900108,Abaíra,BA,0.019079842710333805,56.0,67.68,-11.680000000000007,1.0
3143450,Montezuma,MG,0.019069429418654082,67.0,92.47,-25.47,1.0
3202652,Irupi,ES,0.019052460854138142,73.0,87.63,-14.629999999999995,1.0
5105176,Juruena,MT,0.019029231504202326,69.0,88.25,-19.25,1.0
3204708,São Gabriel da Palha,ES,0.01900894155175925,76.0,87.46,-11.459999999999994,1.0
1100452,Buritis,RO,0.018956044049598386,64.0,76.0,-12.0,1.0
4107207,Dois Vizinhos,PR,0.018951523627514066,80.0,95.9,-15.900000000000006,1.0
2211605,Vila Nova do Piauí,PI,0.018929402515672322,80.0,100.0,-20.0,1.0
3123809,Engenheiro Navarro,MG,0.01891494190944898,62.0,78.42,-16.42,1.0
3200102,Afonso Cláudio,ES,0.018914781723391783,80.0,94.5,-14.5,1.0
4110953,Itaipulândia,PR,0.018896086219970964,80.0,89.62,-9.620000000000005,1.0
2612901,São Benedito do Sul,PE,0.018887266672207192,56.0,71.07,-15.069999999999993,1.0
2111003,São João Batista,MA,0.018884757333683,52.0,68.62,-16.620000000000005,1.0
4103156,Bom Jesus do Sul,PR,0.01884886641044614,80.0,100.0,-20.0,1.0
5214879,Nova Iguaçu de Goiás,GO,0.018815322645586052,80.0,91.67,-11.670000000000002,1.0
5103452,Denise,MT,0.018744674372743186,69.0,70.87,-1.8700000000000045,1.0
5101001,Araguaiana,MT,0.018744632619653534,80.0,81.72,-1.7199999999999989,1.0
5106216,Nova Canaã do Norte,MT,0.018678508316418596,68.0,80.17,-12.170000000000002,1.0
5217708,Pontalina,GO,0.018654334301655973,76.0,96.69,-20.689999999999998,1.0
3145604,Oliveira,MG,0.018645970477321083,64.0,82.48,-18.480000000000004,1.0
1101302,Mirante da Serra,RO,0.01863972874136044,69.0,86.69,-17.689999999999998,1.0
4117909,Palotina,PR,0.018627409663250605,74.0,86.46,-12.459999999999994,1.0
5209937,Inaciolândia,GO,0.018588734099054594,78.0,86.33,-8.329999999999998,1.0
4122800,Salgado Filho,PR,0.018574278255331866,80.0,96.47,-16.47,1.0
4105102,Centenário do Sul,PR,0.01857184336501505,67.0,77.11,-10.11,1.0
2609709,Orobó,PE,0.018450381476126432,70.0,88.28,-18.28,1.0
3135605,Jequitaí,MG,0.01842495542159983,59.0,78.96,-19.959999999999994,1.0
3555604,Uchoa,SP,0.018414449340277583,62.0,77.64,-15.64,1.0
5209952,Indiara,GO,0.018306092822913844,73.0,85.85,-12.849999999999994,1.0
3204054,Pedro Canário,ES,0.018251393152570516,74.0,88.66,-14.659999999999997,1.0
2201572,Belém do Piauí,PI,0.018233467985284246,80.0,100.0,-20.0,1.0
2910859,Filadélfia,BA,0.018196596040794266,44.0,53.18,-9.18,1.0
2709301,União dos Palmares,AL,0.018192091256564402,80.0,98.45,-18.450000000000003,1.0
1101757,Vale do Anari,RO,0.018184106802438205,57.0,73.98,-16.980000000000004,1.0
3144102,Muzambinho,MG,0.01818131996729766,61.0,76.19,-15.189999999999998,1.0
3203106,Jerônimo Monteiro,ES,0.018148806785998728,75.0,80.6,-5.599999999999994,1.0
3532108,Murutinga do Sul,SP,0.018134431134470108,68.0,76.5,-8.5,1.0
5212253,Lagoa Santa,GO,0.018104452436595975,80.0,100.0,-20.0,1.0
2208403,Piripiri,PI,0.0180805357288778,55.0,75.38,-20.379999999999995,1.0
2112233,Trizidela do Vale,MA,0.018035509907801006,69.0,89.2,-20.200000000000003,1.0
2110906,São Francisco do Maranhão,MA,0.017979939223508823,65.0,84.38,-19.379999999999995,1.0
4126702,Tamboara,PR,0.017975154731670995,63.0,85.01,-22.010000000000005,1.0
5108600,Vila Rica,MT,0.017949010227492734,63.0,79.87,-16.870000000000005,1.0
2102309,Buriti Bravo,MA,0.01792515226114022,54.0,75.2,-21.200000000000003,1.0
5202353,Arenópolis,GO,0.01790975012239282,80.0,97.37,-17.370000000000005,1.0
5106372,Pedra Preta,MT,0.017856741916187913,68.0,85.84,-17.840000000000003,1.0
5212105,Joviânia,GO,0.017820745640109492,68.0,70.57,-2.569999999999993,1.0
5207105,Diorama,GO,0.01780685214587452,80.0,93.51,-13.510000000000005,1.0
3155108,Rio do Prado,MG,0.0177922253384466,66.0,93.44,-27.439999999999998,1.0
2702504,Dois Riachos,AL,0.017677079864575007,63.0,66.79,-3.7900000000000063,1.0
3202504,Ibiraçu,ES,0.017626671410910344,73.0,84.92,-11.920000000000002,1.0
5105309,Luciara,MT,0.017613083515305883,58.0,77.98,-19.980000000000004,1.0
2911105,Formosa do Rio Preto,BA,0.017595871658551476,45.0,50.18,-5.18,1.0
4106308,Corbélia,PR,0.01759070657649542,77.0,90.89,-13.89,1.0
4102208,Atalaia,PR,0.017587124725042425,80.0,100.0,-20.0,1.0
3103702,Araponga,MG,0.0175863427144487,63.0,85.0,-22.0,1.0
5003900,Figueirão,MS,0.01758084303496943,69.0,98.36,-29.36,1.0
4104055,Campo Bonito,PR,0.017530116196855627,76.0,89.17,-13.170000000000002,1.0
5201306,Anicuns,GO,0.017471864959762606,80.0,96.96,-16.959999999999994,1.0
5221304,Três Ranchos,GO,0.017438840520984766,80.0,96.76,-16.760000000000005,1.0
2108405,Peri Mirim,MA,0.017393355130127297,56.0,78.04,-22.040000000000006,1.0
2205250,Jardim do Mulato,PI,0.01729001471196112,69.0,84.0,-15.0,1.0
2708709,São Miguel dos Milagres,AL,0.017259775074969674,56.0,50.23,5.770000000000003,1.0
3121902,Divinésia,MG,0.017205361859510382,61.0,82.04,-21.040000000000006,1.0
1200328,Jordão,AC,0.017121395820986707,38.0,64.54,-26.540000000000006,1.0
5210901,Itapaci,GO,0.017109405350681506,79.0,94.2,-15.200000000000003,1.0
2510303,Nova Palmeira,PB,0.017104305410680642,69.0,100.0,-31.0,1.0
5219803,São Domingos,GO,0.017092429928728725,62.0,78.96,-16.959999999999994,1.0
2701605,Canapi,AL,0.017063691331973052,62.0,79.42,-17.42,1.0
4113734,Luiziana,PR,0.017060871275509704,80.0,95.42,-15.420000000000002,1.0
5218904,Rubiataba,GO,0.017012717539438005,79.0,96.36,-17.36,1.0
2206670,Morro do Chapéu do Piauí,PI,0.016962610148479662,52.0,81.97,-29.97,1.0
4128658,Virmond,PR,0.016923011872736482,79.0,88.42,-9.420000000000002,1.0
3149200,Pedrinópolis,MG,0.01687062563495423,69.0,82.5,-13.5,1.0
5216403,Paraúna,GO,0.01684142025847679,70.0,100.0,-30.0,1.0
2207934,Pedro Laurentino,PI,0.016803092101931316,58.0,75.0,-17.0,1.0
3154408,Ressaquinha,MG,0.016781321658717485,67.0,73.92,-6.920000000000002,1.0
3203163,Laranja da Terra,ES,0.016642281980091544,80.0,96.36,-16.36,1.0
3101904,Alpinópolis,MG,0.016596675020152274,60.0,71.35,-11.349999999999994,1.0
5102637,Campo Novo do Parecis,MT,0.016542357362309246,71.0,84.02,-13.019999999999996,1.0
1718550,Riachinho,TO,0.016531359299479687,46.0,59.79,-13.79,1.0
5200555,Alto Horizonte,GO,0.016514358165225618,73.0,87.69,-14.689999999999998,1.0
5220702,Sítio d'Abadia,GO,0.01650297743929474,68.0,72.59,-4.590000000000003,1.0
2705408,Monteirópolis,AL,0.016473360123059777,56.0,89.25,-33.25,1.0
4111100,Itambé,PR,0.016470384367367363,80.0,95.11,-15.11,1.0
4126009,São Sebastião da Amoreira,PR,0.016461015754480002,80.0,100.0,-20.0,1.0
4301750,Barão do Triunfo,RS,0.016414656444906583,24.0,72.48,-48.480000000000004,1.0
4117453,Ouro Verde do Oeste,PR,0.016372652505817098,80.0,90.79,-10.790000000000006,1.0
3205309,Vitória,ES,0.016371917366346356,73.0,79.24,-6.239999999999995,1.0
2202083,Cajueiro da Praia,PI,0.01631229879648388,63.0,93.46,-30.459999999999994,1.0
5221700,Uruana,GO,0.0162812896099076,78.0,89.0,-11.0,1.0
2912202,Ibicoara,BA,0.016106445308479156,51.0,80.96,-29.959999999999994,1.0
2210656,Sigefredo Pacheco,PI,0.016038022051268586,62.0,71.78,-9.780000000000001,1.0
5200506,Aloândia,GO,0.016005676856942763,80.0,100.0,-20.0,1.0
3164803,São Sebastião do Rio Preto,MG,0.015972519331079016,73.0,100.0,-27.0,1.0
5101704,Barra do Bugres,MT,0.015963893997555934,65.0,71.75,-6.75,1.0
5205406,Ceres,GO,0.015960003644177934,80.0,96.26,-16.260000000000005,1.0
5218508,Quirinópolis,GO,0.015949800146572102,73.0,85.21,-12.209999999999994,1.0
5107040,Primavera do Leste,MT,0.01593965439228695,64.0,73.66,-9.659999999999997,1.0
2206100,Matias Olímpio,PI,0.015888791527551183,49.0,64.15,-15.150000000000006,1.0
5208905,Goiás,GO,0.015798029704401584,73.0,79.76,-6.760000000000005,1.0
3159308,Santa Rita de Jacutinga,MG,0.015797501844858397,60.0,75.52,-15.519999999999996,1.0
4127957,Tupãssi,PR,0.015796094366493096,75.0,90.53,-15.530000000000001,1.0
4122651,Rosário do Ivaí,PR,0.015787017270254333,74.0,95.04,-21.040000000000006,1.0
5219258,Santa Fé de Goiás,GO,0.015754227684717792,78.0,83.33,-5.329999999999998,1.0
5108105,Tesouro,MT,0.01570933106863981,63.0,75.48,-12.480000000000004,1.0
2901502,Anguera,BA,0.015676612848105842,58.0,69.98,-11.980000000000004,1.0
4123824,Santa Lúcia,PR,0.015625508436870272,80.0,88.15,-8.150000000000006,1.0
2806909,São Francisco,SE,0.01559840576774485,56.0,78.21,-22.209999999999994,1.0
3141900,Minduri,MG,0.015585237897579263,65.0,94.64,-29.64,1.0
3167400,Silvianópolis,MG,0.015572114685860727,67.0,77.79,-10.790000000000006,1.0
5216007,Panamá,GO,0.015543851075864423,77.0,92.2,-15.200000000000003,1.0
2202802,Conceição do Canindé,PI,0.015526858211142969,63.0,75.17,-12.170000000000002,1.0
3202256,Governador Lindenberg,ES,0.015498848646479657,72.0,81.79,-9.790000000000006,1.0
5201504,Aporé,GO,0.015456244040317979,71.0,91.72,-20.72,1.0
3203304,Mantenópolis,ES,0.015412074651045216,80.0,97.09,-17.090000000000003,1.0
4113403,Leópolis,PR,0.015367011475539316,80.0,91.46,-11.459999999999994,1.0
5105259,Lucas do Rio Verde,MT,0.015342665157749624,72.0,79.72,-7.719999999999999,1.0
3515129,Emilianópolis,SP,0.015307911959879128,63.0,82.76,-19.760000000000005,1.0
2108702,Pio XII,MA,0.015305559476747055,49.0,59.22,-10.219999999999999,1.0
5220603,Silvânia,GO,0.01529632369347711,80.0,94.18,-14.180000000000007,1.0
5007935,Sonora,MS,0.015291023112998237,63.0,94.13,-31.129999999999995,1.0
3126406,Fortuna de Minas,MG,0.015274876893195732,69.0,84.87,-15.870000000000005,1.0
5103007,Chapada dos Guimarães,MT,0.015259999099737187,63.0,71.79,-8.790000000000006,1.0
2513307,Santa Helena,PB,0.015221802538457174,66.0,62.2,3.799999999999997,1.0
4118303,Paranapoema,PR,0.015176619532981106,69.0,96.88,-27.879999999999995,1.0
4200556,Águas Frias,SC,0.015172575155325885,61.0,75.68,-14.680000000000007,1.0
2903235,Barro Alto,BA,0.015152105567490026,49.0,78.02,-29.019999999999996,1.0
5220157,São Luiz do Norte,GO,0.015143618928208591,77.0,96.84,-19.840000000000003,1.0
4101150,Ângulo,PR,0.015080584339788983,80.0,100.0,-20.0,1.0
4119657,Pitangueiras,PR,0.015073821886851135,80.0,91.11,-11.11,1.0
3109600,Cachoeira da Prata,MG,0.01505974837565871,66.0,87.03,-21.03,1.0
5219704,Santa Terezinha de Goiás,GO,0.014981871702840377,80.0,97.34,-17.340000000000003,1.0
3131604,Iraí de Minas,MG,0.014933616161914465,58.0,79.12,-21.120000000000005,1.0
2206654,Morro Cabeça no Tempo,PI,0.014928466314211186,48.0,100.0,-52.0,1.0
2807303,Telha,SE,0.014894356691213972,43.0,63.65,-20.65,1.0
4101051,Anahy,PR,0.014875198358466402,71.0,91.3,-20.299999999999997,1.0
2106102,Loreto,MA,0.014855781259303535,58.0,72.08,-14.079999999999998,1.0
5212907,Marzagão,GO,0.014851754843888343,80.0,100.0,-20.0,1.0
5220280,São Patrício,GO,0.014831246763140182,80.0,100.0,-20.0,1.0
3160504,Santo Antônio do Rio Abaixo,MG,0.014825089726034912,70.0,95.45,-25.450000000000003,1.0
5103502,Diamantino,MT,0.014815332718293495,66.0,80.34,-14.340000000000003,1.0
5206800,Damolândia,GO,0.014745889477159713,80.0,87.87,-7.8700000000000045,1.0
3536901,Pedranópolis,SP,0.014659256892556094,58.0,83.33,-25.33,1.0
3201407,Castelo,ES,0.014631236974418371,76.0,83.91,-7.909999999999997,1.0
5104203,Guiratinga,MT,0.014630031408039645,80.0,98.2,-18.200000000000003,1.0
2701001,Boca da Mata,AL,0.01460646368298002,76.0,87.5,-11.5,1.0
2700904,Belo Monte,AL,0.014554792626952806,80.0,100.0,-20.0,1.0
3132206,Itaguara,MG,0.014504708145639644,68.0,92.01,-24.010000000000005,1.0
5215900,Palminópolis,GO,0.01447626879507491,80.0,90.93,-10.930000000000007,1.0
4125357,São Jorge do Patrocínio,PR,0.014475226177813605,77.0,83.23,-6.230000000000004,1.0
2200509,Amarante,PI,0.014415966931197177,47.0,82.69,-35.69,1.0
5205208,Caturaí,GO,0.014379428271046213,74.0,86.32,-12.319999999999993,1.0
5103353,Confresa,MT,0.014375375974778004,56.0,65.17,-9.170000000000002,1.0
5101258,Araputanga,MT,0.014321409562763066,64.0,76.25,-12.25,1.0
3114907,Casa Grande,MG,0.0142655117923004,74.0,100.0,-26.0,1.0
3163102,São José da Varginha,MG,0.014248614743272991,67.0,93.33,-26.33,1.0
4112405,Japurá,PR,0.014152237933294343,76.0,98.98,-22.980000000000004,1.0
4120358,Pranchita,PR,0.014131862203634049,80.0,96.25,-16.25,1.0
4113759,Lunardelli,PR,0.014128019577630102,68.0,72.63,-4.6299999999999955,1.0
2706802,Piaçabuçu,AL,0.014103463906605884,54.0,70.52,-16.519999999999996,1.0
2202091,Caldeirão Grande do Piauí,PI,0.014098209227468517,80.0,100.0,-20.0,1.0
5106273,Novo Horizonte do Norte,MT,0.014062803461357132,71.0,90.36,-19.36,1.0
5209804,Hidrolina,GO,0.014059530997082459,74.0,97.25,-23.25,1.0
4116604,Nova América da Colina,PR,0.014024047500895587,71.0,86.94,-15.939999999999998,1.0
2206308,Miguel Leão,PI,0.013936503462411931,63.0,58.33,4.670000000000002,1.0
3138708,Luminárias,MG,0.01387726204267048,73.0,94.74,-21.739999999999995,1.0
3203502,Montanha,ES,0.013870095775909919,71.0,83.62,-12.620000000000005,1.0
3122108,Divino das Laranjeiras,MG,0.013855948513560867,60.0,59.29,0.7100000000000009,1.0
2709004,Tanque d'Arca,AL,0.013849392332277555,60.0,68.49,-8.489999999999995,1.0
2708105,Santana do Mundaú,AL,0.013707715783503494,80.0,100.0,-20.0,1.0
4107405,Enéas Marques,PR,0.013692203815806603,80.0,88.76,-8.760000000000005,1.0
2201960,Brasileira,PI,0.013612405543059869,55.0,91.2,-36.2,1.0
2104107,Fortaleza dos Nogueiras,MA,0.013515062104469289,62.0,84.96,-22.959999999999994,1.0
3201159,Brejetuba,ES,0.0134382730828424,73.0,81.85,-8.849999999999994,1.0
2924058,Pé de Serra,BA,0.013430667034283417,58.0,67.83,-9.829999999999998,1.0
3200300,Alfredo Chaves,ES,0.013316439157502247,77.0,88.13,-11.129999999999995,1.0
2505600,Diamante,PB,0.013307132072914007,49.0,46.65,2.3500000000000014,1.0
4103008,Boa Esperança,PR,0.013298921638887129,80.0,93.99,-13.989999999999995,1.0
5215256,Novo Planalto,GO,0.013125608104672004,80.0,94.44,-14.439999999999998,1.0
5213400,Moiporá,GO,0.013120833010782817,80.0,100.0,-20.0,1.0
5220058,São João da Paraúna,GO,0.013082459438015115,80.0,91.3,-11.299999999999997,1.0
2500700,São João do Rio do Peixe,PB,0.013072879621145672,60.0,78.27,-18.269999999999996,1.0
2911501,Gongogi,BA,0.013069540997924567,51.0,63.15,-12.149999999999999,1.0
2501575,Barra de Santana,PB,0.013059939456555703,51.0,77.78,-26.78,1.0
5219100,Santa Bárbara de Goiás,GO,0.013043898035882906,79.0,89.08,-10.079999999999998,1.0
1100072,Corumbiara,RO,0.012985276510625199,69.0,91.15,-22.150000000000006,1.0
1713809,Palmeiras do Tocantins,TO,0.012981167744206545,43.0,61.98,-18.979999999999997,1.0
5106224,Nova Mutum,MT,0.012964983709678801,72.0,86.86,-14.86,1.0
5101902,Brasnorte,MT,0.012950192352839895,65.0,82.37,-17.370000000000005,1.0
2508406,Lastro,PB,0.012945132643688795,46.0,22.2,23.8,0.0
2707206,Poço das Trincheiras,AL,0.012933237919550478,55.0,69.53,-14.530000000000001,1.0
2200251,Alagoinha do Piauí,PI,0.01289997494038364,61.0,76.86,-15.86,1.0
5212055,Jesúpolis,GO,0.012861071315466766,80.0,92.86,-12.86,1.0
5204300,Caçu,GO,0.01281488396783792,76.0,91.0,-15.0,1.0
2506509,Gurjão,PB,0.012737004525333218,76.0,93.53,-17.53,1.0
1721257,Tupirama,TO,0.01272601182270261,57.0,82.35,-25.349999999999994,1.0
4123105,Santa Amélia,PR,0.012719562391329986,80.0,100.0,-20.0,1.0
5207600,Fazenda Nova,GO,0.012692414112631667,80.0,100.0,-20.0,1.0
5221452,Trombas,GO,0.012667955024492028,80.0,100.0,-20.0,1.0
5102678,Campo Verde,MT,0.012656553745950871,68.0,85.71,-17.709999999999994,1.0
4106100,Conselheiro Mairinck,PR,0.012572337349020413,65.0,74.87,-9.870000000000005,1.0
3101201,Aiuruoca,MG,0.012548846352004817,67.0,95.15,-28.150000000000006,1.0
5103254,Colniza,MT,0.012485852311082679,60.0,78.57,-18.569999999999993,1.0
5108303,União do Sul,MT,0.01245689346100165,70.0,95.66,-25.659999999999997,1.0
3129301,Iapu,MG,0.012453877755349563,57.0,81.86,-24.86,1.0
5104526,Ipiranga do Norte,MT,0.01238134050877826,70.0,83.58,-13.579999999999998,1.0
5213756,Montividiu,GO,0.012369280222908396,73.0,89.75,-16.75,1.0
3119104,Corinto,MG,0.012367646167772861,59.0,78.81,-19.810000000000002,1.0
3148301,Paula Cândido,MG,0.012366186534381263,66.0,88.14,-22.14,1.0
2704609,Maravilha,AL,0.012344174253769435,74.0,98.84,-24.840000000000003,1.0
5200134,Acreúna,GO,0.012266246266600334,69.0,80.42,-11.420000000000002,1.0
4119251,Pinhal de São Bento,PR,0.012239015022259214,80.0,100.0,-20.0,1.0
3202702,Itaguaçu,ES,0.012218742654371062,77.0,85.0,-8.0,1.0
3104403,Argirita,MG,0.012127473345167727,67.0,89.57,-22.569999999999993,1.0
3134509,Itutinga,MG,0.012126619133288496,65.0,91.71,-26.709999999999994,1.0
3164431,São Sebastião da Vargem Alegre,MG,0.012100890335133285,66.0,82.78,-16.78,1.0
2513208,Santa Cruz,PB,0.012093252683916256,66.0,79.95,-13.950000000000003,1.0
3509809,Campos Novos Paulista,SP,0.012090750440555631,54.0,60.39,-6.390000000000001,1.0
2111763,Senador La Rocque,MA,0.012032715850210818,54.0,77.35,-23.349999999999994,1.0
2513604,Santana dos Garrotes,PB,0.012017698209736638,55.0,88.73,-33.730000000000004,1.0
5106182,Nova Lacerda,MT,0.011981959101433293,67.0,93.57,-26.569999999999993,1.0
2702306,Coruripe,AL,0.011958842617721621,80.0,99.38,-19.379999999999995,1.0
3108701,Brás Pires,MG,0.011824580552751152,66.0,97.2,-31.200000000000003,1.0
5214705,Nova América,GO,0.011782315853543168,80.0,93.33,-13.329999999999998,1.0
4119004,Pérola d'Oeste,PR,0.011774135619716186,80.0,97.22,-17.22,1.0
2917805,Jaguaripe,BA,0.01174404417728192,50.0,73.43,-23.430000000000007,1.0
3145505,Olímpio Noronha,MG,0.01172072404892821,71.0,96.88,-25.879999999999995,1.0
3172202,Wenceslau Braz,MG,0.01163860708395148,64.0,93.73,-29.730000000000004,1.0
3129905,Ibitiúra de Minas,MG,0.011616879566390126,58.0,69.08,-11.079999999999998,1.0
5105002,Jauru,MT,0.011614120789615101,63.0,70.6,-7.599999999999994,1.0
1700400,Almas,TO,0.011570352074907642,41.0,66.12,-25.120000000000005,1.0
2701902,Chã Preta,AL,0.011458757009234377,61.0,79.27,-18.269999999999996,1.0
4103479,Cafezal do Sul,PR,0.011400138234589297,67.0,76.91,-9.909999999999997,1.0
5212006,Jaupaci,GO,0.011326270098876434,80.0,86.54,-6.540000000000006,1.0
5103957,Glória D'Oeste,MT,0.01127454555318852,80.0,97.62,-17.620000000000005,1.0
4107256,Douradina,PR,0.01125129423052662,65.0,74.02,-9.019999999999996,1.0
3160603,Santo Hipólito,MG,0.0111663877071293,69.0,100.0,-31.0,1.0
5107792,Santo Antônio do Leste,MT,0.01116316190067268,70.0,85.67,-15.670000000000002,1.0
5211404,Itauçu,GO,0.011129038084421006,80.0,100.0,-20.0,1.0
5103205,Colíder,MT,0.011078582349986266,64.0,81.12,-17.120000000000005,1.0
4115507,Marumbi,PR,0.011017141603351988,68.0,79.97,-11.969999999999999,1.0
3165503,Sardoá,MG,0.010990067654306879,62.0,81.9,-19.900000000000006,1.0
1200351,Marechal Thaumaturgo,AC,0.010980272193049534,53.0,77.01,-24.010000000000005,1.0
3163607,São José do Mantimento,MG,0.010956580400191096,63.0,79.72,-16.72,1.0
5107941,Tabaporã,MT,0.010899412413728493,65.0,84.22,-19.22,1.0
4110656,Iracema do Oeste,PR,0.010848352812437012,80.0,100.0,-20.0,1.0
5219712,Santo Antônio da Barra,GO,0.010801310361069016,80.0,97.88,-17.879999999999995,1.0
2200608,Angical do Piauí,PI,0.010721720539479063,70.0,92.78,-22.78,1.0
3111903,Cana Verde,MG,0.010679165696594772,65.0,85.38,-20.379999999999995,1.0
5108501,Vera,MT,0.010653656660534971,56.0,67.82,-11.819999999999993,1.0
5106000,Nortelândia,MT,0.010622226792354361,63.0,65.81,-2.8100000000000023,1.0
1703909,Caseara,TO,0.010579197336102353,42.0,70.37,-28.370000000000005,1.0
4103024,Boa Esperança do Iguaçu,PR,0.010577150604299534,77.0,88.89,-11.89,1.0
5203939,Buriti de Goiás,GO,0.010564546457054735,80.0,100.0,-20.0,1.0
2506202,Frei Martinho,PB,0.010536916273776398,58.0,69.23,-11.230000000000004,1.0
3128253,Guaraciama,MG,0.0104853920327167,60.0,78.63,-18.629999999999995,1.0
5207352,Edealina,GO,0.010460462867620257,78.0,81.86,-3.8599999999999994,1.0
2931103,Tanquinho,BA,0.010390554693300413,44.0,64.27,-20.269999999999996,1.0
4118857,Perobal,PR,0.010368934828720588,68.0,74.96,-6.959999999999994,1.0
3100104,Abadia dos Dourados,MG,0.010364603129719319,70.0,90.44,-20.439999999999998,1.0
1715002,Nova Rosalândia,TO,0.010340324554533376,54.0,95.61,-41.61,1.0
2202752,Colônia do Gurguéia,PI,0.010204257301130837,67.0,82.58,-15.579999999999998,1.0
2507002,Itaporanga,PB,0.01008488844020694,43.0,70.69,-27.689999999999998,1.0
1718709,Rio dos Bois,TO,0.010068219144920953,43.0,60.25,-17.25,1.0
2503902,Camalaú,PB,0.010059803119718103,57.0,86.34,-29.340000000000003,1.0
4126405,Sertaneja,PR,0.010049905783309554,80.0,97.66,-17.659999999999997,1.0
5214101,Mutunópolis,GO,0.0100174434652045,80.0,97.73,-17.730000000000004,1.0
3129707,Ibiraci,MG,0.010003667018176898,55.0,68.17,-13.170000000000002,1.0
2510659,Parari,PB,0.009944066764465687,71.0,100.0,-29.0,1.0
2700805,Belém,AL,0.00992720140554948,67.0,73.77,-6.769999999999996,1.0
4106852,Cruzmaltina,PR,0.009922154841521813,80.0,100.0,-20.0,1.0
2922300,Muritiba,BA,0.009879018501003367,48.0,60.33,-12.329999999999998,1.0
4115853,Mercedes,PR,0.009850666645764616,80.0,87.56,-7.560000000000002,1.0
3133204,Itanhomi,MG,0.009795252476667238,60.0,77.94,-17.939999999999998,1.0
5219456,Santa Rita do Novo Destino,GO,0.00978431314759709,80.0,100.0,-20.0,1.0
3200136,Águia Branca,ES,0.009761824570436617,80.0,98.54,-18.540000000000006,1.0
5220504,Serranópolis,GO,0.009756628795928979,67.0,87.16,-20.159999999999997,1.0
3138351,Leme do Prado,MG,0.009686880717902469,66.0,91.75,-25.75,1.0
5105200,Juscimeira,MT,0.0096432037680102,64.0,69.28,-5.280000000000001,1.0
5221551,Turvelândia,GO,0.009579153347591185,74.0,93.2,-19.200000000000003,1.0
4117297,Novo Itacolomi,PR,0.009566010912597345,80.0,100.0,-20.0,1.0
5201603,Araçu,GO,0.009551456230705524,78.0,96.1,-18.099999999999994,1.0
2210409,São Miguel do Tapuio,PI,0.009537485401166168,53.0,96.27,-43.269999999999996,1.0
2910305,Elísio Medrado,BA,0.009531357116698724,53.0,83.25,-30.25,1.0
4112504,Jardim Alegre,PR,0.009501752335614344,70.0,82.31,-12.310000000000002,1.0
5108204,Torixoréu,MT,0.00950162705092128,80.0,91.39,-11.39,1.0
1101609,Theobroma,RO,0.009448958470348212,65.0,86.26,-21.260000000000005,1.0
2516300,Sumé,PB,0.009394180686789877,55.0,86.92,-31.92,1.0
2919603,Macajuba,BA,0.009389817394754196,44.0,72.22,-28.22,1.0
2202539,Caraúbas do Piauí,PI,0.009380939371136376,58.0,80.1,-22.099999999999994,1.0
2705606,Novo Lino,AL,0.009359224255637288,51.0,68.12,-17.120000000000005,1.0
5213053,Mimoso de Goiás,GO,0.009355008865232772,73.0,100.0,-27.0,1.0
3129004,Guiricema,MG,0.009284561398324342,62.0,84.66,-22.659999999999997,1.0
2201176,Barra D'Alcântara,PI,0.009257276359466826,70.0,91.5,-21.5,1.0
5219902,São Francisco de Goiás,GO,0.009225914465205043,69.0,92.8,-23.799999999999997,1.0
5100250,Alta Floresta,MT,0.00922308968674046,66.0,87.64,-21.64,1.0
2305100,Guaramiranga,CE,0.009212567623715917,67.0,100.0,-33.0,1.0
3149507,Pequeri,MG,0.009200504810699117,54.0,81.66,-27.659999999999997,1.0
2201150,Baixa Grande do Ribeiro,PI,0.00917171737143374,64.0,92.61,-28.61,1.0
3130804,Ingaí,MG,0.00916642358926123,66.0,92.55,-26.549999999999997,1.0
5106281,Novo São Joaquim,MT,0.00914170826776739,69.0,66.74,2.260000000000005,1.0
4102752,Bela Vista da Caroba,PR,0.009120711530802406,78.0,93.12,-15.120000000000005,1.0
2410603,Rafael Godeiro,RN,0.009105934008611372,53.0,95.45,-42.45,1.0
2703908,Jundiá,AL,0.00904059376717914,56.0,72.34,-16.340000000000003,1.0
5108006,Tapurah,MT,0.009024584385710632,67.0,84.72,-17.72,1.0
2923050,Novo Triunfo,BA,0.009022911776334963,47.0,58.54,-11.54,1.0
2505303,Curral Velho,PB,0.009022274823493825,58.0,86.96,-28.959999999999994,1.0
2501351,Assunção,PB,0.008986559559093221,64.0,78.24,-14.239999999999995,1.0
2202307,Canto do Buriti,PI,0.00898228711058513,39.0,56.55,-17.549999999999997,1.0
2924652,Pintadas,BA,0.008949314387210916,62.0,90.92,-28.92,1.0
2504074,Caraúbas,PB,0.008921825193764943,64.0,89.42,-25.42,1.0
5106174,Nova Nazaré,MT,0.008918819364284736,62.0,80.62,-18.620000000000005,1.0
4101655,Arapuã,PR,0.008907462533881527,67.0,81.61,-14.61,1.0
5204003,Cabeceiras,GO,0.008857923583094895,74.0,98.69,-24.689999999999998,1.0
4111605,Ivatuba,PR,0.008846542117003753,79.0,100.0,-21.0,1.0
5007802,Selvíria,MS,0.008829347189822534,50.0,69.07,-19.069999999999993,1.0
2706422,Pariconha,AL,0.008789764831424351,60.0,72.57,-12.569999999999993,1.0
3200359,Alto Rio Novo,ES,0.00866910612141325,72.0,95.97,-23.97,1.0
5216304,Paranaiguara,GO,0.008647785285637477,80.0,92.07,-12.069999999999993,1.0
3202108,Ecoporanga,ES,0.00862214726997046,74.0,87.24,-13.239999999999995,1.0
2915908,Itanagra,BA,0.008594218285982391,47.0,55.77,-8.770000000000003,1.0
5107750,Salto do Céu,MT,0.008574031157006723,80.0,94.44,-14.439999999999998,1.0
2503100,Cabaceiras,PB,0.008570813935773969,70.0,96.41,-26.409999999999997,1.0
3150109,Piau,MG,0.008567539115719947,52.0,58.18,-6.18,1.0
2517100,Várzea,PB,0.008563113020224167,65.0,91.3,-26.299999999999997,1.0
3125903,Ferros,MG,0.008550544699482243,58.0,100.0,-42.0,1.0
5102702,Canarana,MT,0.008440937777078106,54.0,75.03,-21.03,1.0
5106208,Nova Brasilândia,MT,0.008438063730934364,67.0,77.42,-10.420000000000002,1.0
5202601,Aurilândia,GO,0.008436270352517816,78.0,96.78,-18.78,1.0
5219209,Santa Cruz de Goiás,GO,0.008434649648934034,76.0,92.17,-16.17,1.0
5221502,Turvânia,GO,0.008393448353478106,76.0,100.0,-24.0,1.0
5215405,Ouro Verde de Goiás,GO,0.00838249124439061,80.0,96.77,-16.769999999999996,1.0
2204154,Francisco Macedo,PI,0.008363809040959125,69.0,88.24,-19.239999999999995,1.0
3157609,Santa Fé de Minas,MG,0.008358794755987331,55.0,78.67,-23.67,1.0
5213855,Morro Agudo de Goiás,GO,0.008344375726184072,80.0,100.0,-20.0,1.0
5204953,Campos Verdes,GO,0.008256113591726844,71.0,91.7,-20.700000000000003,1.0
3113800,Carmésia,MG,0.008235533149739127,53.0,79.65,-26.650000000000006,1.0
5208103,Formoso,GO,0.0081588563009799,75.0,92.11,-17.11,1.0
4107124,Diamante do Sul,PR,0.008135950502819678,74.0,100.0,-26.0,1.0
4126355,Serranópolis do Iguaçu,PR,0.00812977618220645,80.0,96.67,-16.67,1.0
1706258,Crixás do Tocantins,TO,0.00810180383464787,52.0,62.88,-10.880000000000003,1.0
4102703,Barra do Jacaré,PR,0.008084415309205562,71.0,96.77,-25.769999999999996,1.0
1703826,Cachoeirinha,TO,0.008075509127406844,51.0,81.33,-30.33,1.0
5104609,Itiquira,MT,0.008066389489433501,60.0,72.48,-12.480000000000004,1.0
2203107,Cristino Castro,PI,0.008056004836910269,65.0,100.0,-35.0,1.0
3168051,Taparuba,MG,0.00802379527561825,61.0,86.96,-25.959999999999994,1.0
5209291,Guaraíta,GO,0.007976115674631856,76.0,82.67,-6.670000000000002,1.0
5106703,Ponte Branca,MT,0.007936602841401852,78.0,88.87,-10.870000000000005,1.0
5106778,Porto Alegre do Norte,MT,0.007844024033544339,53.0,73.69,-20.689999999999998,1.0
5205703,Córrego do Ouro,GO,0.007802927327897002,79.0,100.0,-21.0,1.0
2205573,Lagoa de São Francisco,PI,0.007755189745702995,60.0,85.37,-25.370000000000005,1.0
2918209,Jiquiriçá,BA,0.00765257278791498,60.0,84.67,-24.67,1.0
2505709,Dona Inês,PB,0.007622561908268932,64.0,89.5,-25.5,1.0
5219001,Sanclerlândia,GO,0.007576727028308694,79.0,98.87,-19.870000000000005,1.0
2209203,Santa Filomena,PI,0.007535734440314079,51.0,74.64,-23.64,1.0
5100409,Alto Garças,MT,0.007528327190882478,59.0,83.82,-24.819999999999993,1.0
2514008,São João do Cariri,PB,0.0075030116899850174,52.0,70.93,-18.930000000000007,1.0
5106265,Novo Mundo,MT,0.007470621333967142,66.0,83.97,-17.97,1.0
3102209,Alvarenga,MG,0.007431090361810999,59.0,89.36,-30.36,1.0
5210307,Israelândia,GO,0.007419111969492076,80.0,100.0,-20.0,1.0
3136603,Nova União,MG,0.0073870215578025755,63.0,86.55,-23.549999999999997,1.0
5107743,Santa Cruz do Xingu,MT,0.007347341052423295,66.0,70.0,-4.0,1.0
5107065,Querência,MT,0.007310114293771597,68.0,90.7,-22.700000000000003,1.0
4118451,Pato Bragado,PR,0.0072835156163660875,80.0,98.76,-18.760000000000005,1.0
3154150,Reduto,MG,0.0072359108755879475,59.0,84.83,-25.83,1.0
1715259,Novo Jardim,TO,0.007213300505328091,47.0,78.33,-31.33,1.0
1704105,Centenário,TO,0.007189341718157327,48.0,71.43,-23.430000000000007,1.0
5212204,Jussara,GO,0.007183157557101305,69.0,87.96,-18.959999999999994,1.0
5107875,Sapezal,MT,0.007141061166450746,74.0,93.3,-19.299999999999997,1.0
5203104,Baliza,GO,0.007101156159702415,72.0,88.0,-16.0,1.0
5202809,Avelinópolis,GO,0.007051620414822102,75.0,91.02,-16.019999999999996,1.0
5200209,Água Limpa,GO,0.007050419618621517,74.0,100.0,-26.0,1.0
3150539,Pingo-d'Água,MG,0.007017433526343098,56.0,86.14,-30.14,1.0
3107604,Bom Jesus da Penha,MG,0.007005398208562719,65.0,85.06,-20.060000000000002,1.0
3153806,Queluzito,MG,0.006957943556754165,70.0,100.0,-30.0,1.0
2502607,Igaracy,PB,0.006921578218642477,52.0,60.47,-8.469999999999999,1.0
3111804,Canápolis,MG,0.006854851252746763,62.0,92.91,-30.909999999999997,1.0
2702702,Feliz Deserto,AL,0.006851703893061667,58.0,82.35,-24.349999999999994,1.0
2703403,Jacaré dos Homens,AL,0.00684583307973019,58.0,79.66,-21.659999999999997,1.0
5100805,Apiacás,MT,0.006751608154758504,64.0,87.19,-23.189999999999998,1.0
5106299,Paranaíta,MT,0.006730902273902717,70.0,93.44,-23.439999999999998,1.0
5107883,Serra Nova Dourada,MT,0.0067083219747521294,72.0,84.38,-12.379999999999995,1.0
2207108,Olho D'Água do Piauí,PI,0.006686316038747253,71.0,95.0,-24.0,1.0
3535903,Paranapuã,SP,0.006683317220347096,54.0,75.08,-21.08,1.0
2211704,Wall Ferraz,PI,0.006681169112456753,58.0,93.33,-35.33,1.0
5211008,Itapirapuã,GO,0.00664124521967957,56.0,63.62,-7.619999999999997,1.0
2209351,Santana do Piauí,PI,0.006628443984879606,55.0,73.41,-18.409999999999997,1.0
2201556,Bela Vista do Piauí,PI,0.006627597663404816,70.0,100.0,-30.0,1.0
2706208,Palestina,AL,0.00661363533673287,55.0,77.35,-22.349999999999994,1.0
4121307,Rancho Alegre,PR,0.0065696047558208015,78.0,96.63,-18.629999999999995,1.0
5218706,Rianápolis,GO,0.006511936836199883,78.0,96.08,-18.08,1.0
2908804,Contendas do Sincorá,BA,0.006483778158687947,48.0,82.0,-34.0,1.0
2517001,Umbuzeiro,PB,0.0064706108817945696,58.0,89.0,-31.0,1.0
3165602,Senador Cortes,MG,0.006428398955316661,60.0,92.86,-32.86,1.0
5205455,Cezarina,GO,0.0063450782837428665,60.0,76.55,-16.549999999999997,1.0
5212808,Mara Rosa,GO,0.00629037543161004,74.0,97.69,-23.689999999999998,1.0
2202251,Canavieira,PI,0.006246169615158559,65.0,81.63,-16.629999999999995,1.0
2900306,Acajutiba,BA,0.006190511039368518,45.0,56.47,-11.469999999999999,1.0
5104500,Indiavaí,MT,0.00608750085373333,62.0,83.33,-21.33,1.0
5209606,Heitoraí,GO,0.0060719966420812455,66.0,66.67,-0.6700000000000017,1.0
4107553,Farol,PR,0.006034993185501603,78.0,97.34,-19.340000000000003,1.0
5219506,Santa Rosa de Goiás,GO,0.00603160606756048,80.0,100.0,-20.0,1.0
3158706,Santana do Garambéu,MG,0.006026439000775707,63.0,90.0,-27.0,1.0
5210158,Ipiranga de Goiás,GO,0.005921014541831693,80.0,100.0,-20.0,1.0
3157302,Santa Bárbara do Tugúrio,MG,0.0059035499259209034,65.0,92.46,-27.459999999999994,1.0
4120200,Porto Rico,PR,0.005898178114143948,70.0,92.52,-22.519999999999996,1.0
2202653,Caxingó,PI,0.00589544399495856,45.0,83.61,-38.61,1.0
1101484,São Felipe D'Oeste,RO,0.00586733155767849,66.0,84.3,-18.299999999999997,1.0
5202155,Araguapaz,GO,0.005850240780963301,61.0,84.46,-23.459999999999994,1.0
3150208,Piedade de Ponte Nova,MG,0.005838721169438399,56.0,84.72,-28.72,1.0
3116902,Comendador Gomes,MG,0.00578382645771669,56.0,80.36,-24.36,1.0
3136520,José Gonçalves de Minas,MG,0.0057698066212185095,55.0,83.97,-28.97,1.0
3150307,Piedade do Rio Grande,MG,0.005738119206524783,52.0,87.75,-35.75,1.0
5216809,Petrolina de Goiás,GO,0.005708586720184705,69.0,95.91,-26.909999999999997,1.0
2210938,Sussuapara,PI,0.0056784758149974746,51.0,74.81,-23.810000000000002,1.0
2925931,Quixabeira,BA,0.005660483889592505,58.0,75.63,-17.629999999999995,1.0
2104081,Fernando Falcão,MA,0.005487345017618495,53.0,97.22,-44.22,1.0
5201454,Aparecida do Rio Doce,GO,0.005477268168099569,69.0,90.8,-21.799999999999997,1.0
2209955,São João da Varjota,PI,0.005468725485885617,66.0,93.18,-27.180000000000007,1.0
2904753,Buritirama,BA,0.00538590332008726,38.0,44.32,-6.32,1.0
2918753,Lagoa Real,BA,0.00537850111841387,46.0,54.87,-8.869999999999997,1.0
5100201,Água Boa,MT,0.0053128880382731225,69.0,90.68,-21.680000000000007,1.0
5218789,Rio Quente,GO,0.00529971987865363,80.0,100.0,-20.0,1.0
2911006,Floresta Azul,BA,0.005231288497460129,40.0,53.92,-13.920000000000002,1.0
3122900,Dona Euzébia,MG,0.005103482130532244,63.0,89.2,-26.200000000000003,1.0
5209408,Guarani de Goiás,GO,0.005083811241251235,54.0,67.14,-13.14,1.0
4128302,Uniflor,PR,0.005077165612604628,70.0,95.64,-25.64,1.0
3146701,Palma,MG,0.0050365116503007235,51.0,80.86,-29.86,1.0
2206951,Novo Santo Antônio,PI,0.0049930299895641905,64.0,95.56,-31.560000000000002,1.0
2705507,Murici,AL,0.0049906853474156465,66.0,91.48,-25.480000000000004,1.0
2200103,Agricolândia,PI,0.004946371929672622,54.0,80.81,-26.810000000000002,1.0
2508109,Lagoa,PB,0.0049025280802103,49.0,76.53,-27.53,1.0
2701357,Campestre,AL,0.004843344489006474,60.0,89.3,-29.299999999999997,1.0
4108106,Flórida,PR,0.0048255303417553685,71.0,97.21,-26.209999999999994,1.0
4116307,Munhoz de Melo,PR,0.004808076011532991,66.0,71.43,-5.430000000000007,1.0
3138005,Laranjal,MG,0.0048013409437456245,59.0,96.29,-37.290000000000006,1.0
2514602,São José do Bonfim,PB,0.004770939278424979,37.0,71.35,-34.349999999999994,1.0
5218607,Rialma,GO,0.00476922008478331,74.0,94.45,-20.450000000000003,1.0
5203559,Bonfinópolis,GO,0.004767545364976478,69.0,99.11,-30.11,1.0
2201739,Betânia do Piauí,PI,0.004744824324883878,60.0,85.01,-25.010000000000005,1.0
5213905,Mossâmedes,GO,0.004663121466072839,80.0,94.97,-14.969999999999999,1.0
2910909,Firmino Alves,BA,0.004634148405988081,57.0,82.25,-25.25,1.0
1600709,Tartarugalzinho,AP,0.004580023653824483,54.0,57.68,-3.6799999999999997,1.0
5003504,Douradina,MS,0.004566382815480163,52.0,72.2,-20.200000000000003,1.0
3204955,São Roque do Canaã,ES,0.004535014415103733,77.0,96.0,-19.0,1.0
4110052,Iguatu,PR,0.0044912209963451355,57.0,89.47,-32.47,1.0
2500403,Alagoa Nova,PB,0.004447613129336947,58.0,91.5,-33.5,1.0
3123403,Doresópolis,MG,0.004444974075708985,58.0,100.0,-42.0,1.0
3167004,Serranos,MG,0.004413022341984818,58.0,88.0,-30.0,1.0
5107248,Santa Carmem,MT,0.004345781038245344,75.0,84.79,-9.790000000000006,1.0
2928950,São Domingos,BA,0.004214202196256789,49.0,73.57,-24.569999999999993,1.0
5203962,Buritinópolis,GO,0.004152328922294446,64.0,74.14,-10.14,1.0
2201988,Brejo do Piauí,PI,0.004124148163414332,65.0,91.43,-26.430000000000007,1.0
5208509,Goiandira,GO,0.004100063643105556,62.0,65.59,-3.5900000000000034,1.0
2706000,Olivença,AL,0.004061676929881464,64.0,91.58,-27.58,1.0
2513158,Santa Cecília,PB,0.004057799994102385,38.0,72.92,-34.92,1.0
4107538,Entre Rios do Oeste,PR,0.00405761352645706,80.0,88.55,-8.549999999999997,1.0
4120853,Quatro Pontes,PR,0.003989925490503254,80.0,98.65,-18.650000000000006,1.0
5221577,Uirapuru,GO,0.003952060040658734,58.0,90.96,-32.959999999999994,1.0
2701209,Cacimbinhas,AL,0.003745471734667327,53.0,86.08,-33.08,1.0
1718006,Porto Alegre do Tocantins,TO,0.0037386563484712587,30.0,60.36,-30.36,1.0
2102754,Capinzal do Norte,MA,0.0037097582193243994,56.0,87.08,-31.08,1.0
2513984,São Francisco,PB,0.003678790041632296,68.0,100.0,-32.0,1.0
5107263,Santo Afonso,MT,0.003526445043069426,66.0,94.0,-28.0,1.0
2204352,Geminiano,PI,0.0033711320364949726,45.0,71.87,-26.870000000000005,1.0
2707008,Pindoba,AL,0.0033256734097080187,52.0,75.86,-23.86,1.0
5106455,Planalto da Serra,MT,0.0033091975013800345,69.0,97.37,-28.370000000000005,1.0
5215504,Ouvidor,GO,0.0032623454751754544,72.0,93.7,-21.700000000000003,1.0
5200175,Água Fria de Goiás,GO,0.0032527126636396897,67.0,91.83,-24.83,1.0
2907400,Catolândia,BA,0.0031998029658968363,35.0,47.06,-12.060000000000002,1.0
2703502,Jacuípe,AL,0.003104437754126166,67.0,92.86,-25.86,1.0
1716307,Pau D'Arco,TO,0.0030838423688833716,28.0,44.35,-16.35,1.0
3154705,Ribeirão Vermelho,MG,0.003046876143121824,61.0,93.33,-32.33,1.0
5203609,Brazabrantes,GO,0.003042017371294725,64.0,80.85,-16.849999999999994,1.0
5107206,Rio Branco,MT,0.0030413773541392297,63.0,78.52,-15.519999999999996,1.0
5207501,Estrela do Norte,GO,0.0030365720771433624,73.0,100.0,-27.0,1.0
4107520,Esperança Nova,PR,0.0030098355473421323,60.0,77.78,-17.78,1.0
2202059,Cabeceiras do Piauí,PI,0.002970426119733083,45.0,76.04,-31.040000000000006,1.0
5102686,Campos de Júlio,MT,0.002911261640375029,63.0,81.16,-18.159999999999997,1.0
1100346,Alvorada D'Oeste,RO,0.002902736957555052,52.0,79.8,-27.799999999999997,1.0
2203271,Curral Novo do Piauí,PI,0.002900830011358879,41.0,77.86,-36.86,1.0
2209906,São João da Serra,PI,0.002781847623341771,64.0,96.92,-32.92,1.0
2205300,Jerumenha,PI,0.0027215102013746773,50.0,60.88,-10.880000000000003,1.0
2205359,João Costa,PI,0.0026344860910664236,65.0,91.89,-26.89,1.0
2209609,São Félix do Piauí,PI,0.0026249080005061876,56.0,87.15,-31.150000000000006,1.0
2513653,Joca Claudino,PB,0.0024492856245716954,59.0,76.02,-17.019999999999996,1.0
5107578,Rondolândia,MT,0.002390068449106164,52.0,73.44,-21.439999999999998,1.0
2502201,Bom Jesus,PB,0.002370844059990884,50.0,88.89,-38.89,1.0
5102694,Canabrava do Norte,MT,0.0023108120769333995,56.0,59.28,-3.280000000000001,1.0
2205557,Lagoa Alegre,PI,0.0022517162016921777,46.0,79.88,-33.879999999999995,1.0
3165800,Senador José Bento,MG,0.00224681154625872,56.0,88.89,-32.89,1.0
2512036,Poço Dantas,PB,0.002205310147107009,48.0,74.61,-26.61,1.0
5108857,Nova Marilândia,MT,0.0021881249268932423,61.0,85.48,-24.480000000000004,1.0
2517209,Vieirópolis,PB,0.0021322325150707755,51.0,95.15,-44.150000000000006,1.0
2919900,Macururé,BA,0.001957039179579234,24.0,46.48,-22.479999999999997,1.0
2205102,Itaueira,PI,0.0018915774412134878,49.0,65.03,-16.03,1.0
2504207,Catingueira,PB,0.0018432070386186217,55.0,66.36,-11.36,1.0
1717800,Ponte Alta do Bom Jesus,TO,0.001840290749334339,33.0,77.78,-44.78,1.0
2208601,Prata do Piauí,PI,0.0017587224767633414,39.0,68.63,-29.629999999999995,1.0
2202174,Campo Largo do Piauí,PI,0.0017512298501327628,43.0,66.59,-23.590000000000003,1.0
1703867,Cariri do Tocantins,TO,0.0017034721367500394,41.0,75.64,-34.64,1.0
2406908,Lucrécia,RN,0.0016732006495294716,24.0,66.07,-42.06999999999999,1.0
2515609,Serra da Raiz,PB,0.0016677063988710383,43.0,85.55,-42.55,1.0
5209150,Gouvelândia,GO,0.0016638885967041883,59.0,80.63,-21.629999999999995,1.0
2111250,São José dos Basílios,MA,0.0016584324657088478,38.0,79.04,-41.040000000000006,1.0
1600055,Serra do Navio,AP,0.0015990087875371595,55.0,69.59,-14.590000000000003,1.0
2210383,São Miguel da Baixa Grande,PI,0.0015456700537915813,49.0,65.22,-16.22,1.0
3201803,Divino de São Lourenço,ES,0.0014900953198571099,62.0,90.32,-28.319999999999993,1.0
5101852,Bom Jesus do Araguaia,MT,0.001478402851241456,54.0,68.66,-14.659999999999997,1.0
1200450,Senador Guiomard,AC,0.0014562957955215339,34.0,54.42,-20.42,1.0
2703759,Jequiá da Praia,AL,0.001381961261111897,65.0,91.65,-26.650000000000006,1.0
5103361,Conquista D'Oeste,MT,0.0013282350380934282,59.0,98.46,-39.459999999999994,1.0
4112603,Jardim Olinda,PR,0.0012794935820541475,64.0,84.62,-20.620000000000005,1.0
2205524,Júlio Borges,PI,0.0012510881070355584,61.0,100.0,-39.0,1.0
2706109,Ouro Branco,AL,0.0012293460760127717,45.0,90.03,-45.03,1.0
1718501,Recursolândia,TO,0.001182233746828354,24.0,53.26,-29.259999999999998,1.0
5209457,Guarinos,GO,0.0011173463830562724,66.0,96.19,-30.189999999999998,1.0
3125309,Faria Lemos,MG,0.001061659782991553,40.0,69.72,-29.72,1.0
2209971,São João do Arraial,PI,0.000983709534220445,55.0,98.4,-43.400000000000006,1.0
5215801,Palmelo,GO,0.000962439670515236,52.0,96.02,-44.019999999999996,1.0
2206001,Marcos Parente,PI,0.0008915117342436218,47.0,87.76,-40.760000000000005,1.0
2205581,Lagoa do Piauí,PI,0.0008205520818883594,30.0,57.68,-27.68,1.0
2506608,Ibiara,PB,0.0007187354951890823,38.0,85.82,-47.81999999999999,1.0
2205599,Lagoa do Sítio,PI,0.0006805602785959763,38.0,74.83,-36.83,1.0
3167509,Simão Pereira,MG,0.0006648805171058925,32.0,89.83,-57.83,1.0
2516151,Sossêgo,PB,0.0006477837972694855,44.0,96.0,-52.0,1.0
5102793,Carlinda,MT,0.0004523859926554019,60.0,93.3,-33.3,1.0
5103437,Curvelândia,MT,0.0004460430395157866,55.0,84.01,-29.010000000000005,1.0
2505808,Duas Estradas,PB,0.0003893405439174824,35.0,95.45,-60.45,1.0
2515807,Serra Redonda,PB,0.00033073865513189027,40.0,96.02,-56.019999999999996,1.0
2206753,Nossa Senhora de Nazaré,PI,0.00020991925430413616,47.0,93.94,-46.94,1.0
2101939,Bernardo do Mearim,MA,9.995777424509633e-05,38.0,95.12,-57.120000000000005,1.0
5101209,Araguainha,MT,5.429977329562963e-05,47.0,92.86,-45.86,1.0
5214804,Nova Aurora,GO,3.3684320534854706e-05,39.0,86.36,-47.36,1.0
2515005,São Miguel de Taipu,PB,3.205915786586022e-05,34.0,95.19,-61.19,1.0
